customer_id,first_name,last_name,email,country,signup_date
1,William,Smith,robertsimmons@example.com,FR,2025-04-18
2,George,Cameron,bkim@example.net,ES,2025-02-09
3,Anna,Gomez,jalexander@example.com,NL,2025-12-15
4,Daniel,James,lisa60@example.com,BE,2024-07-27
5,Bailey,Fernandez,jamie47@example.org,BE,2023-10-21
6,Kenneth,Mckee,tonya96@example.com,FR,2026-01-12
7,John,Cooke,gardnerrobert@example.net,ES,2023-02-11
8,Kaylee,Melton,fordtommy@example.com,BE,2024-06-03
9,Paula,Garcia,riley53@example.org,NL,2026-01-20
10,John,Guerra,herbert14@example.com,DE,2025-06-07
11,Tammy,Cruz,fergusonbeth@example.com,FR,2024-06-25
12,Scott,Barrett,kristina05@example.org,ES,2023-09-27
13,Alexandra,Ramos,maria47@example.net,FR,2024-03-11
14,Jessica,Ali,gonzalezamy@example.com,BE,2024-05-10
15,Stephanie,Gonzalez,bridget52@example.net,ES,2024-12-19
16,Sean,Ferguson,joevega@example.com,DE,2025-09-06
17,William,Yang,cbryant@example.com,DE,2023-10-19
18,Joshua,Rodriguez,jamesnicholson@example.net,DE,2023-02-03
19,Lisa,Smith,amunoz@example.com,FR,2024-06-28
20,Tammy,Olsen,powersdylan@example.com,BE,2024-01-01
21,Susan,Brown,david40@example.net,ES,2023-05-04
22,Cody,Cisneros,josethompson@example.com,FR,2023-09-22
23,Richard,Johnson,whitejonathan@example.com,NL,2023-05-22
24,Alyssa,Hernandez,dhill@example.com,ES,2023-08-30
25,Jill,Morgan,maria92@example.net,BE,2025-06-25
26,Justin,Mclean,kaylaosborne@example.org,NL,2023-06-21
27,David,Spencer,spencerblair@example.org,FR,2023-11-26
28,Brittany,Morris,guzmansarah@example.net,FR,2024-04-01
29,Kevin,Jackson,wellsmario@example.com,FR,2024-10-09
30,Catherine,Robbins,hannah77@example.net,FR,2024-11-09
31,Amanda,Holt,molson@example.net,DE,2024-07-30
32,Kristina,Hughes,denisegarcia@example.com,ES,2025-02-20
33,Brandon,Garcia,sabrinacase@example.org,ES,2025-05-21
34,Lauren,Rodriguez,lcompton@example.com,FR,2025-06-13
35,Christopher,Gillespie,barbara47@example.net,DE,2023-04-05
36,Annette,Moore,maryryan@example.org,NL,2025-10-09
37,Brian,Miller,schmittandrew@example.org,NL,2023-11-29
38,James,King,adamrose@example.com,ES,2023-05-15
39,Gina,Santana,thompsonsarah@example.com,FR,2026-02-02
40,Michael,Juarez,bmiller@example.com,FR,2025-06-08
41,Tiffany,Howard,johnsanders@example.org,NL,2023-08-08
42,Michael,Burton,ppearson@example.org,NL,2024-06-29
43,Briana,Spencer,erobinson@example.net,NL,2023-12-04
44,Derek,Ross,coxbrittany@example.com,FR,2023-09-02
45,David,Young,zstewart@example.net,ES,2025-08-27
46,Erin,Lopez,thudson@example.com,DE,2025-11-19
47,Kimberly,Williams,allenjoseph@example.com,NL,2024-08-15
48,Samantha,Herrera,crystal58@example.com,DE,2025-10-18
49,Sandra,Pearson,gvargas@example.org,BE,2023-02-08
50,Bonnie,Burch,nbowman@example.com,FR,2023-02-20
51,Charles,Smith,hgonzalez@example.org,BE,2026-01-10
52,Anna,Scott,zamorabrad@example.net,BE,2024-08-10
53,Matthew,Patterson,priceerika@example.net,NL,2025-05-13
54,Elizabeth,Lewis,jeffrey93@example.org,BE,2025-04-19
55,Joseph,Phillips,ibonilla@example.com,ES,2026-01-06
56,Catherine,Villanueva,lori35@example.com,NL,2025-01-02
57,Bruce,King,kevinwallace@example.net,NL,2024-09-01
58,Amber,Stevens,elaine84@example.net,NL,2024-02-22
59,Todd,Owens,timothybrooks@example.net,DE,2024-12-24
60,Michael,Madden,lawsonmarissa@example.com,ES,2023-07-14
61,Brandon,Wallace,bradykarl@example.com,ES,2026-01-10
62,Shane,Mcpherson,lewiskayla@example.net,FR,2023-12-29
63,Stephen,King,john25@example.net,DE,2023-09-04
64,John,Howard,castromichelle@example.com,BE,2023-03-30
65,Victoria,Rich,harrisdeborah@example.org,DE,2025-11-27
66,Amy,Schwartz,jacksonchristopher@example.net,FR,2025-01-24
67,Jennifer,White,dennisbarrett@example.com,ES,2025-07-17
68,Brian,Aguirre,garciarussell@example.org,DE,2025-03-17
69,Victoria,Murphy,woodjessica@example.org,NL,2025-05-14
70,Shannon,Tran,douglas96@example.com,FR,2023-09-12
71,Marco,Li,jenningsanthony@example.org,NL,2023-11-12
72,Kelly,Diaz,nancypatel@example.com,NL,2023-04-27
73,Karen,Michael,bcurry@example.com,DE,2024-11-20
74,Joshua,Bauer,mark18@example.net,FR,2024-06-17
75,David,Diaz,jameswebb@example.net,FR,2023-08-23
76,John,Hartman,gstevenson@example.com,DE,2025-10-16
77,Diana,Cole,mary07@example.net,ES,2023-07-20
78,Catherine,Lee,ldean@example.com,DE,2024-03-11
79,Christina,George,emorgan@example.com,DE,2024-12-18
80,Lorraine,Turner,jennifer49@example.com,DE,2024-03-11
81,Lisa,Dunn,thompsonjessica@example.org,NL,2023-10-08
82,Robert,Lin,anthonyrichards@example.net,DE,2025-02-26
83,Michelle,Peterson,petersonjames@example.org,ES,2024-11-24
84,Darren,Townsend,bennettstephanie@example.com,NL,2024-08-30
85,Judith,Schroeder,dwinters@example.com,DE,2023-12-17
86,Lee,Terry,kbowen@example.com,FR,2025-12-21
87,Toni,Nguyen,aroberts@example.com,FR,2023-08-09
88,Sarah,Lee,kimberlydavis@example.org,BE,2024-01-18
89,Wanda,Hahn,kristenallen@example.org,ES,2023-11-09
90,Eugene,Santana,wesley29@example.com,DE,2023-12-03
91,Melissa,Cardenas,jcarter@example.net,FR,2024-12-13
92,Shelby,Crawford,qshaw@example.net,BE,2025-10-18
93,Jason,Johnson,lynncassandra@example.org,ES,2023-10-22
94,Jillian,Murphy,holly31@example.com,ES,2024-10-05
95,Charles,Cook,tuckerbrian@example.net,DE,2023-04-05
96,Logan,Vincent,wendy02@example.com,DE,2024-12-23
97,Derek,Wilson,mark98@example.org,BE,2024-04-26
98,Cody,Webb,fisherpaige@example.net,BE,2025-01-30
99,Todd,Chapman,dennis07@example.org,DE,2025-07-11
100,Crystal,Morris,vhall@example.net,FR,2023-03-05
101,Dana,Reed,fwilson@example.org,FR,2023-04-07
102,Bruce,Perez,fosterjennifer@example.net,NL,2025-07-22
103,Cheryl,Cohen,josephdawn@example.org,FR,2024-01-09
104,Richard,Yates,scott94@example.org,BE,2024-09-28
105,Jeremy,Reyes,philip85@example.org,DE,2024-12-08
106,Lori,Friedman,chamberscharles@example.net,NL,2023-09-05
107,Lisa,Holloway,afox@example.org,NL,2024-08-20
108,Cynthia,Ramirez,walkermary@example.com,BE,2023-06-30
109,Jennifer,Harper,xbrewer@example.org,NL,2025-07-17
110,Andrew,Kelly,ricknichols@example.org,BE,2025-06-14
111,Marilyn,Rice,mendozalauren@example.org,DE,2025-05-08
112,Stacy,Smith,johnyoder@example.com,BE,2024-06-22
113,Gerald,Long,jamesnavarro@example.org,ES,2023-02-07
114,Julia,Wright,collin79@example.com,BE,2025-08-13
115,Christina,Brown,qwilliams@example.com,DE,2025-03-26
116,Anna,Baker,francis80@example.org,DE,2024-04-18
117,Brandon,Harris,watsonjason@example.org,ES,2024-02-12
118,Charles,Howard,vincentdaniel@example.org,DE,2025-10-08
119,Samantha,Peters,jeanhutchinson@example.com,BE,2024-06-17
120,Victoria,Hughes,ncervantes@example.com,BE,2024-06-24
121,Joe,Parker,duncanwilliam@example.net,ES,2023-09-18
122,Alexandra,Porter,lsavage@example.com,FR,2024-02-08
123,Stephanie,Donaldson,robertsimpson@example.net,BE,2024-10-08
124,William,Solis,amy53@example.org,FR,2023-08-31
125,Leah,Brown,mdiaz@example.com,DE,2025-03-04
126,Michael,Weber,edwardsclinton@example.com,BE,2025-11-10
127,Adam,Burke,weaveranthony@example.org,NL,2023-04-21
128,Jennifer,Mercer,lramsey@example.org,FR,2024-12-18
129,Cynthia,Soto,rreeves@example.com,BE,2024-03-26
130,Deborah,Anderson,obrown@example.com,FR,2024-03-09
131,Austin,Smith,myersjulie@example.com,DE,2024-01-10
132,Kathleen,Martin,jenniferhernandez@example.com,DE,2023-11-03
133,Christopher,Noble,mark80@example.org,NL,2023-12-15
134,Charlotte,Stafford,fuentesdaniel@example.com,BE,2025-07-10
135,Catherine,Skinner,kanesamantha@example.net,BE,2024-02-21
136,Ivan,Robertson,anaortiz@example.net,ES,2024-08-18
137,Colin,Klein,smithsarah@example.com,FR,2023-02-10
138,William,Burns,rsmith@example.org,FR,2024-12-29
139,Michael,Williams,phillipsmichael@example.com,ES,2025-11-09
140,Levi,Nelson,raymondbriggs@example.com,FR,2023-04-21
141,Jeremy,Sanchez,matthew11@example.org,FR,2025-04-29
142,Tracey,Ryan,hamptongreg@example.net,NL,2024-06-25
143,Benjamin,Carrillo,uhooper@example.org,FR,2025-02-03
144,Brent,Buckley,jacksonrachel@example.org,BE,2025-10-09
145,Michelle,Houston,tbarrett@example.net,FR,2023-10-13
146,Michael,Galvan,nhughes@example.com,BE,2024-09-09
147,Jeremy,Miller,ericdunn@example.org,ES,2024-11-25
148,Ernest,Cook,nashley@example.net,BE,2024-07-17
149,Elizabeth,Martinez,lharris@example.org,DE,2024-02-24
150,Phillip,Blackburn,smithlinda@example.org,NL,2026-01-29
151,Jose,Perez,ccuevas@example.org,ES,2025-01-24
152,Michael,Lloyd,kayla57@example.net,ES,2024-11-04
153,William,Hernandez,hollyalexander@example.org,FR,2024-04-09
154,Luke,Bowman,stevenbarker@example.org,NL,2025-11-21
155,Alexandria,Gutierrez,scottchristopher@example.com,NL,2023-08-24
156,Jerry,Howard,jenkinsjohn@example.org,NL,2023-09-24
157,Melvin,Frost,lauren56@example.net,BE,2024-01-04
158,Jacob,Doyle,melissa26@example.net,FR,2024-01-26
159,Megan,Rodriguez,jason74@example.net,DE,2023-10-09
160,Tina,Richardson,andersonsteven@example.net,ES,2024-09-09
161,Adam,Hensley,hbond@example.com,NL,2024-12-04
162,Teresa,Fernandez,andrewcantrell@example.org,FR,2023-12-03
163,Doris,Evans,lyonsfrank@example.net,DE,2024-02-17
164,Rachel,Porter,markwright@example.org,BE,2024-04-09
165,Jesus,Bowman,brittany98@example.net,FR,2023-07-13
166,Danielle,Smith,lisa62@example.com,DE,2025-09-30
167,Benjamin,Stewart,katelyn24@example.com,NL,2025-10-19
168,Tony,Martinez,gonzalezvanessa@example.org,DE,2024-03-15
169,Justin,Young,rubiocourtney@example.com,DE,2023-12-07
170,Patricia,Wise,cvilla@example.org,NL,2024-02-21
171,Emma,Martinez,berryjoanna@example.com,DE,2023-08-10
172,Alyssa,Rodriguez,jeff31@example.net,BE,2023-11-02
173,Nancy,Willis,charlesgonzales@example.com,NL,2023-11-30
174,Samantha,Zamora,brownwilliam@example.org,BE,2023-09-15
175,Kristen,Burns,elizabethwells@example.net,ES,2025-05-22
176,Emily,Phillips,arnoldvalerie@example.com,BE,2023-06-16
177,Amber,Mccullough,paulacastillo@example.net,BE,2025-10-11
178,Jason,Guzman,eatonchristopher@example.com,FR,2024-03-13
179,Jerry,Jacobs,rlee@example.net,NL,2023-03-09
180,Maurice,Powers,denise62@example.org,ES,2024-09-16
181,Sheila,Johnson,thomaseric@example.net,ES,2025-07-05
182,Andrea,Carpenter,yerickson@example.com,BE,2023-04-13
183,Susan,Santos,moorejessica@example.com,ES,2025-11-20
184,Jason,Frazier,berrychristopher@example.com,BE,2025-02-09
185,Eric,Wong,qmcgee@example.com,ES,2024-09-30
186,Jeremy,Hernandez,hwoodard@example.net,NL,2024-12-15
187,Maxwell,Ford,wesleyjones@example.org,DE,2025-01-28
188,Kyle,Turner,gonzaleztony@example.org,ES,2024-06-19
189,Jessica,Owens,peckmichael@example.com,ES,2025-05-23
190,Kimberly,Clark,cherylmorales@example.net,BE,2023-12-03
191,Andrew,Burch,umorales@example.org,NL,2024-06-23
192,Joseph,Vargas,cheryl43@example.net,NL,2023-07-07
193,Amanda,Jackson,ericbrown@example.com,DE,2023-05-14
194,Brandi,Hernandez,shannondaniels@example.com,ES,2025-12-31
195,Matthew,Myers,bstafford@example.net,DE,2024-12-07
196,Tim,Johnson,kylefowler@example.com,DE,2024-08-04
197,Kayla,Chandler,zmercado@example.com,FR,2024-05-31
198,Reginald,Keith,millerrichard@example.com,FR,2025-09-22
199,Alison,Hayes,nstone@example.org,FR,2025-10-08
200,Samantha,Mcfarland,udunlap@example.net,BE,2024-02-17
201,Patricia,Macdonald,jrowe@example.org,BE,2025-04-21
202,Kara,Mendoza,jessecobb@example.org,ES,2024-08-03
203,Jeremy,English,gwallace@example.com,DE,2025-10-29
204,Jennifer,Hamilton,diana10@example.org,ES,2025-02-10
205,Joseph,Berger,annemoore@example.net,ES,2023-06-21
206,Bryan,Martinez,hwalker@example.org,FR,2024-09-04
207,Christian,Huang,mackenzieevans@example.com,DE,2024-03-29
208,Sean,Lamb,lclark@example.org,DE,2023-07-12
209,Russell,Williams,uwright@example.net,BE,2023-09-27
210,Edward,Meyer,leah26@example.org,BE,2023-11-19
211,John,Malone,amyparker@example.com,NL,2024-02-07
212,Craig,Larson,schroederdebra@example.org,FR,2023-06-18
213,Danielle,Torres,sanderskayla@example.com,BE,2025-09-22
214,Nathaniel,Baker,zbolton@example.com,BE,2025-06-07
215,Carrie,Baker,laura30@example.net,DE,2025-06-23
216,Joanna,Johnston,melissajoseph@example.net,ES,2023-06-22
217,Mark,Jordan,dylantucker@example.org,ES,2023-08-26
218,Joseph,Cantu,friedmannicole@example.net,ES,2026-01-20
219,Tara,Williams,michael48@example.org,BE,2024-10-10
220,Nathaniel,Garcia,ghughes@example.com,FR,2023-04-14
221,Mitchell,Parker,vperez@example.net,FR,2023-11-26
222,Daniel,Dawson,marciafrancis@example.net,ES,2025-08-23
223,Maria,Burns,richard46@example.net,ES,2025-12-06
224,William,Bowen,carrillorichard@example.net,FR,2023-03-28
225,Lisa,Massey,awolfe@example.org,ES,2024-01-22
226,Christopher,Lozano,parkscolleen@example.net,FR,2025-11-09
227,Jennifer,Simmons,patrick48@example.net,FR,2025-05-06
228,Tiffany,Ellis,khamilton@example.net,DE,2025-08-14
229,David,Buckley,laneerin@example.com,NL,2025-05-03
230,Monica,Johnson,bbolton@example.org,ES,2025-12-18
231,Kimberly,Sullivan,johnsonemily@example.org,FR,2024-02-07
232,Wendy,Young,jenniferlane@example.org,BE,2024-06-17
233,Seth,Smith,jonesbrett@example.com,NL,2024-11-14
234,Susan,Villegas,emiller@example.org,DE,2024-03-15
235,Brandon,Peters,davidjuarez@example.net,BE,2024-01-20
236,Kyle,Dunn,schandler@example.com,NL,2024-11-05
237,Casey,Brown,courtneycohen@example.net,ES,2023-11-05
238,Todd,White,gerald64@example.com,NL,2023-09-12
239,Michael,Barrera,mgardner@example.com,ES,2023-10-03
240,Denise,Bond,umeyers@example.org,NL,2025-12-16
241,Jesse,Dominguez,obrienjulie@example.org,BE,2025-12-30
242,Jeremiah,Dillon,emily45@example.org,NL,2023-05-07
243,Courtney,Calhoun,vpadilla@example.org,ES,2025-02-24
244,Miguel,Ball,zcampbell@example.net,FR,2024-06-26
245,Cindy,Walker,bkhan@example.net,BE,2025-02-12
246,Jennifer,Hill,travis82@example.net,FR,2025-01-02
247,Donald,Hobbs,jonathan31@example.com,NL,2025-07-05
248,Rhonda,Figueroa,yleon@example.net,NL,2025-06-08
249,Lisa,Blackburn,john64@example.com,ES,2023-05-10
250,David,Ray,rrush@example.net,BE,2023-12-05
251,Crystal,Gonzalez,wendywillis@example.net,BE,2024-07-07
252,Claudia,Davis,dannyhughes@example.org,NL,2024-03-16
253,Martha,Smith,millerandrea@example.com,FR,2023-03-02
254,Nina,Green,allisonvargas@example.com,DE,2025-08-21
255,Francis,Carlson,jacobsonmorgan@example.org,NL,2024-04-14
256,Richard,Young,phughes@example.org,DE,2025-07-19
257,Ariel,Austin,joannenelson@example.com,DE,2025-05-25
258,Benjamin,Smith,qhill@example.net,DE,2024-04-03
259,Sarah,Jones,wiseandrea@example.com,ES,2024-11-30
260,Bryan,Poole,dmunoz@example.com,BE,2023-05-28
261,Austin,Smith,gallegosdavid@example.net,DE,2024-02-13
262,Adrian,Brown,juarezclayton@example.net,DE,2023-06-19
263,Jose,Gilbert,donald33@example.net,ES,2024-08-07
264,Gary,Rodriguez,amandawilson@example.org,FR,2026-01-15
265,Heidi,Walker,albert20@example.com,FR,2023-12-24
266,Jennifer,Wilson,jessicarojas@example.net,FR,2024-05-02
267,Virginia,Reynolds,keith68@example.net,ES,2024-01-20
268,Brenda,French,joanna53@example.com,FR,2024-11-19
269,Randy,Johnson,jennifer81@example.net,BE,2025-03-25
270,Scott,Cross,aaronbanks@example.org,DE,2025-10-11
271,William,Martin,dcrane@example.org,DE,2025-08-24
272,Robert,Hayes,nicolecampbell@example.org,FR,2025-08-03
273,Mary,Haney,teresamaxwell@example.com,DE,2025-09-30
274,Susan,Kerr,david85@example.net,ES,2024-08-26
275,Peter,Nixon,jessicarivera@example.com,NL,2023-11-22
276,Michelle,Sampson,qhaney@example.net,NL,2024-05-07
277,Corey,Crane,xnguyen@example.net,DE,2025-11-25
278,Bailey,Mosley,michaelsullivan@example.com,ES,2025-04-17
279,Amy,Sanders,clinemichael@example.com,BE,2024-04-01
280,Timothy,Mcgrath,deaneaton@example.net,BE,2023-10-07
281,Nathan,Hill,bradleynguyen@example.org,FR,2025-05-05
282,Amanda,Gonzalez,pauljones@example.net,FR,2025-09-01
283,Richard,Macias,jasmineboyer@example.org,ES,2024-09-20
284,Daniel,Vasquez,braymond@example.org,ES,2025-03-14
285,Lance,Terry,feliciachang@example.com,FR,2023-12-14
286,Ashlee,Delgado,tfranklin@example.net,BE,2024-01-31
287,Charles,Bishop,aaron09@example.com,DE,2025-12-28
288,Ana,Carroll,gatesandrew@example.com,ES,2023-09-18
289,Eric,Gallegos,santanakevin@example.com,NL,2024-10-08
290,Jonathan,Craig,kingdouglas@example.com,FR,2024-01-05
291,Christine,Mccarthy,johnphillips@example.net,BE,2024-02-28
292,Erica,Jones,amber18@example.com,ES,2025-04-03
293,Kendra,Payne,stevensterry@example.org,NL,2025-01-08
294,Lisa,Hunt,alicia22@example.org,ES,2024-06-10
295,Jose,Greer,tommylucas@example.org,DE,2023-07-10
296,Jacob,Hanson,merrittangela@example.com,ES,2025-07-20
297,Perry,Olson,williamperez@example.org,ES,2024-06-27
298,Brian,Brown,lali@example.com,DE,2024-11-06
299,Richard,Brown,sabrina09@example.net,ES,2024-07-27
300,Natalie,Alexander,jessicajackson@example.com,FR,2025-11-09
301,Jack,Wolfe,nfisher@example.com,NL,2025-02-27
302,Ross,Henry,clewis@example.net,ES,2024-03-07
303,Julian,Leonard,raymond47@example.com,FR,2024-11-25
304,Nancy,Bryant,dennis31@example.net,DE,2025-02-21
305,Lorraine,Palmer,erik13@example.net,DE,2025-02-13
306,Robert,White,mariamitchell@example.com,DE,2024-02-27
307,Jeffrey,Mills,voconnell@example.org,ES,2023-07-11
308,Chad,Lozano,oelliott@example.com,NL,2023-03-06
309,Dean,Moore,tracyvega@example.org,DE,2023-03-20
310,Heidi,Huff,thompsonrobert@example.net,ES,2024-12-04
311,Daniel,Hartman,sharonadams@example.net,NL,2025-08-31
312,Willie,Douglas,kimluke@example.com,DE,2024-06-25
313,Vincent,Williams,npark@example.org,BE,2024-11-23
314,Danny,Flores,walterbaldwin@example.org,FR,2023-08-23
315,Sandra,Barnett,robert71@example.net,FR,2023-03-23
316,David,Prince,michelledixon@example.net,NL,2025-12-16
317,Michael,Goodwin,nicholas13@example.org,NL,2024-01-31
318,Darren,Vang,ricebrian@example.net,ES,2025-10-05
319,Joshua,Flores,angela03@example.net,NL,2024-07-19
320,Kristin,White,victoriamartin@example.org,DE,2023-02-03
321,Kristine,Aguilar,anthonymorris@example.com,DE,2024-09-08
322,Brenda,Burton,yolandahammond@example.net,BE,2023-11-21
323,Benjamin,Ellison,robertskelly@example.com,NL,2023-07-01
324,Jeremy,Salinas,xyu@example.com,DE,2024-11-23
325,Megan,Arroyo,tmarquez@example.org,FR,2023-03-15
326,Angela,Henderson,amberharris@example.com,DE,2024-02-10
327,Tracy,Noble,christophercampbell@example.net,DE,2025-08-15
328,Kelly,Willis,milleremma@example.org,ES,2025-07-04
329,Melissa,Mitchell,eric87@example.net,ES,2025-07-28
330,Frances,Stokes,stephanie15@example.org,ES,2025-03-26
331,Richard,Edwards,pnavarro@example.org,DE,2023-03-06
332,Seth,Henson,jsawyer@example.com,BE,2025-02-14
333,Elizabeth,Tran,william03@example.org,FR,2023-12-02
334,Rachel,Roach,omcneil@example.org,DE,2025-12-13
335,Lori,Carroll,vmiranda@example.net,DE,2025-12-31
336,Beverly,Stone,obranch@example.com,DE,2025-07-03
337,Daniel,Rodgers,brandon76@example.com,BE,2023-07-09
338,Jeffrey,Bush,whitechad@example.com,ES,2024-08-20
339,Renee,Taylor,paul81@example.com,BE,2023-05-06
340,Heather,Briggs,davislinda@example.com,NL,2024-02-17
341,Dennis,Lucero,michael93@example.net,ES,2024-08-14
342,Travis,Robertson,nmayo@example.org,ES,2025-06-18
343,Joshua,Green,swilliams@example.net,BE,2023-10-06
344,Hannah,Hernandez,simmonscody@example.org,BE,2024-11-09
345,Theresa,Brown,alicia77@example.net,ES,2023-10-25
346,Nicholas,Mccarthy,hberry@example.net,ES,2024-03-31
347,Christopher,Williams,hbowman@example.net,ES,2024-11-28
348,Brian,Atkinson,fmorgan@example.net,ES,2025-12-19
349,Christopher,Baker,jessicabrown@example.net,NL,2024-07-08
350,Cassandra,Hanson,normacollins@example.org,FR,2025-07-19
351,Andrew,Bishop,ufrench@example.net,DE,2024-10-18
352,Kimberly,Vaughan,hryan@example.net,DE,2023-10-18
353,Christopher,Hurst,larryjohnson@example.org,DE,2024-07-07
354,Gabriel,Hawkins,ramseydaniel@example.com,FR,2025-05-10
355,Margaret,Keller,frankjones@example.com,BE,2023-10-12
356,Steven,Page,haroldlong@example.com,BE,2025-12-28
357,Meghan,Murray,mandy65@example.net,BE,2024-06-13
358,John,Page,andrew49@example.org,DE,2025-01-08
359,Jessica,Fuentes,zhenderson@example.net,FR,2023-10-09
360,Brendan,Martin,christinacunningham@example.net,ES,2024-12-20
361,Kenneth,Carrillo,ojefferson@example.com,ES,2025-03-13
362,Laura,Parsons,scottbaldwin@example.org,FR,2025-09-19
363,Linda,Fletcher,ryan66@example.org,NL,2025-03-03
364,Scott,Frank,lellis@example.net,BE,2024-11-05
365,Lindsay,Moore,deannamartinez@example.org,BE,2023-03-12
366,Timothy,Hartman,pamela54@example.org,DE,2025-04-01
367,Mary,Nelson,james17@example.com,DE,2023-03-02
368,Mercedes,Flowers,paulmcguire@example.org,FR,2024-08-08
369,Monica,Hernandez,kgarrett@example.com,FR,2023-05-28
370,Veronica,Charles,leslietran@example.net,BE,2024-01-06
371,Scott,Young,melissafrancis@example.net,ES,2024-08-11
372,Joseph,Adams,skim@example.com,ES,2023-12-18
373,Elizabeth,Cummings,amanda16@example.com,ES,2024-04-02
374,Lisa,Gonzalez,fieldsamy@example.net,DE,2024-11-26
375,Jennifer,Adams,david82@example.org,BE,2023-04-15
376,Matthew,Donaldson,cheryl71@example.org,FR,2024-10-20
377,Kristen,Hoffman,shannondavila@example.net,FR,2024-10-02
378,Steven,Ross,jason00@example.com,DE,2025-01-27
379,Steven,Adams,haleywilson@example.com,DE,2024-10-03
380,Joel,Aguirre,jacob19@example.org,ES,2025-06-01
381,Christopher,Snyder,whitejesse@example.net,NL,2024-09-24
382,Desiree,Gonzalez,claytonross@example.com,BE,2024-09-12
383,Patricia,Hall,unicholson@example.com,NL,2023-09-12
384,Olivia,Phillips,williamcastillo@example.org,FR,2025-07-05
385,Shannon,Barnes,joneskatrina@example.net,ES,2024-06-08
386,Samantha,Stephenson,anthonybell@example.net,ES,2024-09-06
387,William,Willis,diane72@example.com,NL,2025-06-16
388,Shelly,Robertson,samantha30@example.net,NL,2025-11-27
389,Erica,Sawyer,christophersantiago@example.net,NL,2023-04-14
390,Marcia,Fowler,bradshawrobert@example.net,ES,2024-06-19
391,David,Collier,kevin88@example.net,BE,2024-09-25
392,Nicholas,Murphy,kevinandrews@example.net,FR,2025-11-26
393,Karen,Goodman,dominguezkevin@example.org,BE,2023-04-24
394,Francisco,Grimes,ucarter@example.net,FR,2024-03-02
395,Natalie,Hall,brandonsmith@example.net,BE,2025-09-18
396,Susan,Baker,nelsonholly@example.net,ES,2024-10-25
397,Kayla,Peters,vreynolds@example.net,BE,2025-09-04
398,Tara,Harvey,kimfriedman@example.net,DE,2025-03-08
399,Richard,Campbell,jaime85@example.net,BE,2025-12-27
400,Vanessa,Gray,kathleen09@example.com,ES,2024-04-08
401,Sara,Ryan,jamesburns@example.com,NL,2023-11-21
402,Amber,Morris,tpeters@example.org,NL,2025-02-04
403,Luis,Coffey,wrighttimothy@example.org,DE,2024-06-28
404,Wesley,Saunders,lambertdonald@example.org,NL,2024-05-07
405,Tony,Day,emilypacheco@example.com,FR,2025-10-19
406,Matthew,Jones,alicia53@example.net,NL,2025-12-23
407,Mark,Moreno,richard27@example.net,FR,2023-11-22
408,Beth,Moore,zsanders@example.net,FR,2024-06-16
409,Daniel,Powell,micheleskinner@example.net,DE,2024-07-02
410,Jason,Walker,luisreeves@example.org,DE,2024-02-04
411,Jessica,Chavez,fhoover@example.org,NL,2025-01-31
412,Eric,Lucas,gavin61@example.com,NL,2023-08-17
413,Austin,Oliver,ramirezmichele@example.com,FR,2024-10-01
414,Ashley,Cook,robert63@example.net,DE,2024-11-10
415,Annette,Young,salazarlori@example.com,DE,2025-10-18
416,Nicholas,Moore,williamsscott@example.com,DE,2024-06-29
417,Edward,Jordan,jacksonandrew@example.org,NL,2025-06-04
418,Jill,Lopez,jonestroy@example.org,FR,2024-06-26
419,Kelly,Kemp,danielhernandez@example.org,DE,2023-06-28
420,Richard,Harrington,gonzalezkari@example.com,DE,2024-04-17
421,Kelsey,King,leoncalvin@example.org,NL,2025-03-17
422,Stacey,White,danielsariana@example.com,FR,2024-09-12
423,Michael,Gonzalez,crystal51@example.org,NL,2025-10-15
424,Jerry,Hunt,yatesjoshua@example.org,ES,2025-02-27
425,Kristi,Cook,jennifer43@example.net,NL,2023-05-14
426,Rodney,Morris,jefferyhughes@example.org,DE,2023-04-14
427,Mario,Woods,michaelturner@example.com,FR,2023-10-05
428,Brian,Lewis,michaelhall@example.com,FR,2026-01-31
429,John,Lopez,scott38@example.net,DE,2025-12-27
430,Jason,Edwards,hclark@example.com,NL,2025-08-05
431,Joshua,Mitchell,zacharysantos@example.com,FR,2025-10-05
432,Lorraine,Johnson,ldelgado@example.org,FR,2025-05-30
433,Jeffrey,Fernandez,kimberly30@example.org,ES,2025-03-11
434,Patrick,Castro,johnstonmark@example.net,NL,2025-08-05
435,Paul,Collins,heathercampbell@example.org,ES,2023-12-03
436,Todd,Townsend,kaiserrichard@example.org,BE,2023-09-01
437,Michael,Cooper,randy05@example.com,DE,2023-08-14
438,Brittany,Warner,gonzalesalexis@example.net,FR,2025-10-19
439,Kelly,Campbell,aperez@example.net,BE,2024-01-16
440,Karen,Miller,cwright@example.com,BE,2024-01-05
441,Melissa,Cabrera,bdennis@example.com,FR,2024-09-09
442,James,Guerrero,raymond94@example.com,ES,2024-09-13
443,David,Scott,qfarmer@example.com,BE,2023-03-29
444,Kevin,Jimenez,ddavis@example.net,ES,2025-05-30
445,Donna,Rodriguez,pboyd@example.com,BE,2023-02-28
446,Bradley,Evans,kennethpeters@example.com,BE,2025-01-02
447,Stephen,Powell,austinmelvin@example.org,BE,2023-10-17
448,Austin,Garza,dleonard@example.com,ES,2023-08-18
449,William,Hernandez,jenniferchavez@example.com,FR,2024-02-18
450,Jamie,Mata,gregorylewis@example.net,ES,2024-05-05
451,William,Brown,jaynichols@example.net,ES,2025-07-11
452,Joseph,Hudson,billy93@example.org,ES,2023-04-17
453,Sara,Daniels,jreynolds@example.com,DE,2024-05-14
454,Randall,Martin,jason16@example.org,NL,2024-01-27
455,Michelle,Wallace,blarson@example.com,DE,2023-09-20
456,Kara,Mitchell,jennifercarpenter@example.org,NL,2023-10-09
457,Curtis,Durham,taylordaniel@example.net,FR,2024-07-08
458,Ashley,Franklin,melissalewis@example.com,FR,2026-01-30
459,Joshua,King,villawilliam@example.org,ES,2024-04-04
460,Alexis,Rich,ericnguyen@example.org,ES,2024-11-12
461,Jacob,Austin,pyoung@example.org,DE,2023-11-28
462,Vanessa,Jenkins,jordanruiz@example.com,FR,2024-10-30
463,Michael,Powell,jasonlee@example.org,DE,2024-07-20
464,Cheryl,Rogers,nathan56@example.net,ES,2023-06-02
465,Tyler,Wilson,heather02@example.com,NL,2025-05-28
466,Laurie,Rivera,samantha06@example.com,BE,2024-04-06
467,Shelia,Jackson,adrian63@example.org,DE,2025-04-16
468,Jamie,Garner,amanda70@example.com,FR,2024-05-13
469,Laura,Warren,sawyerhailey@example.net,FR,2026-01-23
470,Terrence,Owens,ashley48@example.net,FR,2025-04-12
471,Elizabeth,Scott,johnreed@example.org,NL,2023-05-12
472,Jamie,Johnson,brenda56@example.com,NL,2025-07-15
473,Amy,Larsen,cindy56@example.org,DE,2023-08-22
474,Melinda,Dougherty,jon83@example.org,FR,2023-10-15
475,Daniel,Roberts,amyvalentine@example.org,ES,2024-06-17
476,Crystal,Watson,monicanelson@example.net,DE,2025-05-26
477,Ronald,Watson,brucewilson@example.net,FR,2023-02-24
478,Jeffery,Thomas,mhill@example.com,DE,2026-01-06
479,Lisa,Chambers,joseph62@example.com,DE,2023-04-26
480,William,Jackson,cynthia36@example.net,BE,2025-05-19
481,Kayla,Pierce,owencrystal@example.org,FR,2025-12-19
482,Jesse,Oconnor,pfields@example.net,NL,2025-07-26
483,Margaret,Woods,bradley51@example.org,FR,2024-07-05
484,Walter,Palmer,ericksonkristen@example.org,BE,2023-06-21
485,Mallory,Davis,eturner@example.org,FR,2023-06-01
486,Raymond,Thomas,rodneymclean@example.net,FR,2024-01-11
487,Ashley,Jones,veronica82@example.org,ES,2023-04-11
488,Robert,Richard,robinsonmitchell@example.com,ES,2024-01-17
489,Monica,Gutierrez,ryan55@example.com,BE,2025-09-01
490,Jacqueline,Wilkerson,matthewclarke@example.net,DE,2024-04-24
491,Kristen,Hill,brooksdeborah@example.com,ES,2025-10-11
492,Danielle,Harvey,qsherman@example.org,ES,2024-12-06
493,Michael,Mora,alexshah@example.net,ES,2024-07-03
494,Melissa,Flynn,james07@example.org,DE,2023-06-04
495,Brent,Parks,seanrose@example.net,NL,2024-02-20
496,Shane,Craig,iwhite@example.org,ES,2024-08-13
497,Cynthia,Moore,pmcmahon@example.org,NL,2023-02-12
498,Natalie,Rodriguez,marcus42@example.org,FR,2024-10-18
499,Larry,Dickson,kathleenthomas@example.org,DE,2023-03-08
500,Brandi,King,williamsdaniel@example.com,DE,2025-02-23
501,Olivia,Mendez,dbrady@example.net,ES,2024-11-04
502,John,Martinez,melissa51@example.com,ES,2023-08-05
503,Theresa,Todd,chad39@example.org,BE,2025-08-15
504,Kimberly,Moore,opeterson@example.com,NL,2024-08-27
505,Javier,Diaz,dillonvazquez@example.com,FR,2024-08-01
506,Gerald,Cooper,smolina@example.org,FR,2024-09-10
507,William,Garcia,bridgetwilliams@example.net,FR,2023-02-17
508,Patrick,Reed,gonzalezjohnny@example.com,ES,2025-05-05
509,Frank,Strickland,tammy86@example.net,FR,2024-04-01
510,Zachary,Turner,harrisonmichael@example.org,BE,2025-09-27
511,Keith,Summers,anita23@example.org,FR,2025-02-21
512,Andrea,Johnson,brettscott@example.com,DE,2023-05-24
513,Andrea,Gordon,fmaldonado@example.net,FR,2023-10-09
514,Anthony,Clarke,alijeffrey@example.org,FR,2024-08-22
515,Renee,Perez,bryanwilson@example.com,ES,2024-04-24
516,Kara,Mcmahon,roylopez@example.net,ES,2025-09-20
517,Gary,Lopez,jeffrey73@example.net,BE,2024-08-22
518,Amber,Cox,wobrien@example.com,DE,2023-06-10
519,Aaron,Mcclain,robert16@example.org,BE,2024-03-01
520,Evan,Smith,susancunningham@example.org,NL,2025-02-26
521,Jimmy,Brooks,andersonmiranda@example.org,DE,2023-09-11
522,Karen,Watkins,gerickson@example.org,NL,2025-04-07
523,Michael,Young,stacyalexander@example.net,BE,2025-01-16
524,Evan,Kim,mariacraig@example.net,DE,2024-07-24
525,Melissa,Butler,rita29@example.com,FR,2025-12-05
526,Margaret,Charles,melissaroberts@example.net,FR,2024-02-20
527,Ashley,Brown,davidchan@example.com,BE,2024-09-18
528,Logan,Green,kevin68@example.com,FR,2025-03-20
529,Heather,Johnson,joshua70@example.org,BE,2024-09-21
530,Cameron,Watson,ufuentes@example.com,DE,2025-12-29
531,Pamela,Jones,michaelwatkins@example.net,FR,2025-07-16
532,Lee,Davis,peter88@example.net,NL,2024-04-08
533,Rita,Larson,npowers@example.com,NL,2025-08-28
534,Geoffrey,Rodriguez,tkelly@example.com,DE,2024-07-11
535,Jonathan,Shea,todd34@example.net,ES,2023-08-16
536,Dawn,Murphy,reynoldsjoshua@example.com,BE,2024-10-21
537,Frank,Simmons,anthony13@example.org,BE,2023-09-30
538,William,Stevens,rmaldonado@example.net,ES,2024-09-26
539,Dennis,Cisneros,rickey34@example.net,DE,2025-05-12
540,David,Cummings,thomaslisa@example.com,NL,2023-09-14
541,Adam,Reed,dustin83@example.net,DE,2023-10-18
542,John,Miller,kevin13@example.org,DE,2024-11-28
543,Patricia,Cole,lsilva@example.net,FR,2023-07-04
544,Anthony,Norris,mooredonna@example.net,DE,2025-02-01
545,Robert,Sullivan,cindyvega@example.net,BE,2025-08-28
546,Madison,Moran,tnewton@example.org,NL,2024-05-03
547,Christina,Torres,kristinahill@example.net,NL,2025-11-20
548,Patricia,Goodwin,lmyers@example.net,ES,2023-11-14
549,Stephanie,Cruz,patelapril@example.net,FR,2026-01-13
550,Susan,Freeman,nblevins@example.org,DE,2025-02-14
551,Shannon,Ruiz,alec89@example.org,DE,2023-04-16
552,Steven,Hunter,mosesdaniel@example.net,NL,2024-03-05
553,Katherine,Morales,rivasjessica@example.net,FR,2023-08-27
554,Timothy,Sanchez,kathy71@example.net,ES,2025-11-14
555,Harold,Atkins,heather52@example.org,NL,2023-08-22
556,Emily,Gillespie,jacobfrederick@example.com,NL,2026-01-13
557,David,Fox,andrew44@example.com,NL,2024-04-25
558,Katrina,Richardson,ufranco@example.net,DE,2025-03-09
559,Mary,Cooper,thomasbrady@example.org,FR,2026-01-22
560,Jamie,Campbell,brendan10@example.com,BE,2024-12-20
561,Candace,Ross,prowe@example.net,NL,2024-10-11
562,Janice,Wise,john06@example.org,DE,2024-07-09
563,Joseph,Wilson,howardaustin@example.net,ES,2024-12-18
564,William,Vance,johnsonandrew@example.org,BE,2024-11-02
565,Hector,Silva,holly68@example.net,NL,2025-08-08
566,Christopher,Everett,william73@example.net,DE,2023-02-18
567,Katherine,Scott,dylanrodriguez@example.net,DE,2025-01-22
568,Daniel,Lopez,jacob50@example.com,ES,2024-11-12
569,Regina,Campbell,amber58@example.com,BE,2023-02-21
570,Melissa,George,josewilliams@example.org,DE,2025-01-05
571,Katelyn,Craig,morrisontodd@example.org,ES,2024-09-10
572,Katherine,Brown,fcastro@example.com,DE,2023-08-20
573,Lacey,Howard,hamptondebbie@example.net,DE,2024-05-21
574,Rebecca,Cross,zamorapaul@example.com,FR,2023-04-29
575,David,Mcintyre,kristinmorrison@example.com,ES,2023-11-25
576,Ronald,Shaw,oclark@example.com,DE,2025-09-07
577,Joseph,Jones,frankdrake@example.net,BE,2024-11-17
578,Toni,Gilbert,uriddle@example.org,DE,2025-06-18
579,Jessica,Baker,mbean@example.org,DE,2023-03-03
580,Michael,Fleming,fhaley@example.org,NL,2024-08-21
581,Jose,Miller,fhanson@example.com,DE,2025-03-14
582,Sandra,Campbell,xlambert@example.com,NL,2025-12-07
583,Kevin,Young,martinezjennifer@example.org,DE,2024-08-28
584,Gregory,Hardy,hrodriguez@example.com,ES,2025-02-16
585,Joshua,Parks,ndunn@example.org,FR,2025-01-07
586,Stephen,Burgess,hwilliams@example.net,DE,2024-07-12
587,Jim,White,marymason@example.net,NL,2025-09-09
588,Jessica,Anderson,davidwelch@example.net,BE,2023-02-14
589,Kelsey,Berg,chughes@example.org,NL,2026-01-10
590,Joseph,Miles,melanie59@example.org,DE,2025-01-23
591,Brittany,Baker,alexandra30@example.org,NL,2023-07-24
592,Cheyenne,Dalton,monica44@example.com,FR,2024-11-30
593,Mark,Gutierrez,mjohnson@example.net,DE,2023-05-14
594,Haley,Hughes,megan24@example.org,ES,2024-05-28
595,Scott,Carr,martinezjustin@example.net,NL,2023-02-28
596,Kaylee,Hanson,roblesmichael@example.com,NL,2023-02-10
597,Maria,Diaz,michael11@example.org,BE,2026-01-03
598,Amanda,Johnson,jeffrey04@example.net,BE,2024-04-21
599,Andrew,Holder,deborahreyes@example.com,NL,2026-01-11
600,Jeffrey,Walton,adamsalan@example.net,ES,2026-01-10
601,Angela,Becker,rachaelfarley@example.org,NL,2025-01-12
602,Matthew,Garcia,umaldonado@example.com,BE,2023-10-04
603,Jackie,Ross,belldiane@example.net,NL,2025-05-23
604,Paul,Washington,robinsonkristine@example.org,BE,2023-07-18
605,Michael,Sims,coltonreid@example.net,ES,2024-04-24
606,Christian,Montgomery,iwest@example.net,NL,2024-05-09
607,Daniel,Taylor,tnelson@example.com,FR,2025-11-04
608,Tony,Jenkins,sarah30@example.com,BE,2023-06-25
609,Sean,Austin,johnpeterson@example.net,ES,2023-11-15
610,Kellie,Smith,lbeard@example.org,FR,2025-08-23
611,Diamond,Velez,andrew13@example.com,FR,2024-12-10
612,Joseph,Brock,keithmoreno@example.org,ES,2024-09-25
613,Justin,Ward,tiffany71@example.com,FR,2024-11-24
614,Brian,Evans,kevinjordan@example.org,ES,2024-02-05
615,Tammy,Andrews,rmarshall@example.org,ES,2024-07-17
616,Michael,Clark,chelseahunter@example.net,FR,2025-01-22
617,Ellen,Valencia,wayne99@example.org,FR,2025-02-04
618,Debbie,Fisher,william25@example.com,NL,2023-06-23
619,Pedro,Galvan,leahharris@example.com,DE,2025-02-22
620,Erin,Evans,simpsonderek@example.com,BE,2025-10-10
621,Sarah,Mckee,michelesmith@example.com,NL,2025-09-27
622,Andrew,Espinoza,donnacollins@example.com,BE,2023-12-06
623,Alicia,Davis,bryanharris@example.net,FR,2025-01-27
624,Ashley,Wilson,allisonhernandez@example.net,NL,2023-11-20
625,Allen,Shaw,tamarafleming@example.net,BE,2023-08-07
626,Andrea,Green,iwebb@example.net,NL,2025-03-04
627,Aaron,Vincent,butlerbrittany@example.org,ES,2024-06-05
628,Stephanie,Jennings,jacksonricky@example.com,NL,2025-12-12
629,Judith,Horne,brownsharon@example.org,DE,2025-04-30
630,Roberto,Brown,tmendoza@example.org,DE,2025-09-17
631,Sharon,Jones,bondphilip@example.com,ES,2024-08-18
632,Chad,Moore,karaknight@example.com,FR,2023-10-26
633,Regina,Barnes,huynhanna@example.com,BE,2024-01-10
634,Matthew,Jones,rebekah69@example.org,NL,2024-11-24
635,Matthew,Hayes,burtonmark@example.com,DE,2023-07-23
636,Mark,Nelson,lewistravis@example.com,DE,2024-06-22
637,Matthew,Simpson,johnbullock@example.net,ES,2023-12-30
638,Jesse,Sheppard,xgraham@example.org,ES,2024-10-10
639,Stephanie,Williams,lindsay44@example.org,FR,2023-08-29
640,Kristen,Obrien,gentrykristi@example.org,BE,2025-04-22
641,Lawrence,Haney,crystal82@example.org,NL,2023-07-08
642,Curtis,Crawford,grayshannon@example.org,DE,2025-02-03
643,Debra,Price,martinjoshua@example.org,BE,2024-10-09
644,Vincent,Jones,michael97@example.com,ES,2024-09-03
645,Christina,Bullock,jenniferpowell@example.org,NL,2024-11-20
646,Bryan,Butler,gonzaleswayne@example.org,BE,2024-03-09
647,Jennifer,Sellers,jessica30@example.net,DE,2023-09-24
648,Michael,Hanson,bbates@example.net,BE,2024-11-30
649,Kelli,Adams,curtischristopher@example.org,ES,2024-12-28
650,Mark,Jensen,carol86@example.org,ES,2024-01-14
651,Chad,Gonzalez,ucrosby@example.org,BE,2023-11-27
652,Natalie,Lane,dlloyd@example.com,NL,2024-04-13
653,Robin,Wheeler,thomasball@example.org,BE,2023-07-24
654,Adam,Stanley,brucebradley@example.org,FR,2026-01-27
655,Ashley,Lewis,amber87@example.net,FR,2023-11-25
656,Marcus,Coleman,ginagarcia@example.net,BE,2024-01-27
657,Jonathan,Sims,andrew96@example.com,FR,2023-06-14
658,Melissa,Bright,ubryant@example.org,NL,2023-12-25
659,Karen,Newman,wsutton@example.org,DE,2025-11-13
660,Adam,Ray,david95@example.com,DE,2024-12-30
661,James,Williams,owilliams@example.com,NL,2025-10-13
662,Scott,Williams,derekhernandez@example.com,FR,2025-06-23
663,Jane,Holder,andrew04@example.org,NL,2023-02-07
664,Jay,Martinez,cherylsparks@example.org,BE,2023-08-20
665,Megan,Walker,murphytammy@example.org,ES,2023-10-20
666,Kimberly,Torres,maureen01@example.net,BE,2024-07-02
667,Andrew,Smith,tonya34@example.com,BE,2025-07-16
668,Richard,Molina,veronica43@example.com,NL,2025-04-18
669,Michael,Moore,jessicajuarez@example.org,BE,2024-12-20
670,Gregory,Sweeney,caitlinhill@example.com,FR,2024-02-07
671,Jack,Huber,andreamoreno@example.net,ES,2024-05-07
672,Timothy,Taylor,wgarner@example.org,BE,2024-02-16
673,Megan,Austin,xhenry@example.org,ES,2024-12-18
674,Renee,Munoz,mnunez@example.com,DE,2025-11-03
675,Willie,Vargas,tara29@example.com,DE,2025-01-27
676,Catherine,Ellis,isloan@example.com,NL,2023-07-31
677,James,Anthony,jacquelineprice@example.net,NL,2023-04-02
678,Zachary,Chapman,kellythornton@example.net,BE,2025-08-30
679,Olivia,Gonzales,mark33@example.com,BE,2024-05-25
680,Alyssa,Garcia,millerrachel@example.net,DE,2024-08-26
681,David,Raymond,oharrell@example.net,ES,2023-08-24
682,Jennifer,Newton,ubullock@example.net,BE,2024-04-29
683,Robert,Lambert,johnsonandrew@example.net,DE,2025-12-04
684,Gabriel,Barker,richard17@example.org,ES,2025-09-27
685,Crystal,Weeks,brandon98@example.net,DE,2025-07-31
686,Daniel,Cox,morganpayne@example.com,FR,2024-04-11
687,Heather,Huerta,alexandersmith@example.com,BE,2024-04-29
688,Katelyn,Mann,eric55@example.com,BE,2023-11-27
689,Anna,Burton,jimmyjordan@example.com,ES,2025-01-04
690,Lisa,Anderson,wjones@example.net,BE,2023-04-08
691,Grant,Solis,bonnie38@example.org,BE,2024-01-06
692,Andrea,Wright,dunlaperica@example.com,ES,2023-08-11
693,Adam,Thompson,smccarthy@example.com,FR,2024-05-28
694,Brittany,Cook,raymondperez@example.org,BE,2024-07-17
695,William,Black,rebecca01@example.net,NL,2023-04-17
696,Kimberly,Shaffer,klittle@example.net,BE,2025-05-17
697,Eric,Rodriguez,vmann@example.com,BE,2024-04-18
698,Brandon,Wilson,dustin43@example.com,NL,2025-03-15
699,Ashley,Khan,prestondonald@example.net,DE,2025-01-23
700,Kimberly,Smith,wlopez@example.net,FR,2026-01-25
701,Mariah,Perez,bwallace@example.net,NL,2023-12-11
702,Paula,Ramos,ocross@example.org,NL,2023-12-23
703,Heather,Lang,lcain@example.net,FR,2025-03-31
704,Martin,Williams,vsellers@example.net,NL,2024-05-02
705,Jessica,Yoder,mark67@example.com,NL,2024-01-01
706,Stephen,Willis,reedcassidy@example.net,BE,2023-07-03
707,Jeanne,Cox,dylantownsend@example.net,BE,2024-11-28
708,Barbara,Singh,ryan19@example.com,FR,2023-04-30
709,Patricia,Carter,morrisjoseph@example.org,FR,2025-01-17
710,Ronald,Johnson,valerie67@example.org,DE,2023-03-28
711,Joshua,Gonzalez,carterdennis@example.net,FR,2025-12-08
712,Danielle,Boyd,bellmatthew@example.com,NL,2023-05-22
713,Shane,Aguirre,rfuentes@example.org,FR,2023-04-03
714,Michelle,Martinez,michael81@example.com,BE,2025-07-23
715,Mark,Smith,amystone@example.com,FR,2023-12-04
716,Jennifer,Sanchez,christopher37@example.com,ES,2025-10-22
717,Michelle,Mcmahon,blackcheryl@example.net,DE,2024-05-01
718,Sarah,Sanders,pamelaoneill@example.org,NL,2025-12-22
719,Andrew,Harrison,jensendeborah@example.com,BE,2023-07-09
720,Samuel,Velasquez,brownjacqueline@example.net,BE,2024-10-31
721,Melissa,Gould,brandon51@example.com,ES,2025-03-16
722,Gary,York,jthomas@example.net,ES,2023-07-24
723,Lauren,Mckay,jacobwilson@example.com,BE,2024-11-06
724,Mason,Garcia,krios@example.org,FR,2025-01-20
725,Lori,Fleming,simmonsgeorge@example.com,NL,2024-06-27
726,Andrea,Harris,johnsaunders@example.net,FR,2023-10-23
727,Mark,Collier,daniel46@example.org,NL,2024-01-08
728,David,Mahoney,gilesjohn@example.org,DE,2023-09-27
729,Annette,Lara,stephenbeck@example.org,DE,2023-07-14
730,Stephanie,Travis,htaylor@example.net,BE,2025-02-05
731,Kelly,Santiago,wdiaz@example.org,BE,2025-07-02
732,John,Davis,leachbrandon@example.net,ES,2025-11-19
733,Sheila,Stafford,steelebeth@example.com,DE,2023-03-25
734,Cynthia,Allen,ramirezjonathan@example.net,ES,2026-02-01
735,Alan,Hamilton,oanderson@example.net,BE,2024-03-07
736,David,Duffy,xjohnson@example.net,FR,2024-03-28
737,Molly,Edwards,justin47@example.net,FR,2023-05-14
738,Michele,Hall,chloe80@example.org,NL,2025-12-29
739,Autumn,Salinas,nray@example.org,DE,2024-04-13
740,Harold,Meyer,lawrence36@example.org,BE,2025-03-31
741,Jason,Moreno,aclark@example.com,DE,2025-08-07
742,Makayla,Yates,eroberts@example.net,FR,2024-08-02
743,Matthew,Terry,bholland@example.net,NL,2026-01-17
744,Kim,Ward,alvarezmegan@example.net,BE,2026-01-19
745,William,Ritter,piercestephanie@example.net,BE,2026-01-08
746,Donna,Stafford,jessica23@example.com,DE,2025-04-18
747,Gary,Martin,wardjoseph@example.org,NL,2023-02-18
748,Larry,Morgan,erica66@example.com,NL,2026-01-08
749,Scott,Shelton,brian79@example.com,ES,2025-05-04
750,Andrew,Hammond,baileyshawn@example.net,ES,2025-04-08
751,Gregory,Schwartz,keithkelly@example.com,ES,2024-11-11
752,Timothy,Chase,ivan30@example.org,BE,2023-02-26
753,Julian,Bowen,jasminebutler@example.org,BE,2024-04-19
754,Nicholas,Collins,carlhernandez@example.net,DE,2024-12-09
755,Chelsea,Ford,jesseevans@example.net,FR,2024-12-15
756,Adrienne,Hammond,thomasbennett@example.com,DE,2025-11-21
757,Jessica,Smith,larryblack@example.net,NL,2023-07-15
758,Cody,Mccoy,kevinwarren@example.com,ES,2024-09-23
759,Travis,Ray,kylesnyder@example.org,NL,2025-01-28
760,Rachel,Burgess,anthony28@example.com,BE,2026-01-29
761,Amanda,Henderson,terrencebarker@example.org,DE,2023-03-07
762,Dale,Phillips,khanrobert@example.com,NL,2025-02-01
763,Michael,Harris,kmckee@example.com,DE,2025-11-14
764,Ryan,Riley,vincentjoseph@example.com,DE,2024-03-22
765,Hannah,Scott,pattersongregory@example.net,ES,2025-01-19
766,Edwin,Stafford,maryduke@example.org,DE,2023-05-07
767,Christopher,Ruiz,cooperluis@example.com,FR,2025-06-26
768,Anne,Smith,lopezthomas@example.com,NL,2023-06-14
769,Tony,Kerr,frenchmary@example.net,BE,2025-09-28
770,Darlene,Calderon,zlucas@example.org,ES,2023-03-17
771,Alejandro,Brown,martinmichael@example.com,NL,2023-04-28
772,Charles,Dunlap,joygallagher@example.org,FR,2024-12-30
773,Dan,Arnold,fcampbell@example.net,NL,2023-05-27
774,Rhonda,Powell,brianjuarez@example.net,NL,2025-05-03
775,Denise,Jensen,ethomas@example.org,DE,2023-05-09
776,Larry,Weber,ntran@example.com,DE,2023-09-25
777,Kathryn,Wilson,jacksonmeghan@example.org,DE,2026-01-10
778,Jennifer,Hernandez,lisa71@example.net,BE,2023-11-29
779,Sara,Miller,joseph21@example.net,ES,2026-02-01
780,Carla,Parsons,tonyrodriguez@example.com,ES,2023-07-02
781,Charles,Huber,tannerjoshua@example.net,DE,2024-10-12
782,Jennifer,Chapman,danielle22@example.net,BE,2024-07-26
783,Amy,Young,charlesgarza@example.com,BE,2024-03-08
784,Donald,Rose,kylejones@example.com,NL,2025-07-07
785,Ashley,Norton,lindsaychambers@example.com,ES,2025-07-04
786,Ronald,Green,chad04@example.net,FR,2023-08-05
787,Cheryl,Delgado,matthewingram@example.net,BE,2024-12-07
788,Maria,Martinez,gmartin@example.com,BE,2024-09-18
789,Melissa,Hoover,karenbell@example.com,DE,2023-09-05
790,Emily,Lucas,bowersmatthew@example.com,NL,2024-07-31
791,James,Harris,piercelucas@example.org,NL,2024-02-14
792,Wanda,Callahan,shariweber@example.net,ES,2024-08-16
793,Michael,Aguirre,baileykelly@example.com,BE,2025-05-08
794,Christopher,Hampton,garciaemily@example.org,NL,2023-05-27
795,Jacob,Huff,freemanbrian@example.com,NL,2024-04-20
796,Lisa,Hill,brookschristine@example.com,BE,2024-12-19
797,Bianca,Evans,kathrynlawson@example.org,NL,2024-12-30
798,Glen,Brooks,fernando38@example.net,ES,2025-07-18
799,Ronald,Gibbs,shelbyhicks@example.com,FR,2023-05-19
800,Tim,Barron,cookkayla@example.com,ES,2025-08-02
801,Donald,Ray,hray@example.com,BE,2024-08-06
802,Donna,Williams,selenanavarro@example.org,ES,2025-03-04
803,Nancy,Pace,robert89@example.net,BE,2023-02-14
804,Aaron,Bailey,haleymurray@example.org,NL,2025-03-19
805,Dennis,Jones,ballardmegan@example.org,DE,2025-08-19
806,David,Garrett,antonio74@example.com,BE,2024-12-15
807,Reginald,Wiggins,englishdylan@example.org,DE,2025-04-01
808,Norman,Cook,gthompson@example.org,FR,2025-07-12
809,Michael,Smith,nicole36@example.org,FR,2025-02-24
810,Natalie,Coleman,sheilaeverett@example.com,NL,2024-05-22
811,John,Leon,kimberly20@example.com,NL,2024-10-11
812,Emily,Esparza,vpittman@example.com,BE,2024-06-06
813,Elizabeth,Simmons,anthonywilliams@example.com,DE,2025-07-31
814,Elizabeth,Pineda,rosetaylor@example.net,NL,2024-11-04
815,Jamie,Mcdaniel,jduffy@example.net,FR,2025-06-17
816,Brenda,Fowler,christophernixon@example.net,ES,2025-06-24
817,Jorge,Russell,robert88@example.org,NL,2025-05-11
818,Michael,Barton,qbrown@example.org,ES,2024-04-01
819,Melissa,Rose,marshsteven@example.com,NL,2026-01-22
820,Jessica,Thomas,rachelcollins@example.org,FR,2023-07-07
821,Heather,Martin,mark12@example.com,BE,2023-11-17
822,Lisa,Bright,michaeljohnson@example.net,FR,2024-09-21
823,Andrea,Hickman,melindaavila@example.com,FR,2025-08-17
824,Nicolas,Nguyen,shelleyjones@example.org,NL,2023-04-17
825,Linda,Walker,dgilbert@example.net,ES,2025-08-01
826,Aaron,Lewis,qkennedy@example.org,NL,2023-03-19
827,Bradley,Long,garyschmidt@example.com,BE,2023-07-17
828,Judith,Patton,jonesvanessa@example.org,ES,2023-02-11
829,Laura,Hamilton,steven38@example.net,ES,2025-03-23
830,Walter,Keith,lindagomez@example.net,BE,2024-11-27
831,Shannon,Munoz,srobinson@example.org,BE,2023-03-19
832,Randall,Craig,anthonyhoover@example.org,BE,2024-02-18
833,Blake,Sosa,farmerrussell@example.org,DE,2025-07-26
834,Jay,Smith,markhaynes@example.net,ES,2025-11-12
835,Victor,Williams,stuartwilliam@example.com,ES,2023-05-23
836,Amanda,Strickland,lauraboyer@example.com,BE,2023-04-22
837,Daniel,Hull,matthewwagner@example.com,FR,2024-06-15
838,Melissa,Barnes,myersjames@example.com,BE,2023-03-05
839,Amy,Obrien,joseph78@example.com,BE,2024-09-11
840,Joe,Briggs,ericashley@example.com,ES,2023-09-25
841,Charles,Kim,goodwinjulie@example.com,DE,2024-10-10
842,Elizabeth,Woodward,jodonnell@example.net,ES,2025-11-20
843,Douglas,Crawford,hmathews@example.net,BE,2025-06-22
844,Edward,Harper,uallen@example.com,NL,2024-08-28
845,James,Perez,taylorjoseph@example.org,DE,2023-05-11
846,Carlos,Morgan,belltiffany@example.com,NL,2024-02-07
847,Rachel,Lloyd,gregoryknight@example.org,ES,2026-02-02
848,Robert,Adams,bakerdavid@example.org,NL,2024-04-07
849,Jessica,Nicholson,williamhall@example.org,NL,2023-05-10
850,Jessica,Spencer,cwilson@example.com,ES,2025-08-22
851,Patrick,Cervantes,hernandezjoshua@example.net,BE,2024-09-26
852,Mindy,Gray,calebboyer@example.org,ES,2026-01-11
853,Nathan,Ibarra,patrick49@example.net,ES,2023-02-25
854,Sergio,Frederick,joshuawilliams@example.com,ES,2023-04-20
855,Aaron,Jensen,coxfaith@example.org,BE,2023-06-28
856,Jennifer,Fisher,athompson@example.net,ES,2025-12-07
857,Brianna,Bailey,scottwendy@example.com,ES,2025-11-08
858,Dawn,Lee,paulasolis@example.com,FR,2023-06-10
859,Jeffrey,Torres,lindsay69@example.org,FR,2025-08-18
860,Sharon,Johnston,gibsonrobert@example.com,DE,2023-05-25
861,Michael,Le,berrydeborah@example.org,FR,2024-07-16
862,Walter,Bishop,annettecole@example.net,NL,2023-08-20
863,Derek,Jones,joshua28@example.net,BE,2023-11-13
864,William,Newton,heathergardner@example.net,DE,2024-02-18
865,Joseph,Wilson,renee79@example.net,BE,2024-12-29
866,Jessica,Martin,christopherwilson@example.org,FR,2025-04-16
867,Angel,Gordon,joshua78@example.com,NL,2024-02-06
868,Timothy,Wood,zhunter@example.org,ES,2023-04-21
869,Luis,Wells,graytroy@example.org,FR,2024-04-29
870,Monica,Wright,qhunter@example.com,ES,2024-10-06
871,Douglas,Jimenez,davisbrian@example.org,BE,2025-07-11
872,Elizabeth,Diaz,jennahill@example.net,ES,2025-06-17
873,Samantha,Young,kristina37@example.net,NL,2024-12-11
874,Jeremy,Williams,brichmond@example.com,ES,2025-12-21
875,Melissa,Gray,wilkersonwilliam@example.net,FR,2024-06-16
876,Jennifer,Thomas,pknox@example.com,BE,2025-03-28
877,Linda,Hernandez,maryyoung@example.com,ES,2023-08-06
878,Jeffrey,Proctor,bankselizabeth@example.com,FR,2024-09-12
879,Andrew,Ingram,isaac97@example.org,BE,2024-02-16
880,Andrea,Wallace,rodriguezjames@example.org,NL,2023-07-02
881,Mary,Hudson,astone@example.net,NL,2025-03-25
882,Rhonda,Leach,baileybecky@example.com,ES,2025-12-01
883,Kimberly,Myers,alexanderbaker@example.net,ES,2023-12-11
884,Patricia,Adams,dsimmons@example.net,BE,2023-09-15
885,John,Reynolds,talexander@example.org,FR,2024-10-20
886,Amanda,Anderson,andrew06@example.net,NL,2024-01-04
887,Kayla,Jones,perezkyle@example.org,NL,2025-11-20
888,Katie,Lucas,mathew78@example.com,NL,2024-10-18
889,Nicholas,Gomez,mcphersonemily@example.com,FR,2024-06-21
890,Arthur,Torres,nicholas56@example.net,ES,2025-01-07
891,Alexander,Bell,carteramy@example.org,NL,2024-04-24
892,Joseph,Williams,adamshenry@example.net,BE,2025-11-23
893,Jeffrey,Finley,william23@example.com,NL,2025-08-29
894,Robert,Williams,randyolson@example.net,NL,2024-08-17
895,Michael,Hunt,kimberlykelley@example.com,BE,2024-06-08
896,Steve,Taylor,smithcharles@example.org,DE,2024-02-19
897,Ashley,Higgins,lawsondennis@example.org,NL,2023-09-10
898,Mark,Burke,christopherharrison@example.com,ES,2025-07-27
899,Dale,Blake,esolis@example.net,FR,2025-12-11
900,Debra,Krause,carlsonjohn@example.net,DE,2025-06-16
901,Gregory,Jones,ashleydavis@example.net,BE,2023-07-25
902,Benjamin,Yates,aaron57@example.net,ES,2025-03-20
903,Jonathan,Perez,garciaharold@example.org,FR,2024-05-24
904,Nicholas,Lewis,christinastone@example.org,DE,2024-04-19
905,Julie,Banks,kimberlyhall@example.com,BE,2024-07-20
906,Yvette,Obrien,christopher57@example.org,NL,2025-07-15
907,Francisco,Shaffer,michelle59@example.net,NL,2023-04-24
908,Raymond,Strong,summerbaird@example.org,NL,2024-02-22
909,Suzanne,Graham,francisco37@example.net,NL,2024-03-24
910,Susan,Lutz,bradyfox@example.net,BE,2025-09-23
911,Amanda,Taylor,victorchavez@example.com,NL,2025-06-25
912,Kevin,Bennett,donna78@example.org,NL,2025-03-24
913,Crystal,Flores,zhall@example.org,FR,2023-05-18
914,Nicholas,Hurst,lmendez@example.net,BE,2023-09-08
915,Justin,Hawkins,josephcunningham@example.com,FR,2025-02-13
916,Vanessa,Smith,brandi46@example.net,BE,2025-03-16
917,Allison,Rivera,harrisonbridget@example.org,DE,2024-06-29
918,Stacie,Garcia,daviswilliam@example.com,DE,2024-09-18
919,Daniel,Chen,emily86@example.org,FR,2024-07-24
920,Angela,Wyatt,williamkeller@example.net,NL,2023-06-21
921,Shannon,Berry,timothyryan@example.com,FR,2023-08-25
922,Eugene,Cain,tcowan@example.org,BE,2023-03-20
923,Bridget,Cross,greenjames@example.com,ES,2025-05-16
924,Melissa,Hale,johnsoncynthia@example.com,ES,2024-07-28
925,Jessica,Chen,mandrews@example.net,DE,2024-07-23
926,Brandon,Martinez,farrelllaura@example.net,ES,2023-04-15
927,Michael,Collins,bowersvicki@example.org,FR,2023-12-04
928,Robert,Harper,jmullins@example.org,DE,2023-04-20
929,Patrick,Harris,ray03@example.net,NL,2024-09-04
930,Sheila,Thompson,devin84@example.org,DE,2025-02-02
931,John,Anderson,imorrow@example.com,NL,2023-04-15
932,Andrew,Burton,mcrawford@example.com,DE,2025-05-23
933,Gregory,Cummings,ubeltran@example.org,ES,2024-09-13
934,James,Hicks,millschristopher@example.com,DE,2024-10-18
935,Robert,Wallace,bakerethan@example.org,BE,2024-08-29
936,Brandon,Ellis,morgandowns@example.net,FR,2025-05-25
937,Bruce,Downs,lhoffman@example.com,ES,2024-03-19
938,Jennifer,Smith,samanthamartinez@example.org,DE,2023-09-26
939,Dave,Vasquez,russellpeterson@example.com,ES,2025-07-24
940,Laura,Black,elizabeth88@example.net,BE,2025-10-17
941,David,Kelly,william56@example.com,NL,2025-09-29
942,Lee,Wells,gordonjeffrey@example.com,ES,2024-01-06
943,David,Morgan,ystewart@example.net,NL,2024-06-09
944,Ryan,Nichols,ferrellashley@example.org,FR,2024-06-01
945,Patricia,Nelson,tporter@example.org,FR,2023-03-30
946,David,Murphy,matadarryl@example.org,ES,2024-08-04
947,Edward,Heath,brettaustin@example.org,DE,2025-02-23
948,Diane,Nelson,thomas16@example.org,BE,2024-10-10
949,Richard,Wheeler,trevor60@example.com,FR,2024-03-17
950,Damon,Ramsey,jonathan07@example.net,NL,2024-08-19
951,Jacob,Cameron,matthewstokes@example.net,DE,2024-03-09
952,Roberto,Johnson,collinsmatthew@example.com,ES,2025-09-01
953,Michael,Page,kimmicheal@example.com,BE,2023-02-22
954,Theresa,Frazier,samanthakhan@example.com,NL,2024-11-08
955,Justin,Butler,gonzalezcharles@example.net,DE,2023-12-30
956,Megan,Steele,michaelgonzalez@example.com,ES,2024-04-04
957,Charles,Barnett,zthomas@example.net,FR,2025-01-09
958,Krista,Ochoa,shannon88@example.org,FR,2025-02-12
959,Jessica,Diaz,gordonmichael@example.net,NL,2024-03-05
960,Todd,Lewis,mitchell95@example.org,DE,2025-02-06
961,John,Allison,davidnguyen@example.com,NL,2024-03-16
962,Ashley,Bennett,qday@example.net,NL,2024-05-10
963,Emily,Cooper,kyle31@example.net,ES,2023-03-03
964,Curtis,Villegas,wwright@example.org,NL,2024-09-10
965,Daniel,Larsen,ronnie15@example.com,FR,2023-02-09
966,Gregory,Curtis,kimberly17@example.net,FR,2026-02-02
967,John,Wilson,shannonmitchell@example.net,NL,2025-06-07
968,Hannah,Valdez,ronaldmoore@example.net,FR,2025-06-04
969,Amanda,Schroeder,dianeguzman@example.net,FR,2024-12-12
970,Patricia,Lozano,michaelnunez@example.com,ES,2023-09-30
971,Michael,Leblanc,kristinarosario@example.com,DE,2024-07-17
972,Samantha,Nielsen,wphillips@example.org,NL,2023-10-04
973,Alexander,Foster,russell84@example.org,BE,2023-03-07
974,Catherine,Porter,zwilliams@example.org,ES,2025-08-11
975,Michael,Berry,sue96@example.net,NL,2023-10-05
976,Thomas,Mckay,richardsonscott@example.com,BE,2023-06-09
977,Dawn,Lewis,sherry73@example.com,FR,2023-04-07
978,Michael,Hoover,ddavenport@example.org,BE,2025-01-03
979,Elizabeth,Aguilar,mayricardo@example.com,NL,2023-09-20
980,Erica,Mccann,meganbrady@example.org,ES,2023-06-20
981,George,Clark,michaelhunt@example.com,BE,2025-01-12
982,Elizabeth,Castro,zmendoza@example.com,NL,2024-08-13
983,Jeffrey,Miller,vcastillo@example.org,DE,2025-06-07
984,Doris,Buck,nancyrose@example.net,BE,2024-05-06
985,Jason,Cortez,buckleyrebecca@example.net,BE,2023-06-07
986,Richard,Goodwin,blake10@example.org,ES,2025-04-26
987,Amanda,Lopez,slucero@example.com,DE,2023-06-04
988,Michael,Chang,michael72@example.com,NL,2025-06-15
989,Monica,Henderson,lisamitchell@example.net,BE,2023-08-28
990,Kenneth,Cruz,dustin48@example.org,ES,2024-12-23
991,Joshua,Merritt,kmatthews@example.net,NL,2024-06-15
992,Terrance,Barnes,yhurst@example.com,DE,2024-12-26
993,Gina,Perez,whall@example.net,FR,2023-02-26
994,Jo,Collins,therrera@example.org,ES,2024-07-13
995,Jacqueline,Shaw,uzamora@example.com,NL,2025-05-06
996,Brian,Johnson,rebecca03@example.net,ES,2024-02-15
997,Hannah,Valencia,benjaminbolton@example.net,NL,2024-05-09
998,Heather,Pena,garyfowler@example.net,FR,2023-05-10
999,Joseph,Flynn,brandon44@example.org,DE,2024-02-28
1000,Samuel,Jones,marksmith@example.org,ES,2023-05-14
1001,Ryan,Ward,keithperkins@example.net,ES,2023-11-12
1002,Robert,Davis,elizabeth72@example.com,BE,2025-08-29
1003,Angela,Walters,kimberlycollins@example.com,NL,2023-07-03
1004,Richard,Mcdaniel,darinlarsen@example.net,ES,2023-02-08
1005,Joshua,Chaney,nmartin@example.org,NL,2023-08-03
1006,Darrell,Ball,charlessalinas@example.com,FR,2023-06-18
1007,Danny,Jones,jonathanzamora@example.net,ES,2023-06-15
1008,Carrie,Wolfe,jodiadkins@example.net,DE,2023-12-27
1009,Nicole,Allen,thompsonamy@example.net,ES,2025-12-29
1010,Joshua,Walls,qmartinez@example.org,BE,2024-09-11
1011,Walter,Wilkerson,martintiffany@example.com,DE,2023-07-13
1012,Christopher,Ellison,cameronsawyer@example.org,ES,2026-01-19
1013,Mary,Smith,samuelpetersen@example.net,FR,2023-06-25
1014,Christina,Burton,jbishop@example.com,NL,2023-10-25
1015,Anna,Klein,brittneysmall@example.com,FR,2025-09-30
1016,Patrick,Graves,julie61@example.com,BE,2023-06-27
1017,Nathaniel,Wilson,melissa10@example.org,NL,2024-06-05
1018,Nichole,Lee,vanessakelly@example.net,DE,2024-10-11
1019,Frederick,Cruz,michael56@example.net,FR,2024-08-31
1020,Matthew,Anthony,amyolsen@example.org,FR,2023-08-22
1021,Tammy,Lutz,kennedyamanda@example.org,FR,2024-02-02
1022,Alicia,Smith,scottjohn@example.org,DE,2023-09-10
1023,Jason,Garcia,georgehall@example.com,BE,2023-04-07
1024,Victoria,Acosta,vperry@example.com,ES,2025-08-17
1025,Roger,Hooper,wrodriguez@example.org,NL,2024-11-21
1026,William,Craig,evanscorey@example.org,FR,2025-06-19
1027,Cody,Ramirez,williamcastro@example.org,NL,2023-04-18
1028,Sean,Richards,mendezsamantha@example.org,NL,2023-05-08
1029,Kevin,Valdez,garymartinez@example.net,FR,2024-03-17
1030,Ashley,Miller,vkaufman@example.net,NL,2025-05-27
1031,Jennifer,Gardner,fsharp@example.net,DE,2025-11-09
1032,Alan,Gray,uwashington@example.org,DE,2025-11-10
1033,Holly,Miranda,rojasdaniel@example.org,BE,2026-01-01
1034,Michael,Ross,james61@example.org,DE,2024-04-24
1035,Danielle,Perry,marylester@example.com,NL,2025-12-13
1036,Laura,Norman,andreawatson@example.com,DE,2025-03-20
1037,Corey,Parker,bakerkaren@example.com,ES,2024-03-13
1038,Haley,Henderson,nlee@example.net,BE,2025-02-28
1039,Meghan,Obrien,martinezdeborah@example.net,BE,2023-04-08
1040,Samantha,Davis,jpetersen@example.net,DE,2023-02-03
1041,Bryan,Williams,donaldgarza@example.net,NL,2025-12-05
1042,Angela,Roberts,michelleanderson@example.com,DE,2023-12-28
1043,Jerry,Parrish,lanejose@example.net,DE,2024-02-12
1044,Carl,Lee,stacey63@example.org,ES,2024-06-10
1045,Thomas,Howe,fryemichael@example.org,FR,2025-11-29
1046,Matthew,Thomas,kristen83@example.org,FR,2023-09-24
1047,Vickie,Colon,fhinton@example.org,NL,2025-10-17
1048,Ashley,Robinson,kevin39@example.net,BE,2023-11-22
1049,Michael,Glass,garciajames@example.com,ES,2024-05-23
1050,Michelle,Rollins,sphillips@example.org,BE,2025-03-16
1051,Candice,Bailey,bookeremma@example.net,DE,2023-03-11
1052,Lisa,Watson,reyessherry@example.org,NL,2023-08-26
1053,Bruce,Bautista,jenniferchristian@example.org,FR,2024-08-29
1054,Kevin,Torres,paulagalvan@example.net,BE,2024-12-27
1055,Haley,Holmes,karen06@example.org,NL,2024-04-12
1056,Justin,Gonzales,xgardner@example.net,ES,2024-10-31
1057,Stephen,Duncan,johnsonpaul@example.org,ES,2023-05-28
1058,Isabella,Brown,curtisrose@example.org,ES,2025-04-22
1059,Miranda,Murphy,debbiehernandez@example.net,DE,2023-03-28
1060,Cynthia,Pierce,clara@example.org,FR,2023-12-31
1061,Vincent,Alexander,taylor78@example.com,NL,2023-03-12
1062,Mark,Ray,michael62@example.org,BE,2025-04-23
1063,Monique,Griffin,robin26@example.org,DE,2026-01-25
1064,Patricia,Thompson,danielbruce@example.com,BE,2023-06-16
1065,Barry,Roberts,kim08@example.com,NL,2025-02-26
1066,Michelle,Baker,kevinjohnston@example.net,BE,2024-02-18
1067,Scott,Smith,kellitucker@example.com,BE,2024-06-21
1068,Suzanne,Christensen,istevenson@example.net,BE,2024-01-28
1069,Christina,Martinez,zrivera@example.net,BE,2024-09-14
1070,Natalie,Gillespie,david62@example.com,FR,2023-10-24
1071,Catherine,Thompson,leblancjessica@example.com,NL,2023-04-23
1072,Heather,Nichols,njackson@example.org,NL,2024-08-15
1073,Amanda,Cortez,andradejasmine@example.com,ES,2023-05-12
1074,Jeffrey,Leon,rodney49@example.net,DE,2026-02-01
1075,Benjamin,Johnson,hendersontimothy@example.net,FR,2023-10-06
1076,Jacqueline,Young,thomas74@example.com,FR,2024-03-31
1077,Chelsea,Bailey,morenomichael@example.net,BE,2025-01-10
1078,Kenneth,Smith,robinsonjulie@example.net,FR,2025-12-21
1079,Scott,Lin,derek77@example.org,NL,2025-02-14
1080,Lori,Willis,harrisjennifer@example.com,DE,2024-06-30
1081,Amy,Robinson,thomasbrianna@example.com,DE,2024-10-17
1082,James,Roberts,ysullivan@example.org,ES,2025-01-01
1083,Erik,Gross,eric58@example.org,NL,2023-12-03
1084,Jacqueline,Williams,amccann@example.com,ES,2025-12-19
1085,Timothy,Preston,mariah99@example.com,NL,2024-02-20
1086,Molly,Jackson,joann25@example.com,DE,2024-10-13
1087,Christopher,Garza,buckleymark@example.org,NL,2023-05-09
1088,Paul,Johnson,dylanhoward@example.com,NL,2025-08-10
1089,Billy,Hunter,edwardrivera@example.org,NL,2023-03-22
1090,Mark,Wilson,tmartin@example.org,DE,2023-06-30
1091,Stephanie,Wheeler,jfoley@example.net,NL,2023-08-21
1092,David,Lucero,samueloneal@example.com,FR,2024-01-25
1093,Andrea,Green,angelawalsh@example.net,FR,2025-03-22
1094,Michael,Berry,benjamin69@example.com,ES,2024-10-05
1095,Kyle,Fowler,trevor27@example.org,BE,2023-05-26
1096,Meagan,Wright,kristinaherrera@example.com,ES,2025-01-23
1097,Anne,Burns,johnharvey@example.com,FR,2023-07-10
1098,Elizabeth,Mahoney,omcclain@example.org,FR,2023-04-09
1099,Jimmy,White,danielle66@example.net,BE,2025-10-08
1100,Kevin,Bryant,framirez@example.net,ES,2024-07-09
1101,Christina,Ritter,wallerchristopher@example.com,BE,2025-08-29
1102,Belinda,Davis,theresa43@example.org,BE,2025-04-05
1103,Timothy,Robinson,wschmidt@example.com,BE,2025-06-18
1104,Kelly,Ball,alicia31@example.net,ES,2025-04-08
1105,Katherine,Aguilar,yzhang@example.org,DE,2023-03-13
1106,Joy,Roberts,katrina13@example.org,ES,2025-01-16
1107,Tammy,Daniels,dparsons@example.com,NL,2023-10-30
1108,Mike,Clayton,macdonalderic@example.org,ES,2024-05-24
1109,Kevin,Russell,carteramber@example.com,FR,2023-05-29
1110,Michael,Stewart,davisjason@example.org,DE,2026-01-21
1111,Mary,Bryant,susanlindsey@example.net,BE,2025-11-18
1112,Michael,Wilson,sierrapreston@example.net,FR,2023-03-24
1113,Jason,Stevens,rclay@example.net,FR,2024-03-22
1114,Katherine,Gibson,jessicaburns@example.net,ES,2023-06-28
1115,Eugene,Miller,jessicaarnold@example.com,NL,2023-12-30
1116,Taylor,Jimenez,katelyn56@example.com,NL,2023-08-15
1117,Kevin,Young,danieltaylor@example.org,ES,2023-10-12
1118,Alex,Lewis,dianabrown@example.com,ES,2023-10-07
1119,Randy,Obrien,holdermariah@example.org,DE,2025-11-03
1120,Brittany,Garcia,michaelhall@example.net,DE,2025-09-13
1121,David,Crawford,vsimon@example.org,DE,2024-04-21
1122,Jason,Terry,tylerjohnson@example.com,FR,2023-08-24
1123,Elizabeth,Martin,ingramlisa@example.com,NL,2024-11-10
1124,Angela,Willis,flemingjohn@example.com,NL,2024-10-01
1125,Steven,Webster,heather52@example.net,BE,2025-06-10
1126,David,Hendricks,vfuentes@example.org,FR,2024-06-30
1127,Douglas,Hamilton,irivera@example.net,DE,2023-02-19
1128,Eric,Lopez,randallcrane@example.net,FR,2025-03-16
1129,Brandi,Bradford,perezkatherine@example.com,BE,2024-04-30
1130,Kevin,Vaughan,jasonturner@example.org,DE,2024-11-24
1131,Brent,Foster,valenciabrenda@example.com,NL,2023-08-25
1132,Christopher,Meza,zachary37@example.net,FR,2025-05-31
1133,Christopher,Swanson,ywood@example.net,DE,2023-08-19
1134,Linda,Prince,briannaphillips@example.org,BE,2025-09-05
1135,Collin,Bryan,mmarshall@example.com,ES,2024-01-23
1136,Trevor,Barrett,scott76@example.net,ES,2023-06-19
1137,Michelle,Fields,youngkyle@example.org,DE,2023-08-21
1138,Benjamin,Maddox,george06@example.org,NL,2024-08-08
1139,Nancy,Harris,lisa25@example.net,NL,2026-01-29
1140,Shelly,Taylor,kristin29@example.net,ES,2023-12-06
1141,Dylan,Miller,osingleton@example.org,FR,2025-07-15
1142,Sean,Benjamin,yross@example.net,ES,2023-06-02
1143,Brandon,Weber,george33@example.org,BE,2024-07-13
1144,Matthew,Ball,floresronald@example.com,FR,2024-08-24
1145,Melissa,Yang,haaswilliam@example.org,BE,2024-05-21
1146,Robert,Walker,maria53@example.net,DE,2025-06-07
1147,Allison,Johnson,monica19@example.com,FR,2025-08-16
1148,Nicole,Hardin,uwright@example.org,DE,2024-06-04
1149,James,Deleon,michael42@example.com,FR,2025-01-07
1150,Laurie,Roberts,vegacheyenne@example.org,DE,2025-06-27
1151,Jeffrey,Hanson,deborahfigueroa@example.com,ES,2025-03-26
1152,Kristina,Harris,brittanycase@example.net,FR,2024-10-26
1153,Samuel,Garcia,omartin@example.net,FR,2024-09-16
1154,Clifford,Baker,lambmitchell@example.com,NL,2024-12-26
1155,Marc,Brown,tsnyder@example.org,NL,2023-12-04
1156,Eric,Preston,idudley@example.com,NL,2025-11-13
1157,Todd,Quinn,smaldonado@example.com,FR,2024-02-06
1158,Betty,Moore,rogerdavis@example.org,ES,2025-03-07
1159,Nicholas,Moreno,samanthamcguire@example.org,DE,2025-09-03
1160,Alexander,Barber,njones@example.com,BE,2023-09-07
1161,Robert,Fuller,belleric@example.com,ES,2024-02-16
1162,Tracy,Henson,bcopeland@example.com,BE,2023-04-17
1163,Tara,Wilson,mdavis@example.net,FR,2023-05-12
1164,Joseph,Knight,nathanandrews@example.net,ES,2023-08-02
1165,Courtney,Booker,wigginsrhonda@example.com,DE,2023-11-17
1166,Marc,Washington,ksimmons@example.com,ES,2023-09-13
1167,Kelsey,Pope,kayla23@example.net,BE,2023-05-19
1168,Gregory,Jones,lbriggs@example.net,BE,2023-11-22
1169,Emily,Olson,victorperkins@example.org,DE,2023-11-26
1170,Cheryl,Mcdonald,wilsonmichael@example.org,FR,2026-01-27
1171,Trevor,Mcgrath,marcusdougherty@example.com,FR,2023-07-19
1172,Travis,Marsh,derrick48@example.com,NL,2025-03-10
1173,Mary,Mclaughlin,rberry@example.net,FR,2023-05-18
1174,James,Richards,brittney91@example.org,BE,2024-10-24
1175,John,Jenkins,howardjeremy@example.com,NL,2023-05-16
1176,Heather,Orr,shelly76@example.com,FR,2024-09-17
1177,William,Pineda,zcoleman@example.net,NL,2025-06-23
1178,Kelly,Arnold,hernandezeric@example.net,DE,2025-09-26
1179,Jessica,Hall,abigailromero@example.com,FR,2024-01-01
1180,Manuel,Mccall,iweaver@example.net,FR,2025-04-05
1181,Kristen,Cain,morrowapril@example.com,DE,2024-12-15
1182,Allison,Mitchell,jeffrey23@example.com,ES,2025-05-19
1183,Crystal,Williamson,crystal39@example.org,BE,2024-08-07
1184,Vanessa,Rogers,sandersbilly@example.net,DE,2024-05-13
1185,David,Nelson,zacharyburns@example.net,NL,2025-10-11
1186,Marissa,Rodriguez,jason10@example.com,NL,2024-08-07
1187,Victor,King,dixonjoseph@example.org,FR,2024-10-16
1188,Catherine,Salas,sheppardjoseph@example.com,BE,2023-09-03
1189,Joe,Diaz,davidharmon@example.org,BE,2023-04-27
1190,Brian,Burke,ngibson@example.net,BE,2024-10-29
1191,Brandon,Gregory,gonzalezlinda@example.com,NL,2023-04-05
1192,Kathryn,Becker,matthewmurphy@example.net,NL,2023-02-22
1193,Ricky,Aguilar,simmonscarrie@example.com,BE,2023-06-12
1194,Tina,Payne,gphillips@example.com,DE,2023-03-13
1195,Lauren,Griffin,juliestark@example.org,ES,2025-10-31
1196,Jessica,Vaughn,lwilkerson@example.net,BE,2025-01-13
1197,Jeffrey,King,kennethstevens@example.com,BE,2025-02-02
1198,Richard,Arnold,taramercado@example.com,NL,2023-02-22
1199,Elizabeth,Hicks,nealmichael@example.com,DE,2024-04-01
1200,Anthony,Miller,butlermelanie@example.com,ES,2025-01-19
1201,Stephanie,Moore,brad41@example.com,DE,2023-09-15
1202,Kimberly,Stewart,kristaruiz@example.net,DE,2026-01-10
1203,Catherine,Morrow,mitchelldavid@example.net,ES,2025-07-01
1204,Joseph,Bridges,swansonangela@example.org,ES,2024-06-22
1205,Brandon,Sanchez,jimmytrujillo@example.com,DE,2024-07-24
1206,Jill,Harrison,blake30@example.net,DE,2025-07-31
1207,Stephen,Long,schapman@example.com,BE,2023-09-14
1208,Sean,Blackburn,mmoreno@example.com,DE,2024-08-05
1209,Yolanda,Mccall,jennawilliams@example.net,FR,2025-03-18
1210,Amanda,Thompson,watsonallison@example.org,NL,2025-08-09
1211,Erica,Rodriguez,barrettheather@example.org,BE,2024-02-02
1212,Holly,Young,amorgan@example.com,BE,2024-11-09
1213,Wesley,Ward,brandonbrown@example.org,FR,2024-06-24
1214,Adam,Davis,darren15@example.com,DE,2025-07-15
1215,Krista,George,clarkechristopher@example.net,BE,2025-05-31
1216,Jennifer,Smith,qstanley@example.net,BE,2025-11-22
1217,Zachary,Matthews,beverlygutierrez@example.net,BE,2023-10-25
1218,Jessica,Browning,adamstiffany@example.org,BE,2024-07-15
1219,Stephanie,Montgomery,hgreen@example.com,NL,2023-10-31
1220,Angela,Mckenzie,ricardopadilla@example.net,FR,2023-06-02
1221,Rachel,Mccarty,uphelps@example.com,NL,2025-04-29
1222,Rachel,Myers,richard15@example.net,BE,2024-08-03
1223,Jessica,Castaneda,christiewhite@example.net,DE,2025-10-10
1224,Brian,Scott,chelsea21@example.com,ES,2024-10-19
1225,Justin,Cross,rhonda04@example.com,ES,2025-01-26
1226,Christine,Leonard,jessica37@example.com,NL,2023-05-24
1227,Andrew,Lawson,kimberlymiller@example.net,ES,2024-11-20
1228,Bryan,Miller,rebecca54@example.net,NL,2026-01-07
1229,Renee,Marsh,donald68@example.net,ES,2026-01-19
1230,Taylor,Hensley,astevens@example.net,BE,2024-09-25
1231,Anne,Parker,james84@example.org,BE,2024-09-16
1232,Kelsey,Bradley,chadochoa@example.com,DE,2023-10-30
1233,Matthew,Rodriguez,madison77@example.com,DE,2023-12-03
1234,Michael,Miller,dillonwilliam@example.org,ES,2024-09-29
1235,James,Liu,holmeskylie@example.com,DE,2023-11-28
1236,Catherine,Gonzalez,snyderlonnie@example.com,NL,2025-09-07
1237,Dawn,Johnson,cynthia21@example.org,BE,2024-12-17
1238,Nicholas,Nguyen,jshaw@example.net,BE,2025-01-26
1239,Charles,Nelson,burtondenise@example.net,NL,2024-04-21
1240,James,White,jenniferwilliamson@example.com,FR,2026-01-29
1241,Patrick,Holmes,markwatts@example.org,ES,2025-01-15
1242,Wesley,Knight,johnferrell@example.com,NL,2025-10-06
1243,Sabrina,Bishop,tom74@example.net,DE,2024-01-27
1244,Angela,Cooley,robinsonhenry@example.com,ES,2025-04-06
1245,Rebecca,Scott,phuffman@example.net,FR,2025-03-18
1246,Jennifer,Evans,kyle75@example.net,NL,2025-12-02
1247,Kenneth,Cole,wilsonjacob@example.net,BE,2026-01-14
1248,Stephen,Barnes,lauramedina@example.net,BE,2025-05-11
1249,Brittany,Monroe,mcurry@example.net,ES,2024-04-10
1250,Steven,Blackburn,martincourtney@example.org,BE,2024-11-10
1251,Wayne,Taylor,clarkdavid@example.org,DE,2023-04-02
1252,Kimberly,Carson,crossmark@example.net,ES,2026-01-27
1253,Gabriella,Jensen,johnsonamanda@example.net,DE,2023-07-10
1254,Robert,Maldonado,moralesjames@example.net,ES,2023-03-18
1255,Jonathan,Miller,jordan51@example.org,BE,2023-08-23
1256,Kimberly,Cannon,stephenmitchell@example.com,FR,2024-08-04
1257,Danielle,Valencia,nathaniel19@example.net,ES,2025-11-10
1258,Elizabeth,Johnson,craiggray@example.org,DE,2023-02-16
1259,Bradley,Marshall,hklein@example.org,BE,2025-09-10
1260,Emily,Williams,ashaw@example.net,NL,2025-06-07
1261,Andrew,Guerrero,wolfediane@example.net,BE,2023-10-19
1262,William,Leblanc,elizabeth61@example.com,FR,2025-04-18
1263,Sarah,Mercado,vgreen@example.org,BE,2023-07-07
1264,Tanya,Coffey,pharris@example.net,DE,2024-07-29
1265,Teresa,Mcclure,amy86@example.com,NL,2025-04-03
1266,Joshua,Miller,destiny12@example.net,NL,2025-04-28
1267,John,Hill,gregorybailey@example.net,BE,2025-09-27
1268,Justin,Johnson,hollowaywayne@example.org,FR,2025-09-07
1269,Timothy,Johnson,njensen@example.org,BE,2025-02-01
1270,Omar,Mitchell,paynedennis@example.org,NL,2024-03-30
1271,Frank,Barnett,mark26@example.org,NL,2025-02-10
1272,April,Booker,micheal74@example.com,NL,2025-05-28
1273,Joe,Rose,thomascody@example.org,NL,2026-01-20
1274,Nancy,Oliver,xclayton@example.net,NL,2023-10-27
1275,Brandy,Stark,pellis@example.net,ES,2024-08-20
1276,John,Ashley,staceybeard@example.net,BE,2024-04-04
1277,Tony,Allen,stricklandgloria@example.org,NL,2023-04-30
1278,Nancy,Pearson,jesse42@example.org,DE,2025-12-06
1279,Lori,Stevens,zdorsey@example.net,ES,2023-02-12
1280,Scott,Boyd,longbilly@example.net,NL,2023-06-16
1281,Alexis,Norman,marcus48@example.net,ES,2024-09-26
1282,Christopher,Caldwell,rward@example.com,DE,2023-10-16
1283,Norma,Briggs,christophermiller@example.org,ES,2025-01-14
1284,Walter,Briggs,ravenjoyce@example.com,NL,2023-12-26
1285,Danny,Morris,frank14@example.org,BE,2025-09-13
1286,Dillon,Carrillo,branchchristopher@example.net,BE,2024-03-08
1287,Lindsey,Garcia,ysloan@example.org,BE,2023-04-04
1288,Bobby,Navarro,gmunoz@example.org,FR,2023-02-05
1289,James,Miller,thomascook@example.org,NL,2024-08-28
1290,Charles,Johnson,catherinepeters@example.org,NL,2024-05-28
1291,Michelle,Newton,april55@example.net,BE,2024-07-31
1292,David,Foster,tammyquinn@example.net,FR,2025-09-28
1293,David,Carter,nscott@example.net,NL,2023-09-25
1294,Kristen,Mcdaniel,perezkimberly@example.net,BE,2023-12-01
1295,Aimee,Cabrera,walkerbarry@example.net,FR,2025-04-20
1296,Terri,Chavez,thomasrobert@example.net,BE,2025-08-19
1297,Edward,Chapman,vhall@example.org,ES,2023-10-01
1298,Kimberly,Garcia,levydavid@example.net,FR,2023-06-18
1299,Julie,Ruiz,zkaiser@example.net,FR,2024-06-13
1300,Sarah,Spencer,hmontoya@example.com,ES,2025-05-10
1301,Melissa,Bell,phurst@example.com,ES,2024-10-05
1302,Kimberly,Sanchez,mooreangie@example.com,ES,2025-11-12
1303,Rachael,Gonzalez,hermancourtney@example.net,DE,2023-12-19
1304,Donna,Herrera,ecalderon@example.com,ES,2024-08-14
1305,Christopher,Parks,barbara45@example.com,NL,2023-10-10
1306,Barbara,Garcia,justin63@example.org,ES,2025-06-21
1307,Pam,Brown,russellmichael@example.net,DE,2024-02-09
1308,Dominic,Weaver,robertsonkatherine@example.com,BE,2025-05-24
1309,David,Martinez,brianna68@example.org,FR,2025-07-03
1310,Elizabeth,Lambert,dustinsheppard@example.net,BE,2024-07-03
1311,Paul,Smith,taylor81@example.com,FR,2025-08-10
1312,Dawn,Harrison,robertstimothy@example.org,NL,2023-10-26
1313,Nicholas,Kennedy,evanroberts@example.net,DE,2026-01-13
1314,Denise,Goodman,grayjennifer@example.org,ES,2023-10-15
1315,Joyce,Norris,xhansen@example.org,ES,2024-10-23
1316,Gina,Wang,barbaraspence@example.net,DE,2024-12-24
1317,Lori,Griffin,rothpatricia@example.com,ES,2023-06-19
1318,Elizabeth,Harding,gibsonerica@example.net,NL,2025-02-20
1319,Ronald,Larson,blackmary@example.org,DE,2024-06-03
1320,David,Lopez,karen88@example.org,BE,2025-01-18
1321,Laura,Simpson,lesliesmith@example.com,DE,2024-08-27
1322,Kelly,Bowen,braykeith@example.net,DE,2025-01-09
1323,Aaron,Ibarra,ryankaren@example.org,DE,2023-05-06
1324,Wesley,Delgado,lcox@example.net,FR,2023-10-21
1325,Dustin,Park,hlara@example.net,NL,2023-12-08
1326,Benjamin,Cook,sharonadams@example.org,BE,2023-12-25
1327,Oscar,Taylor,rodney66@example.net,FR,2025-09-04
1328,Garrett,Reed,leeandrew@example.org,BE,2025-08-31
1329,David,Robertson,davidsmith@example.org,FR,2024-04-24
1330,Susan,Kennedy,huangtammy@example.net,NL,2024-12-19
1331,Johnny,Gutierrez,jessica55@example.com,FR,2024-04-25
1332,Luis,Smith,cummingsmelissa@example.org,ES,2023-02-20
1333,Austin,Kaufman,daniel84@example.net,DE,2025-10-09
1334,Edward,Christensen,cynthia35@example.com,DE,2024-05-27
1335,Aimee,Wise,harveysuzanne@example.net,ES,2023-07-03
1336,Rebecca,Vega,thomascurry@example.com,NL,2023-05-27
1337,Amy,Gilbert,oknight@example.net,ES,2025-11-21
1338,Shelby,Chavez,alexisandrews@example.org,NL,2024-06-14
1339,Joseph,Goodwin,ljones@example.net,ES,2024-11-22
1340,Jennifer,King,ojones@example.org,FR,2024-03-20
1341,Beth,Campbell,gillespiesydney@example.org,FR,2023-03-24
1342,Taylor,Carter,vmolina@example.com,BE,2026-01-21
1343,Adam,Francis,juliacooley@example.org,DE,2023-03-18
1344,Larry,Orozco,elizabeth25@example.net,DE,2024-12-31
1345,Steven,Baker,frances07@example.com,DE,2023-03-20
1346,Charles,Nelson,brownnathan@example.org,FR,2023-12-13
1347,Christina,Peterson,jenna36@example.com,FR,2025-08-03
1348,Mark,Navarro,floresmichael@example.net,FR,2024-09-18
1349,Denise,Smith,qpearson@example.com,FR,2024-07-26
1350,Sarah,Meza,christineroberts@example.com,ES,2024-05-11
1351,Johnny,Townsend,ronaldwarner@example.com,DE,2024-03-23
1352,Patricia,Perry,fisherdebbie@example.com,FR,2023-11-25
1353,Charles,Owens,josephjones@example.org,DE,2023-03-04
1354,Steven,Pena,ann38@example.com,BE,2026-01-10
1355,Sean,Willis,mariawalters@example.com,ES,2025-05-07
1356,Justin,Liu,eromero@example.net,FR,2025-04-22
1357,Savannah,Pierce,kimberlymoore@example.net,NL,2025-02-13
1358,Melissa,Smith,lhart@example.org,ES,2023-04-19
1359,Paul,Cross,dayalyssa@example.org,BE,2023-05-17
1360,Sean,Solomon,xchapman@example.net,DE,2025-08-29
1361,Jamie,Abbott,connor14@example.com,BE,2024-04-04
1362,Brian,Harrison,cbarnes@example.org,BE,2023-08-11
1363,Shannon,Riley,michaelflores@example.net,DE,2024-05-10
1364,Daniel,Smith,kferguson@example.com,NL,2025-01-29
1365,Anthony,Berry,jmercado@example.net,BE,2023-10-07
1366,John,Gonzalez,washingtontimothy@example.org,NL,2023-06-05
1367,Michael,Harmon,bellhannah@example.com,BE,2025-11-19
1368,Matthew,Riley,jimmychandler@example.com,BE,2025-06-02
1369,Elizabeth,Oneill,jacqueline61@example.net,FR,2025-12-19
1370,Walter,Stanton,luis32@example.com,ES,2023-06-04
1371,Donna,Hall,vluna@example.org,ES,2025-10-06
1372,Luke,Murphy,davidwilkins@example.org,NL,2024-06-19
1373,James,Cervantes,noblelucas@example.org,BE,2024-10-17
1374,Roberto,Waters,mayjames@example.com,NL,2024-11-19
1375,Kimberly,Brown,hchung@example.org,FR,2023-08-29
1376,Lance,Ellis,davislauren@example.net,FR,2023-06-05
1377,Sarah,Smith,hoconnor@example.net,NL,2024-05-29
1378,Eric,West,clairebishop@example.net,BE,2023-04-26
1379,Raymond,Williams,qthompson@example.net,BE,2023-02-28
1380,Erica,Trujillo,clarkrichard@example.com,NL,2025-10-20
1381,Aaron,Jackson,nathangallegos@example.org,FR,2025-02-07
1382,Carlos,Cohen,wallerchristopher@example.org,NL,2025-01-06
1383,Virginia,Ferguson,schneiderjohn@example.net,DE,2024-10-08
1384,Larry,Dillon,jcompton@example.com,ES,2025-11-27
1385,Jennifer,Romero,shannonroberts@example.net,FR,2024-09-21
1386,Alexandria,Davis,pharper@example.org,DE,2025-10-30
1387,Heidi,Johnson,tpadilla@example.net,ES,2023-02-08
1388,Sharon,Johnson,andersonjohn@example.org,NL,2025-01-13
1389,Crystal,Moore,welchsarah@example.org,BE,2025-06-25
1390,Kathryn,Duran,teresagarcia@example.com,FR,2023-10-30
1391,Brittany,Kelley,cameroneverett@example.net,ES,2024-04-14
1392,Victoria,Benson,susanriley@example.org,NL,2023-10-07
1393,Amanda,Anderson,johnmorales@example.org,NL,2023-03-25
1394,Christine,Reyes,rubenwilson@example.com,BE,2023-10-12
1395,Miguel,Graham,randy52@example.com,DE,2024-06-12
1396,Nancy,Rice,karen05@example.net,DE,2023-06-16
1397,Jennifer,Taylor,dmartin@example.org,ES,2023-04-27
1398,Julie,Herman,smithheidi@example.org,NL,2023-03-03
1399,Jessica,Vincent,wwalker@example.com,ES,2024-03-23
1400,Jared,Bishop,april09@example.net,FR,2023-11-28
1401,Melissa,Barrett,watkinsshawn@example.net,NL,2024-11-28
1402,Laura,Crawford,tiffany20@example.org,FR,2023-04-20
1403,Nathan,Parker,pmontes@example.org,FR,2025-09-01
1404,Kenneth,Banks,paul45@example.com,FR,2025-04-26
1405,Samantha,Garcia,james96@example.net,BE,2023-05-21
1406,Theresa,Mayer,mwhite@example.net,DE,2024-11-12
1407,John,Parks,nadams@example.org,ES,2025-06-27
1408,Christopher,Perez,justinboyd@example.net,BE,2023-11-26
1409,Amy,Brown,eriksavage@example.net,BE,2024-02-10
1410,Michael,Jenkins,christinebowman@example.net,FR,2024-04-11
1411,Nicholas,Walker,carlajohnson@example.net,FR,2024-12-11
1412,Nicholas,Grant,lmadden@example.org,NL,2025-10-27
1413,Christopher,Mueller,joeramirez@example.org,DE,2023-10-31
1414,Matthew,Bailey,courtneycarter@example.org,BE,2025-05-30
1415,Mathew,Lara,justinayala@example.net,NL,2024-04-08
1416,Christina,Riddle,sallydavis@example.net,DE,2023-09-26
1417,Tyler,Pena,thomasharris@example.com,FR,2025-05-15
1418,Robert,Adams,zacharypetersen@example.com,DE,2023-09-14
1419,Alyssa,White,juliawalker@example.net,ES,2023-07-30
1420,Kenneth,English,michelle09@example.net,NL,2023-11-30
1421,Angela,Thomas,wrose@example.net,ES,2023-11-09
1422,Michael,Duncan,zmorales@example.net,FR,2025-06-30
1423,Robert,Moore,csoto@example.org,NL,2025-06-11
1424,Francisco,Jordan,vmoon@example.com,FR,2025-11-08
1425,Ray,Schultz,lindapowell@example.com,BE,2026-01-09
1426,Brandy,Parsons,jamie69@example.org,FR,2023-06-21
1427,Mary,Collins,olivia68@example.org,FR,2025-05-25
1428,Nicole,Carter,pamelawood@example.net,NL,2023-10-08
1429,Andre,Cohen,lynn17@example.org,BE,2023-07-29
1430,Robin,Stewart,angelatran@example.com,DE,2024-07-06
1431,Michaela,Newman,rodgersnicholas@example.org,NL,2024-12-17
1432,Jamie,Ramos,nichole69@example.com,ES,2024-09-02
1433,Raymond,Burns,adamsteele@example.com,FR,2025-07-01
1434,Christopher,Patel,kristin07@example.org,NL,2025-08-14
1435,Aaron,Aguilar,lmckay@example.com,DE,2025-07-07
1436,David,Villa,kristen63@example.net,ES,2025-10-12
1437,Micheal,Myers,emilythomas@example.net,DE,2025-07-11
1438,Samuel,Frost,stephaniebeck@example.com,FR,2026-01-12
1439,Alan,King,hensleydenise@example.net,DE,2024-10-14
1440,Catherine,Avery,kjones@example.com,NL,2024-10-20
1441,Vincent,Cook,justinharvey@example.com,NL,2024-01-02
1442,Autumn,Clarke,bobbygeorge@example.org,DE,2024-08-18
1443,Shane,Conley,matthew20@example.com,DE,2024-03-05
1444,Marcus,Guzman,uklein@example.com,ES,2025-10-25
1445,Alexander,Jackson,thomascowan@example.org,BE,2025-12-06
1446,Shawna,Crosby,ulong@example.net,DE,2024-08-20
1447,Claire,Wilson,cookjames@example.net,NL,2024-11-25
1448,Kelly,Rodriguez,ashleyvaldez@example.com,BE,2025-05-03
1449,Daniel,Fuller,maysarah@example.net,ES,2024-05-25
1450,Spencer,Ford,melanie22@example.net,ES,2025-05-13
1451,Mary,Nguyen,sarah23@example.net,ES,2024-08-25
1452,Emily,Black,joseph92@example.org,FR,2024-10-15
1453,Keith,Blake,briana99@example.org,BE,2024-12-17
1454,Amanda,Bennett,duffycindy@example.org,NL,2023-06-27
1455,Brandon,Oliver,ncross@example.net,BE,2025-11-17
1456,Thomas,Walton,david47@example.org,BE,2023-03-25
1457,Emily,Ramos,hernandezerica@example.com,BE,2025-04-24
1458,Courtney,Odom,thomas49@example.org,BE,2025-01-06
1459,Brandon,Gregory,thomaswhite@example.com,DE,2024-10-06
1460,Rachel,Reed,johnsonchristopher@example.com,DE,2025-12-13
1461,Gregory,Fitzgerald,nwest@example.com,NL,2024-06-07
1462,Darlene,Nelson,bpowers@example.net,DE,2023-06-03
1463,Deborah,King,cookwilliam@example.org,FR,2025-02-10
1464,David,Davis,tonyatodd@example.com,ES,2024-07-06
1465,Patrick,Gallagher,rogersjoshua@example.com,BE,2023-12-23
1466,Andrea,Castro,qlamb@example.org,FR,2024-10-05
1467,Kimberly,Soto,wanda51@example.net,BE,2026-01-22
1468,Laura,Thomas,emonroe@example.com,FR,2023-07-12
1469,George,Taylor,johnarias@example.net,DE,2023-10-12
1470,Paul,Ramirez,rodgersdavid@example.com,ES,2023-10-31
1471,Karen,Huynh,edwardgarcia@example.net,DE,2025-09-04
1472,Julie,Green,dcannon@example.org,FR,2024-09-16
1473,Joseph,Mora,johnathan81@example.net,DE,2025-06-10
1474,Marie,Lewis,smithdustin@example.org,ES,2024-03-30
1475,Robert,Solomon,david43@example.org,FR,2025-03-16
1476,Jeffrey,Schmidt,john57@example.com,NL,2025-12-29
1477,Stephen,Brooks,uperkins@example.org,BE,2023-10-25
1478,Judy,Galloway,hunterchristopher@example.com,DE,2023-06-19
1479,Tracy,Little,stanleygarcia@example.com,DE,2023-04-26
1480,Mark,Mack,leonardtodd@example.org,FR,2025-07-08
1481,Robin,Glover,rodriguezchristopher@example.net,NL,2023-12-02
1482,Sean,Archer,hernandezana@example.org,DE,2023-07-20
1483,Margaret,Cook,justinmay@example.net,ES,2024-03-15
1484,Andrea,Griffith,tina95@example.net,NL,2025-12-30
1485,Joshua,Lowery,kingbrian@example.org,FR,2023-03-09
1486,Matthew,Pollard,taylorjerry@example.org,DE,2025-05-01
1487,Kevin,Leon,nyoung@example.net,BE,2024-09-20
1488,Megan,Morales,ijackson@example.com,BE,2024-12-26
1489,Lisa,Porter,dramirez@example.org,ES,2025-01-01
1490,Joseph,Schroeder,haynesann@example.net,DE,2026-01-09
1491,Jodi,Goodwin,stoneholly@example.com,ES,2023-07-02
1492,Melissa,Moyer,ayersrobert@example.net,ES,2023-10-30
1493,Amy,Freeman,hamiltonshane@example.com,DE,2024-01-18
1494,Rebecca,Garcia,kimwilliam@example.net,NL,2023-07-10
1495,Allison,Todd,morrowjesse@example.com,BE,2025-05-13
1496,Don,Williams,amandacampbell@example.net,ES,2025-08-28
1497,Casey,Marshall,darlenebaldwin@example.net,FR,2024-01-19
1498,Wendy,Morrison,nicholasparker@example.org,FR,2024-10-16
1499,William,Ruiz,johnsonrebecca@example.com,DE,2024-07-04
1500,Michael,Medina,kmyers@example.com,BE,2023-06-25
1501,Nicholas,Larsen,jwhite@example.com,NL,2024-03-16
1502,William,Carter,javier98@example.org,ES,2023-05-11
1503,Michael,Everett,katiebennett@example.org,DE,2024-06-08
1504,Andrew,Phillips,wcraig@example.org,ES,2025-05-21
1505,Anthony,Griffin,jonesandrea@example.net,BE,2024-10-15
1506,Melissa,Hall,jasonho@example.net,ES,2025-07-04
1507,Helen,Woods,opierce@example.org,BE,2025-12-10
1508,Tara,Parsons,normanalicia@example.net,BE,2023-09-03
1509,Justin,Cooke,donaldsmith@example.net,NL,2023-12-16
1510,Eric,Sutton,mary69@example.com,DE,2025-10-31
1511,Eugene,Rogers,joshuarasmussen@example.net,FR,2025-02-15
1512,Jason,Watson,katherinedecker@example.com,DE,2023-04-05
1513,Grant,Mccann,esmith@example.net,NL,2023-12-16
1514,Benjamin,Berry,lacevedo@example.net,ES,2025-11-23
1515,Shawn,Curtis,escobarcraig@example.com,BE,2023-12-15
1516,Robert,Cooley,nortongabriel@example.org,BE,2026-01-07
1517,Chelsea,Cobb,katherineavery@example.com,ES,2025-09-30
1518,Karen,Meadows,jennifer60@example.com,ES,2025-10-20
1519,Nicole,Guzman,chris90@example.org,FR,2023-08-29
1520,Jonathan,Schneider,jeffreywilliams@example.org,NL,2023-07-19
1521,Luke,Wade,ann41@example.org,ES,2025-12-06
1522,Gregory,Brown,melissa42@example.net,ES,2025-10-19
1523,Jeffrey,Gibbs,hoodthomas@example.com,NL,2025-05-12
1524,Andrew,Montes,jasmin30@example.com,DE,2024-02-11
1525,Joshua,Carroll,janet62@example.org,FR,2025-06-10
1526,Suzanne,Brown,ryan76@example.net,NL,2023-02-26
1527,Sandra,Weeks,emilyyoung@example.org,BE,2023-12-24
1528,Brian,Martin,grantstone@example.com,BE,2024-07-31
1529,Colleen,Williams,kwheeler@example.org,FR,2024-04-30
1530,Sarah,Simpson,tateroberta@example.org,BE,2025-04-13
1531,Adam,King,mcknightjose@example.com,ES,2024-10-21
1532,Michael,Cummings,bill09@example.com,BE,2025-08-21
1533,Johnny,Whitaker,justinstephens@example.org,ES,2024-01-06
1534,Nicole,Gomez,robertriley@example.com,BE,2023-03-15
1535,William,Snyder,cassidy20@example.net,BE,2023-05-07
1536,Martin,Clark,williamduffy@example.org,NL,2023-05-14
1537,Natalie,Gonzalez,watsonbenjamin@example.net,BE,2023-06-10
1538,Angela,Davis,nealjames@example.com,BE,2024-10-25
1539,James,Wheeler,freemanmarcus@example.net,BE,2024-09-17
1540,Angela,Price,oswanson@example.net,ES,2023-02-26
1541,Charles,Bass,johnsoncasey@example.org,BE,2023-08-24
1542,Patrick,Matthews,michaelbrown@example.org,ES,2023-08-30
1543,Rebecca,Kennedy,alexanderjennifer@example.org,DE,2025-08-14
1544,Alan,Baird,parkerseth@example.org,NL,2024-12-21
1545,Joshua,Cain,michaelbailey@example.net,NL,2024-09-10
1546,Kevin,Frazier,elizabethstuart@example.net,FR,2023-08-24
1547,Tracy,Vazquez,carolynlane@example.net,DE,2024-02-11
1548,Savannah,Garza,andrew35@example.org,ES,2023-04-29
1549,Jonathan,Stephens,jamesobrien@example.com,FR,2024-02-14
1550,Micheal,Curtis,ohayes@example.net,FR,2024-01-16
1551,Krista,Gomez,torresrobert@example.net,FR,2025-02-12
1552,Christina,Simon,schneidertamara@example.net,BE,2023-05-21
1553,Sarah,Hebert,angela30@example.net,FR,2025-07-20
1554,Brent,Castro,bdominguez@example.com,ES,2024-01-22
1555,Joshua,Turner,jack36@example.com,BE,2023-10-08
1556,Debra,Perry,apeters@example.org,FR,2025-09-26
1557,Jacob,Rose,mikesimpson@example.org,BE,2025-04-26
1558,Erica,Hughes,megan19@example.net,NL,2025-08-05
1559,Katie,Pacheco,sandy46@example.com,FR,2023-02-03
1560,Sharon,Rhodes,williamsmelissa@example.org,DE,2025-06-18
1561,Dana,Kelley,john74@example.org,DE,2024-08-10
1562,Erin,Nelson,ashley93@example.com,DE,2023-12-18
1563,Kaitlyn,Nichols,tatefernando@example.net,BE,2024-10-02
1564,Kelsey,Keller,stacy09@example.com,DE,2025-10-28
1565,Elizabeth,Miller,matthew31@example.com,DE,2024-05-10
1566,Kimberly,Garcia,uhart@example.org,NL,2024-01-26
1567,Claire,Nash,tiffany29@example.com,DE,2024-02-29
1568,Victoria,Vaughan,hernandezjonathan@example.net,BE,2024-06-04
1569,Amanda,Hall,myersdevin@example.net,FR,2023-03-22
1570,Joy,Ellis,brittanysilva@example.net,ES,2025-02-25
1571,Douglas,Young,catherine60@example.com,DE,2024-11-10
1572,Laura,Willis,rickycollins@example.com,FR,2024-10-20
1573,Lorraine,Buckley,marktorres@example.net,ES,2023-07-19
1574,Joshua,Anderson,kylealvarez@example.org,DE,2024-03-11
1575,Joshua,Baker,shanehaney@example.org,DE,2023-04-01
1576,Lauren,Ellis,dmarks@example.org,BE,2024-08-18
1577,Cody,Johnston,mccoybriana@example.net,NL,2023-05-20
1578,Lisa,Jones,kristine61@example.org,ES,2024-12-14
1579,Daniel,Wong,sampsongeorge@example.org,DE,2024-03-28
1580,Tiffany,Lopez,matthew70@example.com,FR,2024-08-24
1581,Sheri,Lester,hoodmargaret@example.com,BE,2025-02-25
1582,Kimberly,Mason,davislisa@example.net,DE,2023-11-10
1583,James,Salazar,michael86@example.com,DE,2024-12-26
1584,Sergio,Ward,emily89@example.org,NL,2023-08-20
1585,Carlos,Estrada,joshua75@example.org,FR,2026-02-02
1586,Larry,Miller,danaadams@example.net,DE,2025-10-15
1587,Eric,Taylor,tanya30@example.com,ES,2024-11-01
1588,Tammy,Frederick,dawn44@example.net,NL,2025-05-07
1589,Rachel,Lee,johnsonbrett@example.com,BE,2024-09-02
1590,Christine,Adams,kevinmack@example.org,ES,2023-03-05
1591,Jennifer,Lindsey,higginsjeffery@example.org,NL,2023-04-12
1592,Sandra,Allison,hernandezsusan@example.com,ES,2026-01-04
1593,Jacob,Frank,ubennett@example.com,DE,2023-10-03
1594,James,Weber,hurstmelissa@example.com,FR,2025-07-01
1595,Cody,Brown,laura41@example.net,ES,2023-02-11
1596,Robert,Owens,frank71@example.com,ES,2023-03-15
1597,Eric,Stone,jenniferestrada@example.com,FR,2025-07-25
1598,Stephanie,Holmes,matthewclark@example.org,BE,2025-05-06
1599,Mary,Cowan,thomaswhite@example.net,ES,2024-04-27
1600,Carla,Wright,pfleming@example.org,ES,2023-10-18
1601,Brian,Schmidt,brucewilliam@example.com,FR,2024-02-12
1602,Russell,Johnson,vdouglas@example.com,FR,2024-06-25
1603,Maria,Marshall,jonesthomas@example.org,ES,2024-04-26
1604,Eric,Barton,spencercharles@example.com,ES,2024-04-19
1605,Megan,Davis,xruiz@example.com,ES,2024-09-30
1606,Kevin,Mack,williamsavage@example.net,ES,2024-11-04
1607,Anthony,Anderson,jonathan30@example.org,DE,2024-03-31
1608,Brandon,Kemp,pdelgado@example.com,ES,2023-05-19
1609,Kim,Haynes,scott82@example.com,ES,2025-12-08
1610,Emily,Marks,gmcknight@example.com,BE,2025-01-22
1611,Nicole,Caldwell,brittney66@example.com,DE,2023-12-19
1612,Samuel,Jackson,marthadorsey@example.com,FR,2025-02-19
1613,Sherri,Morales,poperobert@example.com,BE,2024-10-17
1614,Karen,Espinoza,leslielopez@example.org,DE,2023-08-13
1615,Matthew,Wright,lisaknox@example.org,BE,2025-08-17
1616,Jennifer,King,david10@example.com,DE,2023-12-21
1617,Rebekah,Allen,robert81@example.net,ES,2024-03-15
1618,Michele,Caldwell,upage@example.org,ES,2025-03-16
1619,Angela,Horton,gwhite@example.net,FR,2024-01-23
1620,Jeffrey,Hutchinson,jacqueline06@example.org,NL,2023-12-03
1621,Haley,Bishop,rarias@example.org,FR,2023-09-06
1622,Robert,Miller,bowerschristopher@example.com,ES,2023-10-11
1623,Joseph,Thornton,flemingbrian@example.net,ES,2023-09-02
1624,Annette,French,nbailey@example.org,BE,2025-05-08
1625,Brent,Stewart,howarddeborah@example.org,FR,2026-01-31
1626,Michelle,Gill,samanthabrown@example.net,BE,2025-03-04
1627,Barbara,Soto,yferguson@example.org,ES,2025-04-03
1628,Alex,Dougherty,carol78@example.net,DE,2025-08-23
1629,Rebecca,Obrien,andrewballard@example.net,FR,2025-01-11
1630,Matthew,Bentley,ineal@example.net,DE,2024-01-29
1631,Connie,Sullivan,amanda37@example.com,FR,2024-03-21
1632,Jamie,Huber,amy89@example.net,DE,2024-06-21
1633,Lee,Mills,vgomez@example.org,ES,2024-08-29
1634,Patrick,Marquez,sprice@example.com,DE,2023-12-14
1635,Anne,Walton,zacharycarr@example.com,BE,2025-02-20
1636,Cassandra,Vargas,xgriffin@example.com,BE,2023-09-10
1637,Debra,Smith,shawn07@example.net,ES,2024-01-01
1638,Anthony,Schmidt,wallertyler@example.net,ES,2024-11-23
1639,Ashley,Evans,beasleypeter@example.org,DE,2023-06-27
1640,William,Smith,kenneth49@example.org,DE,2024-02-09
1641,Misty,Thomas,ericabailey@example.net,BE,2025-03-09
1642,Harry,Mcknight,jacksonray@example.net,FR,2024-01-24
1643,Jessica,Harris,ballardbarbara@example.org,NL,2025-06-13
1644,Danielle,Holmes,jessica96@example.com,FR,2024-01-27
1645,Kyle,Smith,samuel97@example.com,BE,2023-06-25
1646,Mathew,Floyd,suzanne60@example.net,DE,2023-08-20
1647,Jonathan,Cruz,nealmatthew@example.net,NL,2023-05-16
1648,John,Alvarado,jasondavis@example.net,NL,2024-08-21
1649,Sean,Grant,lisahuang@example.org,BE,2025-03-29
1650,Eric,Ibarra,jonesjacqueline@example.com,DE,2025-03-22
1651,Kelly,Perry,terrence15@example.com,FR,2026-01-20
1652,William,Lee,dillonspencer@example.net,ES,2025-05-20
1653,Cody,Stone,derek44@example.net,DE,2025-09-16
1654,Luis,Ruiz,nmeza@example.net,DE,2023-08-06
1655,Susan,Merritt,fernandodavis@example.net,FR,2023-03-03
1656,Terri,Jordan,atkinsonjulie@example.com,DE,2025-05-04
1657,Jennifer,Carrillo,pkey@example.com,NL,2025-02-07
1658,Amanda,Brooks,xgarcia@example.org,DE,2025-11-02
1659,Aaron,Carr,kwillis@example.com,DE,2025-10-13
1660,Emily,Johnston,veronica76@example.net,ES,2024-08-12
1661,Darrell,Coleman,syoung@example.org,DE,2024-06-20
1662,Elizabeth,Pruitt,meganoconnor@example.com,BE,2023-06-06
1663,Isaac,Smith,christopherrose@example.com,ES,2023-12-19
1664,Jackie,Boyd,lindseysmith@example.net,DE,2024-08-03
1665,Katie,Moore,seanmiller@example.org,BE,2024-07-02
1666,Kendra,Brown,julie22@example.com,NL,2024-09-16
1667,Kimberly,Carter,susan34@example.com,BE,2023-03-19
1668,Nathan,Werner,gallagherjaclyn@example.com,ES,2024-10-05
1669,Brandy,Adams,anthonyanderson@example.net,NL,2025-10-18
1670,Christina,Rice,jacksonpatricia@example.net,FR,2024-02-14
1671,Andrew,Hall,bryan23@example.com,BE,2024-07-20
1672,Michael,Sanders,ryanlopez@example.org,FR,2024-10-02
1673,Joseph,Johnson,schmidtdebra@example.net,BE,2025-01-16
1674,Daniel,Brown,emilybrown@example.org,FR,2023-11-04
1675,John,Martinez,stephanieturner@example.net,BE,2023-09-25
1676,Charles,Marshall,hthomas@example.net,DE,2025-03-12
1677,Maria,Perry,randypowell@example.org,DE,2025-10-21
1678,Susan,Nelson,deborahclark@example.org,ES,2025-04-20
1679,Christopher,Santiago,richardroberts@example.org,DE,2023-04-16
1680,Ronald,Weeks,loriduran@example.com,FR,2025-08-05
1681,Roberta,Schmidt,tiffany73@example.com,ES,2025-08-17
1682,Mark,Burns,frosthelen@example.com,NL,2025-12-11
1683,Wendy,Tran,dherrera@example.net,ES,2023-10-07
1684,Katie,Morgan,ymerritt@example.com,ES,2026-01-03
1685,Dawn,Walton,annettecastillo@example.com,DE,2024-03-10
1686,Wanda,Ruiz,mramirez@example.com,BE,2024-01-30
1687,April,Ramirez,elizabeth60@example.net,DE,2023-02-25
1688,Shawn,Rodriguez,stevenswilliam@example.org,NL,2024-04-09
1689,Jennifer,Russell,vwatson@example.com,FR,2025-10-26
1690,Bridget,Nelson,lmcneil@example.net,BE,2024-08-25
1691,Charles,Williams,lindagonzalez@example.com,ES,2025-06-20
1692,Julie,Nguyen,dannyquinn@example.org,NL,2024-12-23
1693,Daisy,Bailey,robertpalmer@example.org,DE,2023-02-23
1694,Margaret,Morgan,mike24@example.net,ES,2025-01-16
1695,Tonya,Boyer,eric06@example.com,ES,2023-11-11
1696,Ernest,Bradley,zpayne@example.org,ES,2025-08-06
1697,Julia,Acosta,zshaw@example.com,ES,2024-12-23
1698,Eddie,Smith,mccannmaria@example.net,BE,2024-12-25
1699,Erin,Anthony,mlogan@example.org,NL,2025-10-22
1700,Robert,Lopez,castillojay@example.org,NL,2023-07-23
1701,Jillian,Golden,rebeccalong@example.com,DE,2025-06-10
1702,Jonathan,Martin,williammathews@example.com,DE,2023-05-01
1703,Alejandro,Lee,bennettedward@example.org,DE,2024-05-05
1704,Destiny,George,darrell56@example.com,FR,2024-11-08
1705,Jason,Gonzalez,connor87@example.net,NL,2024-01-04
1706,Timothy,Banks,rachelhull@example.org,ES,2023-03-15
1707,Phillip,Patel,swilkerson@example.net,BE,2023-02-03
1708,Joel,Miller,caitlindoyle@example.net,NL,2024-02-03
1709,Howard,Adams,waltonmichelle@example.org,NL,2023-07-20
1710,Charles,Harris,reyesjacqueline@example.org,DE,2023-11-10
1711,Michael,Russell,reginaromero@example.org,BE,2024-07-18
1712,Audrey,Miller,hollandphillip@example.com,BE,2024-02-07
1713,Samuel,Griffith,brandonbrock@example.org,NL,2023-07-09
1714,Kelli,Klein,bradleyjones@example.net,BE,2025-03-20
1715,Kurt,Ellis,ronald75@example.org,DE,2024-04-14
1716,Evan,Johnson,brandonburton@example.org,ES,2024-02-20
1717,David,Flynn,hurstjason@example.net,FR,2024-01-11
1718,Isaac,Brown,tammyowen@example.org,NL,2023-12-08
1719,Sheri,Johnson,dsilva@example.org,NL,2023-10-05
1720,Chad,Freeman,mariamiller@example.org,ES,2024-08-08
1721,Laura,Lopez,deanna13@example.org,DE,2023-09-14
1722,Eric,Hayes,leonard31@example.org,FR,2023-07-31
1723,Jennifer,Hernandez,cindy77@example.net,BE,2025-04-12
1724,Sandra,Mcdaniel,cynthia56@example.net,DE,2025-05-10
1725,Madison,Cole,christopherwalker@example.org,ES,2025-06-06
1726,Gwendolyn,Harper,xgonzalez@example.com,FR,2023-10-30
1727,Gwendolyn,Michael,selenawatson@example.com,NL,2023-07-11
1728,Brandon,Salinas,robert75@example.net,FR,2025-07-23
1729,Steven,Cox,lfleming@example.net,FR,2025-05-05
1730,Jacqueline,Williams,greed@example.org,DE,2024-12-21
1731,Jaime,White,laurie79@example.net,ES,2024-01-27
1732,Michael,Franco,gabriel95@example.com,FR,2024-09-18
1733,Melissa,Miller,josephnguyen@example.org,BE,2023-04-02
1734,Grace,Johnson,michael29@example.net,BE,2025-09-25
1735,Veronica,Haynes,andreamorris@example.com,ES,2023-06-29
1736,Lindsey,Miller,terrymarilyn@example.org,FR,2025-02-19
1737,Catherine,Lopez,sreid@example.com,FR,2023-12-08
1738,Ashley,Hammond,kevin61@example.net,FR,2023-08-06
1739,Dave,Arnold,garciapeter@example.org,BE,2024-08-19
1740,Daniel,Haney,uberry@example.org,BE,2025-07-23
1741,Joseph,Garcia,rsanders@example.com,ES,2023-08-05
1742,Michael,Kerr,mhendrix@example.net,DE,2023-09-16
1743,Briana,Sanchez,ylopez@example.com,DE,2025-10-20
1744,Michael,Good,daniel10@example.net,NL,2023-06-05
1745,Taylor,Schneider,burkescott@example.net,NL,2024-04-24
1746,Sandra,Solis,zacharyle@example.net,NL,2023-08-04
1747,Sharon,Hall,currysally@example.com,DE,2024-06-22
1748,Rebecca,Yang,tolson@example.org,FR,2025-11-26
1749,Charles,Frye,oneillchristine@example.net,NL,2025-08-05
1750,James,Martin,ryanvega@example.net,ES,2024-10-13
1751,Charles,Duarte,princejocelyn@example.net,NL,2025-11-21
1752,Karen,Reid,kimberlymoore@example.org,BE,2024-05-09
1753,Kayla,Thomas,stephanie53@example.org,FR,2023-10-18
1754,Steven,Williams,cathyphillips@example.com,FR,2025-08-03
1755,Kimberly,Welch,owashington@example.com,ES,2025-06-19
1756,Kimberly,Barajas,kleblanc@example.net,BE,2025-09-10
1757,Monique,Garcia,annekelly@example.net,DE,2025-07-20
1758,Judy,Grant,oneilljoshua@example.com,DE,2023-02-07
1759,Kevin,Thomas,randy12@example.org,ES,2024-11-26
1760,Alicia,West,russellburnett@example.org,DE,2024-01-05
1761,Heather,Woods,bcohen@example.org,NL,2025-04-25
1762,Jeffrey,Daniels,brianreeves@example.org,NL,2023-06-29
1763,Alan,Joseph,normanmisty@example.org,DE,2025-04-09
1764,Stephen,Andersen,grantfoster@example.net,BE,2023-07-03
1765,Deborah,Rodriguez,reynoldsjonathan@example.com,BE,2026-01-10
1766,Joshua,Weeks,deckerrichard@example.org,ES,2024-03-03
1767,Edward,Blair,ocollins@example.com,NL,2024-12-07
1768,William,Hart,melinda19@example.com,ES,2023-11-04
1769,Reginald,Williams,williamskara@example.com,FR,2024-05-19
1770,Andrew,Martin,wcook@example.com,NL,2026-01-06
1771,Andrew,Casey,juancarpenter@example.org,BE,2025-06-22
1772,Catherine,Torres,robinsonbarbara@example.org,FR,2023-12-12
1773,Adam,Mccall,jonathanwright@example.com,DE,2025-10-17
1774,Kaylee,Holmes,kevinconway@example.com,DE,2025-10-18
1775,William,Romero,steven90@example.com,BE,2023-06-29
1776,Tonya,Boone,yolandaweber@example.net,BE,2025-01-23
1777,Sean,Cole,william62@example.org,DE,2024-09-15
1778,Rebecca,Spence,tammiethompson@example.com,NL,2025-10-31
1779,Richard,Prince,epage@example.net,ES,2025-05-29
1780,Michael,Vaughn,moorerobert@example.net,DE,2024-07-17
1781,Jason,Saunders,matthew09@example.org,BE,2023-04-15
1782,Heather,Carter,cynthiascott@example.org,FR,2025-04-09
1783,Melissa,Bridges,powerspamela@example.net,BE,2024-01-17
1784,Benjamin,Ramos,woodscurtis@example.com,ES,2024-06-09
1785,Patrick,Lynch,romerotaylor@example.org,NL,2025-03-17
1786,Joseph,Lewis,carrie31@example.org,NL,2024-01-02
1787,John,Ellis,ypowell@example.net,ES,2024-09-10
1788,Kevin,Weaver,patrick13@example.net,DE,2025-02-16
1789,John,Buchanan,shawnawu@example.com,DE,2023-04-28
1790,Samantha,Harris,lindsayrivera@example.net,NL,2024-12-28
1791,Melanie,Whitehead,tnelson@example.net,FR,2024-07-19
1792,Ruben,White,adamsdeborah@example.org,ES,2025-06-04
1793,Patrick,Gonzales,tina55@example.org,DE,2025-02-02
1794,Gabriel,Dixon,christine30@example.org,FR,2024-02-09
1795,Katelyn,Morris,spencer16@example.net,FR,2025-02-20
1796,Emily,Allen,hintonmatthew@example.com,NL,2025-12-03
1797,Taylor,Hartman,mark18@example.com,ES,2025-08-21
1798,Joshua,Pham,panderson@example.net,FR,2025-09-15
1799,Rachel,Carlson,hamiltontracy@example.net,NL,2025-01-06
1800,Robert,Carroll,wnelson@example.org,DE,2023-04-01
1801,Gary,Perkins,laurenroach@example.net,FR,2024-07-22
1802,Sandra,Johnson,robert98@example.org,ES,2025-07-30
1803,Christian,Graham,ianroberson@example.net,FR,2024-05-18
1804,Richard,Nichols,jesus40@example.org,ES,2025-12-23
1805,Timothy,Rhodes,slittle@example.com,NL,2023-11-06
1806,Mary,Johnson,robert97@example.com,NL,2023-07-22
1807,Danielle,Jarvis,kimhaynes@example.net,ES,2025-06-09
1808,Robert,Wall,lhowe@example.net,DE,2024-04-05
1809,Jacob,Moore,jenniferjordan@example.org,DE,2024-09-17
1810,Mary,Butler,kyle68@example.net,DE,2023-09-27
1811,Gregory,Green,lori76@example.org,BE,2025-10-23
1812,Elizabeth,Miller,kmills@example.net,FR,2024-10-08
1813,Roberta,Hardy,megan90@example.org,ES,2024-07-27
1814,John,Ramirez,felicia91@example.org,NL,2023-06-09
1815,Dylan,Larson,charding@example.com,FR,2025-10-12
1816,Katherine,Williams,leblanckristina@example.net,DE,2023-02-15
1817,Andrew,Mitchell,erika56@example.net,DE,2025-12-20
1818,Heather,Baxter,joshuapoole@example.org,DE,2023-11-18
1819,Seth,Rodriguez,james02@example.com,ES,2023-03-24
1820,Malik,Garcia,gkemp@example.net,FR,2024-12-12
1821,James,Payne,hurleycarol@example.com,DE,2023-08-27
1822,Mary,Solis,gtaylor@example.net,DE,2025-02-07
1823,Zachary,Richardson,richardmiller@example.net,ES,2023-10-22
1824,Jamie,Chapman,cjohnson@example.net,NL,2024-01-17
1825,Denise,Payne,timothy08@example.org,FR,2023-07-18
1826,Madeline,King,kyle33@example.org,DE,2025-11-12
1827,Bruce,Copeland,bgarrett@example.com,ES,2025-12-29
1828,Jeffrey,Hubbard,johnflores@example.org,DE,2024-06-10
1829,Cynthia,Young,stephaniefuentes@example.com,ES,2024-02-19
1830,Katelyn,Lewis,lreed@example.org,NL,2023-02-10
1831,Scott,Garcia,cummingsmark@example.org,FR,2025-01-12
1832,Tiffany,Odom,yhaynes@example.net,NL,2023-02-18
1833,Frances,Williams,stacy79@example.org,FR,2023-12-16
1834,Andrew,Lee,tina82@example.org,BE,2024-01-04
1835,Chris,Hernandez,patrick06@example.net,FR,2024-02-15
1836,Alison,Wood,nmartin@example.net,BE,2024-04-28
1837,Catherine,Green,anthonymack@example.org,NL,2024-08-31
1838,Andrew,Chambers,dan27@example.net,BE,2024-12-26
1839,Andrew,Rice,dawnryan@example.net,NL,2024-11-01
1840,Brandi,Anderson,raycarolyn@example.org,DE,2025-11-18
1841,Kevin,Luna,thomas73@example.net,BE,2025-11-25
1842,Angela,Ruiz,sparksjoel@example.org,BE,2024-10-06
1843,Joshua,Mason,elizabethnielsen@example.net,NL,2023-08-28
1844,Wendy,Brown,parksmichael@example.com,NL,2024-05-24
1845,Danny,Christian,jcarlson@example.org,FR,2026-01-02
1846,Kenneth,West,tclark@example.net,DE,2024-12-26
1847,Jonathan,Li,kylewallace@example.com,DE,2025-06-13
1848,Lauren,Robinson,sanchezalicia@example.com,DE,2023-04-05
1849,Cheryl,Williams,asolomon@example.com,DE,2023-08-29
1850,Jessica,Huff,arthurrodriguez@example.com,NL,2024-12-06
1851,Timothy,Hayes,arellanoandrea@example.net,NL,2024-08-01
1852,Heidi,Oconnor,emily08@example.org,DE,2024-06-24
1853,Samantha,Miller,anneherrera@example.com,BE,2024-04-24
1854,Stephen,Alexander,jennifer76@example.net,FR,2024-11-13
1855,Jason,Rogers,kylecollins@example.org,BE,2024-12-11
1856,Christine,Chan,ericawilson@example.com,NL,2025-10-25
1857,Matthew,Larsen,washingtontoni@example.net,DE,2024-12-18
1858,Derek,Taylor,osborneapril@example.net,NL,2024-03-12
1859,Michael,Avila,vgonzalez@example.com,NL,2024-11-12
1860,Jonathan,Atkins,wrightryan@example.net,BE,2025-11-29
1861,Andrea,Parks,robertsonrachael@example.com,FR,2024-05-02
1862,Kevin,Baker,coreylynch@example.org,BE,2024-11-20
1863,Steven,Gray,clarknathaniel@example.com,NL,2023-07-28
1864,Andrea,Skinner,smithjennifer@example.net,FR,2025-03-21
1865,David,Bailey,rowebrian@example.net,ES,2025-02-09
1866,Pamela,Davis,allenashley@example.net,NL,2023-07-01
1867,Kendra,Marshall,cristianthompson@example.org,NL,2025-08-23
1868,Timothy,Howard,kellie85@example.net,ES,2024-04-02
1869,Tina,Bell,chamberslaura@example.net,NL,2024-03-04
1870,Shannon,Rodriguez,uday@example.org,BE,2024-06-01
1871,Luis,Stone,heidi06@example.org,NL,2023-06-04
1872,Justin,Gardner,nicole12@example.com,NL,2024-09-09
1873,Christopher,Collins,karen94@example.com,NL,2023-02-14
1874,Lindsay,Howard,burtongabrielle@example.net,NL,2025-10-21
1875,Eugene,Simmons,lisaholt@example.com,DE,2025-12-16
1876,Timothy,Fitzpatrick,gabriellawatts@example.net,NL,2025-09-23
1877,Erika,Cardenas,powelljoshua@example.com,NL,2023-11-12
1878,Kevin,Powell,cchavez@example.com,BE,2025-12-11
1879,Joel,Hodges,martindaniel@example.com,FR,2024-02-24
1880,Michael,Olson,ginajohnson@example.org,NL,2024-03-20
1881,Shannon,Gardner,youngnathaniel@example.com,BE,2023-05-28
1882,Jennifer,Smith,ewood@example.net,BE,2023-04-28
1883,Audrey,Nelson,sara07@example.net,DE,2025-11-15
1884,Gina,Morgan,clarkcarolyn@example.org,NL,2025-05-24
1885,Samantha,Gallagher,victor43@example.org,ES,2025-10-07
1886,Jacob,Alvarez,alyssareyes@example.net,DE,2024-11-14
1887,Brian,Bradley,heatherhowell@example.org,FR,2025-10-19
1888,Elizabeth,Wilson,angela36@example.net,DE,2025-03-04
1889,Jade,Allen,natalie49@example.org,ES,2025-05-20
1890,Chelsea,Rose,bradley50@example.net,DE,2026-01-16
1891,Mary,Torres,kristenpatrick@example.com,BE,2023-06-19
1892,Joseph,Wells,coreywilson@example.net,BE,2025-01-04
1893,Barbara,Summers,timothy77@example.net,BE,2023-08-20
1894,Billy,Frye,smithfrank@example.net,NL,2024-06-05
1895,James,Beasley,christopherfisher@example.org,NL,2025-12-02
1896,James,Allen,leah84@example.com,ES,2025-01-30
1897,Sara,Smith,ryan89@example.com,BE,2024-10-31
1898,Angela,Davis,villanuevanathan@example.com,BE,2024-01-02
1899,James,Glover,taraperez@example.org,NL,2024-10-21
1900,Jennifer,Smith,rebecca76@example.net,FR,2023-11-18
1901,Matthew,Olson,xrice@example.net,ES,2024-10-02
1902,Samantha,Lowery,davidsontroy@example.com,NL,2024-02-13
1903,Vickie,Adams,denise19@example.org,DE,2023-06-22
1904,Thomas,Green,nicholas50@example.net,FR,2024-05-21
1905,Larry,Dunn,jacquelinekennedy@example.org,BE,2024-11-15
1906,Adam,Summers,laura99@example.org,ES,2023-07-04
1907,Laura,Collins,scottjessica@example.org,BE,2024-03-26
1908,Timothy,Collins,mendezjanet@example.com,FR,2024-07-29
1909,Jason,Morris,kelsey81@example.org,ES,2023-12-18
1910,Ryan,Welch,ochavez@example.net,BE,2023-12-18
1911,Sydney,Tate,christopher36@example.org,ES,2024-07-12
1912,Courtney,Roberson,richardsonmichael@example.net,BE,2024-10-20
1913,Jacob,Mccormick,megan04@example.org,NL,2023-06-13
1914,Anthony,Lee,browntiffany@example.com,DE,2025-08-31
1915,Joseph,Greene,valerie34@example.net,BE,2024-01-10
1916,John,Hall,zkelley@example.com,BE,2023-07-31
1917,Matthew,Russell,anthony39@example.org,FR,2025-03-21
1918,Brian,Christensen,pfreeman@example.net,BE,2024-04-02
1919,Angel,Cunningham,rkirk@example.com,BE,2024-09-10
1920,Margaret,Harris,frankkatherine@example.net,NL,2025-06-24
1921,Kurt,Barry,elizabeth96@example.net,ES,2024-04-12
1922,Jason,Wright,nancyhowell@example.org,BE,2023-06-23
1923,Crystal,Whitehead,meganbuck@example.com,BE,2025-01-27
1924,Brittany,Rogers,leah03@example.org,FR,2023-02-10
1925,Jason,Thompson,williamwillis@example.net,NL,2023-06-22
1926,Juan,Horne,bennettamy@example.org,FR,2023-07-05
1927,Jake,Sharp,margaretphillips@example.com,DE,2024-01-28
1928,Theresa,Adams,wagnerkatherine@example.net,NL,2024-05-20
1929,Hailey,Jones,lsoto@example.org,ES,2024-11-09
1930,Jimmy,Reynolds,amanda14@example.com,FR,2025-12-23
1931,Loretta,Webb,joel80@example.com,ES,2024-07-28
1932,Alexandra,Orr,alexjones@example.org,NL,2025-11-11
1933,Julie,Carey,courtney55@example.com,FR,2023-10-22
1934,Julie,Schultz,williambarker@example.org,NL,2025-07-25
1935,Carol,Cox,shirleycampbell@example.net,FR,2023-03-31
1936,Lisa,Hernandez,blakeallen@example.com,DE,2023-06-09
1937,David,Cruz,khaley@example.net,FR,2024-08-04
1938,Maria,Crawford,vasquezemily@example.com,DE,2025-02-04
1939,Leslie,Carson,bgardner@example.com,BE,2024-05-10
1940,Barbara,Thompson,zgilbert@example.net,DE,2023-11-13
1941,Marcus,Sanchez,wmedina@example.org,BE,2023-10-25
1942,Kathleen,Huffman,hernandezkristie@example.com,NL,2023-03-18
1943,Sandra,Myers,kmcbride@example.org,ES,2024-08-07
1944,Jerry,Mack,lisa67@example.org,FR,2025-02-15
1945,Margaret,Woods,sethdyer@example.org,ES,2023-03-21
1946,Mary,Jackson,vjennings@example.com,ES,2025-10-15
1947,James,Martinez,angelica18@example.org,ES,2023-12-03
1948,Stephanie,Thompson,wschneider@example.com,ES,2025-10-14
1949,Erin,Parker,bellmargaret@example.com,NL,2024-08-27
1950,Melinda,Fisher,mullinscrystal@example.org,ES,2023-10-09
1951,Krystal,Hodges,lindahenry@example.org,BE,2024-04-21
1952,Autumn,Stewart,shawn47@example.org,DE,2024-04-23
1953,Kimberly,Campbell,sarah83@example.org,DE,2023-03-09
1954,Amber,Obrien,xmckinney@example.org,FR,2024-12-04
1955,Deanna,Green,victoriabaker@example.org,DE,2023-11-10
1956,Melissa,Kane,ihurley@example.org,FR,2025-06-13
1957,Jeremiah,Johnson,wjacobs@example.org,FR,2025-08-31
1958,Henry,Rice,anthonyjames@example.org,FR,2025-03-06
1959,Michael,Rios,fhowell@example.net,ES,2025-11-17
1960,Margaret,Jackson,craigmack@example.org,NL,2023-10-30
1961,Sophia,Peterson,terri35@example.org,DE,2024-04-18
1962,Steven,Jones,mcculloughkristen@example.net,DE,2024-11-27
1963,Tyler,Ruiz,madelinecaldwell@example.net,FR,2024-11-29
1964,Kimberly,Rush,william33@example.org,NL,2023-05-15
1965,Jeffrey,Barry,iwilson@example.org,FR,2025-11-23
1966,Diana,Thompson,cardenasisaiah@example.net,FR,2023-05-25
1967,Alison,Cordova,rachel63@example.org,NL,2023-04-05
1968,Renee,Morales,amurray@example.com,ES,2025-02-21
1969,Kelly,Martinez,erin03@example.com,NL,2023-03-17
1970,Tammy,Hernandez,jamespacheco@example.com,BE,2023-03-17
1971,Phillip,Barnett,kyle60@example.org,DE,2023-07-03
1972,Drew,Kane,irogers@example.net,NL,2023-06-11
1973,Laura,Lewis,anthonywillis@example.net,BE,2024-09-25
1974,Caleb,Rodriguez,mdavidson@example.com,FR,2024-12-17
1975,Mackenzie,Russell,alanthompson@example.net,NL,2023-12-23
1976,Joann,Thompson,icamacho@example.net,NL,2023-06-13
1977,Amy,Morrison,fred70@example.net,BE,2024-11-30
1978,Michelle,Payne,patrickray@example.org,DE,2024-07-10
1979,Tammy,Long,bill38@example.net,ES,2025-09-12
1980,Charles,Brown,yhenry@example.org,DE,2023-09-26
1981,Kristen,Reynolds,louis32@example.net,BE,2025-08-25
1982,Timothy,Bruce,lopeztiffany@example.org,BE,2024-06-05
1983,Sydney,Thomas,darrenlane@example.com,DE,2024-12-19
1984,Rebecca,Duncan,erin81@example.org,BE,2023-09-15
1985,Robert,Lee,coreyspencer@example.com,BE,2025-04-14
1986,Jeffrey,Nunez,craigchavez@example.com,BE,2024-10-08
1987,David,Barrera,hudsonmelissa@example.com,FR,2023-02-09
1988,Robert,Fitzgerald,jacksonkenneth@example.com,FR,2025-09-14
1989,Joshua,Taylor,michelegaines@example.org,FR,2025-02-07
1990,Jeffrey,Briggs,amber18@example.org,NL,2023-11-11
1991,Natalie,Gallagher,iwyatt@example.net,ES,2023-08-10
1992,Emily,Deleon,griffinjean@example.com,NL,2023-09-29
1993,Joanne,Flores,knicholson@example.com,BE,2025-05-04
1994,James,Lopez,james08@example.com,FR,2024-08-24
1995,Wendy,Cole,gschwartz@example.org,DE,2025-12-23
1996,Molly,Hammond,melinda85@example.org,DE,2023-05-31
1997,Noah,Hawkins,jodimcpherson@example.org,BE,2023-06-22
1998,Michele,Peterson,robertparker@example.org,FR,2023-09-02
1999,Wanda,Nolan,davistara@example.org,ES,2023-07-20
2000,Ann,Hicks,linda17@example.org,DE,2023-07-03
2001,Brandon,Long,travis56@example.org,BE,2024-03-26
2002,Lauren,Francis,danielle93@example.net,DE,2024-12-17
2003,Diane,Kelly,christopher32@example.com,NL,2024-11-24
2004,Tom,Morse,ryan78@example.org,ES,2024-04-24
2005,Laura,Mitchell,thorntondenise@example.com,ES,2025-08-21
2006,Matthew,Smith,youngfrederick@example.org,NL,2024-10-13
2007,Ryan,May,malonekyle@example.net,BE,2023-08-16
2008,Taylor,Douglas,william54@example.net,FR,2023-04-15
2009,Alexandra,Campbell,zamoramichelle@example.org,BE,2025-08-29
2010,Wayne,Smith,leonardwilliam@example.com,DE,2023-05-23
2011,Matthew,Hines,michelle91@example.org,BE,2025-11-04
2012,Zachary,James,sandra17@example.com,BE,2023-09-29
2013,Douglas,Rodriguez,fchandler@example.net,NL,2024-05-08
2014,Tina,Castillo,hesssherry@example.net,BE,2024-09-06
2015,Tonya,Burnett,bakerryan@example.org,DE,2024-07-16
2016,John,Porter,robertmullins@example.org,FR,2023-10-11
2017,Diana,Wilson,thomasconrad@example.org,BE,2023-09-14
2018,Adam,Mitchell,pvelasquez@example.net,BE,2024-04-29
2019,Emma,Chavez,martinezcassidy@example.com,NL,2026-01-14
2020,Matthew,Patel,qterrell@example.com,FR,2024-07-25
2021,Frank,Ramos,stevenholmes@example.org,FR,2025-07-21
2022,Marc,Watts,smithcarol@example.net,NL,2025-10-24
2023,Susan,Solis,gaydonald@example.net,FR,2025-02-23
2024,Richard,Kelley,cardenassuzanne@example.com,NL,2025-08-08
2025,Jason,Lewis,isabel68@example.com,ES,2023-02-10
2026,Michelle,Snyder,frederickarroyo@example.com,NL,2025-03-30
2027,Lisa,Sanchez,roynicole@example.org,DE,2023-08-03
2028,Matthew,Stephens,jwheeler@example.org,BE,2023-04-06
2029,Lauren,Wyatt,mcdowellstephen@example.com,BE,2025-11-09
2030,Susan,Wilson,wdixon@example.com,FR,2023-05-24
2031,Amy,Singh,jonesjerry@example.net,BE,2024-02-12
2032,Travis,Torres,qsmall@example.org,NL,2024-08-04
2033,Gary,Reilly,lawrencepatel@example.net,DE,2023-09-18
2034,Ariana,Parsons,nathan43@example.com,NL,2025-11-17
2035,Maria,Schultz,shannon12@example.com,NL,2023-04-24
2036,Matthew,Johnson,thorntondennis@example.net,FR,2025-11-01
2037,Emily,Gonzalez,rangeljason@example.com,ES,2023-07-19
2038,Crystal,Hayden,pmarshall@example.com,DE,2025-04-03
2039,Helen,King,harrisnicole@example.com,DE,2025-02-19
2040,Michael,Moore,harrisdavid@example.com,DE,2025-01-13
2041,Mary,Allen,wendy61@example.com,FR,2025-06-28
2042,Alyssa,Palmer,jimmyanderson@example.org,DE,2026-01-03
2043,Robert,Jackson,klittle@example.org,DE,2024-10-14
2044,Nathan,Robinson,seth79@example.org,ES,2023-03-24
2045,Dennis,Fowler,staceywilliams@example.net,DE,2024-03-31
2046,Steven,Smith,griffinmegan@example.net,NL,2023-10-05
2047,Matthew,Thomas,william35@example.net,NL,2024-05-19
2048,Deanna,Robinson,andrelewis@example.com,NL,2025-07-22
2049,Jamie,Hernandez,devonbrown@example.com,NL,2024-03-05
2050,Jeffery,Foster,thomas58@example.net,BE,2023-04-03
2051,Michelle,Garcia,ashleyfischer@example.net,BE,2023-10-31
2052,Ronald,Cox,zkeller@example.org,FR,2023-02-05
2053,Gabrielle,Taylor,curtiscarter@example.net,ES,2025-04-12
2054,James,Sanders,wallacelaurie@example.net,FR,2025-11-21
2055,Gerald,Smith,bakerjesus@example.net,NL,2024-04-26
2056,Jacqueline,Stephens,davidgibson@example.com,ES,2023-12-04
2057,Barry,Wood,fharrington@example.com,FR,2025-12-27
2058,Melissa,Sanchez,powersnorma@example.net,FR,2023-11-05
2059,Andrew,Burns,sbowman@example.net,NL,2025-04-20
2060,Andrew,Stevens,luislopez@example.org,FR,2024-01-23
2061,Lori,Taylor,alyssa58@example.com,ES,2024-04-07
2062,Gary,Martin,trobinson@example.com,DE,2025-10-02
2063,Martin,Gordon,mcdanielgregory@example.net,BE,2023-11-02
2064,Melissa,Roy,egonzales@example.net,DE,2025-02-12
2065,Desiree,Mccarty,johnsondouglas@example.net,FR,2024-07-02
2066,Jeffrey,Smith,dmorris@example.net,FR,2024-04-13
2067,Stacey,Robinson,abishop@example.com,NL,2023-11-28
2068,Jacqueline,Burgess,brandonjohnson@example.net,FR,2025-04-22
2069,William,Melendez,tmiller@example.com,NL,2024-11-12
2070,Steven,Gray,gonzaleslindsey@example.com,ES,2024-05-25
2071,Casey,Santos,michellemahoney@example.org,BE,2025-01-08
2072,Frederick,Andrews,rodriguezbradley@example.org,DE,2024-08-26
2073,Brett,Giles,charleschristine@example.org,DE,2025-12-16
2074,Craig,Brown,eflowers@example.net,FR,2024-07-09
2075,Anthony,Neal,bergrobert@example.com,FR,2024-06-19
2076,Holly,Russell,kari22@example.com,FR,2025-10-24
2077,Charles,Conner,obarker@example.com,BE,2025-09-27
2078,Brian,Davis,carlsonbilly@example.com,DE,2025-12-07
2079,Jordan,Brown,charlotte52@example.org,ES,2023-12-14
2080,Christopher,Sanders,mbowen@example.com,FR,2025-05-27
2081,Randy,Lee,wward@example.net,FR,2024-01-09
2082,Nicole,Fernandez,carla95@example.net,ES,2025-06-25
2083,Stacey,Simpson,jamie44@example.com,DE,2026-01-22
2084,Kelly,Bright,stephaniesmith@example.com,NL,2026-01-29
2085,Donna,Norman,hthompson@example.org,ES,2025-12-23
2086,Sarah,Weaver,rodriguezrobert@example.org,FR,2026-01-28
2087,Susan,Howard,quinnjoel@example.org,BE,2024-02-15
2088,Teresa,Hunter,qmiller@example.com,NL,2024-11-10
2089,Kevin,Kelly,robert28@example.com,NL,2023-11-29
2090,Kristopher,Campbell,tgolden@example.net,BE,2023-11-26
2091,Heather,Crawford,rogerscasey@example.org,BE,2023-09-20
2092,Thomas,Jones,carolynmurray@example.com,FR,2024-11-08
2093,Matthew,Gomez,mtyler@example.com,ES,2024-05-03
2094,Brandy,Daniels,edwardstara@example.com,BE,2024-07-28
2095,Mark,Mckenzie,stevenlewis@example.net,BE,2023-02-25
2096,Cindy,Bryant,priscillaharrison@example.com,DE,2025-11-06
2097,Ashley,Barton,philip84@example.com,BE,2023-06-02
2098,David,Fuller,william03@example.net,NL,2026-01-24
2099,Annette,Mosley,katherinegonzalez@example.com,BE,2023-12-19
2100,Mike,Griffin,dhall@example.net,BE,2023-02-08
2101,Connor,Sutton,woodardmatthew@example.net,DE,2025-03-06
2102,Jessica,Walter,steelelisa@example.org,BE,2024-05-20
2103,Melissa,Gaines,qruiz@example.org,ES,2025-06-02
2104,Joshua,Johnson,robbinsmargaret@example.org,NL,2024-12-16
2105,Darryl,Fisher,robertreed@example.net,ES,2024-06-18
2106,James,Diaz,randalledwards@example.net,BE,2025-12-21
2107,John,Hansen,haynesjames@example.org,BE,2026-01-19
2108,Cynthia,Arnold,robertrowe@example.net,ES,2025-09-25
2109,Jonathan,Weber,sheppardkatie@example.com,BE,2023-07-13
2110,Christina,York,jenniferbates@example.net,NL,2024-03-18
2111,Jessica,Brown,anthony00@example.net,BE,2024-01-19
2112,Debbie,Wilson,kristafletcher@example.org,DE,2024-05-26
2113,Jason,Cox,daniel71@example.org,NL,2025-01-14
2114,Hannah,Luna,johndowns@example.net,BE,2023-08-14
2115,Amber,Hayden,brian58@example.com,FR,2025-05-06
2116,Travis,Sawyer,lisa64@example.com,DE,2025-02-28
2117,Laura,Mitchell,ethanferguson@example.org,FR,2023-07-20
2118,Bradley,Hamilton,lozanovalerie@example.org,ES,2024-12-30
2119,Caitlin,Pierce,diazjennifer@example.com,ES,2023-02-07
2120,Linda,Frost,trevorscott@example.com,DE,2025-11-28
2121,Patricia,Garrett,shane16@example.com,BE,2024-01-08
2122,Cynthia,Moore,bradromero@example.com,BE,2024-01-26
2123,April,Fletcher,samuelmoore@example.org,ES,2023-09-16
2124,Emma,Weaver,george40@example.org,NL,2023-04-27
2125,Daniel,Simmons,wyatthorne@example.net,FR,2024-09-25
2126,Christopher,Blackwell,jimenezgregory@example.com,DE,2024-08-24
2127,Jennifer,Stanley,samantha48@example.com,BE,2025-12-07
2128,Joshua,Ball,kaylahughes@example.net,NL,2023-08-15
2129,Jennifer,Davies,robert61@example.com,NL,2023-08-08
2130,Christian,Cannon,bettymcbride@example.org,ES,2023-07-28
2131,Brittney,Lee,pbender@example.org,DE,2024-06-11
2132,Laura,Hunter,staffordbobby@example.com,FR,2023-07-27
2133,Jenna,Galloway,dawsonsusan@example.com,BE,2026-02-02
2134,Catherine,Jones,scott09@example.org,FR,2023-04-07
2135,Ryan,Gilmore,richardmarks@example.com,BE,2025-08-13
2136,Jeremiah,Williams,davismichael@example.org,NL,2023-05-02
2137,Christian,Davis,kimberlynash@example.net,DE,2024-12-13
2138,Lindsey,Martin,camerondarrell@example.com,NL,2025-11-19
2139,Michael,Bates,kristi78@example.com,BE,2023-12-10
2140,John,Hill,lvalentine@example.com,NL,2024-02-15
2141,Amy,Edwards,emily47@example.net,ES,2025-03-03
2142,John,Ford,justinallen@example.org,FR,2024-05-20
2143,Susan,Maxwell,cooperashley@example.org,ES,2025-10-24
2144,Jerry,Cox,cwallace@example.org,FR,2025-02-21
2145,Brian,Pearson,tonya17@example.org,NL,2023-06-23
2146,Scott,Howard,riverasusan@example.com,NL,2024-04-26
2147,Michelle,Campbell,susansmith@example.net,DE,2025-06-20
2148,Thomas,Singleton,john45@example.com,BE,2024-07-31
2149,April,Simmons,villarrealzachary@example.net,FR,2023-06-24
2150,Ricky,Walker,gabriel05@example.org,BE,2024-04-08
2151,Bianca,Reynolds,jessica68@example.org,BE,2025-12-29
2152,Jennifer,Campos,paulhayden@example.net,BE,2023-11-15
2153,Jose,Brown,dixonjeffery@example.com,BE,2024-01-19
2154,Dominique,Guzman,hartwhitney@example.com,NL,2024-06-11
2155,Charles,Wallace,awilson@example.org,DE,2024-05-21
2156,Kenneth,Parker,escobarjose@example.com,NL,2024-03-15
2157,Dustin,Burton,michaelknapp@example.net,ES,2025-02-04
2158,Matthew,Anderson,aliciawilliams@example.org,BE,2023-05-02
2159,Ashley,Martin,jacqueline93@example.net,DE,2024-02-04
2160,Christopher,Smith,umcdaniel@example.org,FR,2023-06-17
2161,Daniel,Brown,brianna55@example.com,BE,2025-08-12
2162,Leah,Schneider,mossjames@example.org,DE,2023-10-22
2163,Peter,Harris,friedmanruth@example.org,FR,2023-09-26
2164,David,Hill,alfred74@example.com,BE,2024-03-20
2165,Kristen,Mahoney,renee29@example.org,DE,2025-06-05
2166,Terry,Roberts,ericgonzalez@example.com,FR,2023-08-13
2167,Brenda,Coleman,melanieshort@example.org,DE,2024-09-11
2168,Jill,Smith,anthonycaldwell@example.com,DE,2025-09-07
2169,Jason,Romero,bfitzpatrick@example.com,ES,2026-01-11
2170,Vernon,Graham,autumn37@example.org,FR,2024-03-19
2171,Fred,Avery,mullenlogan@example.net,FR,2023-08-11
2172,Jeffrey,Ross,mossheather@example.org,NL,2024-10-09
2173,Christopher,Barrera,garciaashley@example.org,DE,2023-05-28
2174,Jared,Weaver,jessica90@example.org,FR,2025-04-10
2175,Becky,Mccall,ileonard@example.org,FR,2024-12-24
2176,Samantha,Strong,yvaldez@example.net,ES,2023-08-07
2177,Ruben,Haas,josephwatkins@example.com,DE,2024-06-21
2178,Beth,Espinoza,stevengraves@example.org,NL,2023-09-01
2179,Joseph,Green,wmiller@example.com,NL,2024-10-06
2180,Patricia,White,awalters@example.org,ES,2024-07-04
2181,Brandon,Young,brooke18@example.org,NL,2025-02-22
2182,Bradley,Ramos,barbergregory@example.com,BE,2023-10-30
2183,Tracy,Roberts,james22@example.com,FR,2025-04-15
2184,Dennis,Knox,lmedina@example.com,BE,2023-08-04
2185,Katie,Blevins,hayesann@example.org,DE,2024-01-06
2186,Richard,Whitney,raymondsandra@example.com,NL,2023-06-29
2187,Sandra,Lloyd,ngarcia@example.com,DE,2024-08-02
2188,Lee,Mcneil,ashley92@example.org,FR,2024-11-06
2189,Jerome,Reid,christopherwhite@example.org,FR,2024-04-17
2190,Cheryl,Cole,fwang@example.org,ES,2024-04-23
2191,Joseph,Jackson,justin09@example.com,NL,2025-02-27
2192,Donald,Watson,milleralicia@example.com,NL,2023-05-31
2193,Luis,Rogers,haleyclark@example.net,BE,2024-11-14
2194,Mary,Malone,sarahkeller@example.org,NL,2023-08-17
2195,Chelsea,Wheeler,kathleenchavez@example.org,BE,2025-10-22
2196,William,Moore,erin52@example.com,DE,2023-03-26
2197,Melissa,Castillo,rachel35@example.com,DE,2025-11-27
2198,Jonathan,Gross,lali@example.net,DE,2024-12-24
2199,Laura,Cross,kaitlynjohnson@example.net,NL,2023-04-19
2200,Richard,Hayes,morganmichael@example.org,BE,2023-02-14
2201,Roger,Thomas,james36@example.com,DE,2023-02-10
2202,Cynthia,Roberts,julia09@example.org,FR,2023-05-21
2203,David,Haynes,bridgeslauren@example.org,ES,2025-11-17
2204,Joanne,Brown,lvaughn@example.org,FR,2024-05-15
2205,Danielle,Reynolds,swagner@example.org,BE,2025-03-22
2206,Jamie,Kelly,kimberlyphelps@example.net,BE,2024-03-11
2207,Michelle,Reed,nicholas77@example.com,NL,2023-09-19
2208,Kenneth,Perez,hornstephen@example.net,ES,2024-07-20
2209,Andrew,Bright,gary45@example.org,BE,2023-07-27
2210,Jennifer,Clay,antonio46@example.com,FR,2024-07-29
2211,Michael,Robinson,hillrobert@example.com,NL,2025-09-24
2212,Heather,Hill,duncanteresa@example.org,DE,2023-09-04
2213,Carrie,Campbell,whitneyhogan@example.org,ES,2023-06-30
2214,John,Kelly,bergamber@example.org,DE,2025-07-13
2215,James,Hines,williamssusan@example.com,BE,2023-09-27
2216,Nicole,King,jtaylor@example.net,BE,2024-11-29
2217,Jessica,Grant,matthewramirez@example.org,FR,2024-08-05
2218,Kayla,Matthews,josephkim@example.com,BE,2025-11-05
2219,Angela,Zuniga,jobrien@example.net,NL,2023-06-18
2220,Loretta,Baker,nicolas14@example.net,ES,2024-04-18
2221,Randall,Barr,kaylachristensen@example.org,NL,2024-08-11
2222,Richard,Berg,patricia24@example.com,DE,2025-01-16
2223,Timothy,Bray,emccann@example.com,ES,2023-12-15
2224,Kathy,West,htaylor@example.org,BE,2023-07-13
2225,Joseph,Lamb,hallmichael@example.com,DE,2023-11-03
2226,Samantha,Watson,michaelmckenzie@example.com,DE,2023-08-15
2227,Julie,Jones,saranelson@example.com,ES,2025-10-29
2228,Shannon,Stanley,brendanarnold@example.org,DE,2024-04-04
2229,Hunter,Jones,nneal@example.com,ES,2023-07-26
2230,Nathan,Blair,sandrawalsh@example.net,NL,2023-06-17
2231,Anthony,Joseph,woodsdebbie@example.org,NL,2025-06-17
2232,James,Jones,bradleyreed@example.net,DE,2025-09-22
2233,James,Short,tamarahatfield@example.com,NL,2024-05-15
2234,Phyllis,Larsen,jennifergallegos@example.com,DE,2023-08-12
2235,Kelly,Walls,brettfitzpatrick@example.org,BE,2024-07-18
2236,Bradley,Flores,ebony29@example.org,FR,2023-05-02
2237,James,Moreno,amandawells@example.org,ES,2025-08-05
2238,Charles,Brown,meaganmacias@example.com,FR,2023-02-21
2239,Jennifer,Eaton,kgood@example.net,NL,2024-07-03
2240,Jared,Camacho,jasonstark@example.net,DE,2024-05-03
2241,Gina,Hale,markjohns@example.net,FR,2023-06-04
2242,Brian,Lee,fisheramber@example.net,NL,2024-05-23
2243,Barbara,Trujillo,nhill@example.com,BE,2025-10-16
2244,Allen,Dixon,sarah54@example.com,FR,2023-10-29
2245,Brittany,Hicks,chavezjoseph@example.com,NL,2024-01-19
2246,Alison,Holmes,nmiller@example.net,ES,2025-04-30
2247,Troy,Wheeler,kristinbarnes@example.org,DE,2024-02-04
2248,Michael,Green,victorjohnson@example.net,ES,2023-08-27
2249,Chloe,Jones,scotthoward@example.com,BE,2024-02-09
2250,Jasmine,Shelton,dcamacho@example.org,NL,2024-08-31
2251,Chelsea,Stephens,bryan41@example.net,FR,2023-12-22
2252,Madison,Johnson,kle@example.com,DE,2024-05-16
2253,Julie,Barnes,mitchellkyle@example.org,NL,2026-01-17
2254,Michael,Smith,qpayne@example.com,ES,2025-06-26
2255,Aaron,Gomez,snowsarah@example.org,FR,2025-11-10
2256,Brian,Campbell,maria73@example.org,NL,2023-06-02
2257,Angela,Hunt,juliaroberts@example.org,DE,2025-09-17
2258,Daniel,Allen,enavarro@example.net,FR,2023-05-03
2259,Alyssa,Torres,jacksonkathryn@example.com,ES,2024-03-05
2260,Heather,Cook,wwright@example.net,FR,2025-06-13
2261,Steven,Trujillo,beth23@example.com,NL,2025-11-14
2262,Walter,Dean,justinphillips@example.com,DE,2025-05-15
2263,Steven,Hines,jrodriguez@example.net,NL,2025-11-20
2264,Lauren,Fisher,gfloyd@example.org,FR,2024-07-20
2265,Alexander,Wheeler,kristinandrews@example.com,ES,2023-11-26
2266,Tina,Hines,melissa34@example.net,DE,2024-07-16
2267,Michelle,Patterson,kellymary@example.org,BE,2025-02-18
2268,Morgan,Sanchez,aprilmcdaniel@example.com,DE,2025-05-06
2269,Monique,Garcia,theodoresmith@example.net,DE,2025-11-05
2270,Andre,Reynolds,edavis@example.net,ES,2025-11-14
2271,Gabriela,Schwartz,rebeccamoore@example.net,ES,2026-02-02
2272,Elizabeth,Dunn,robert66@example.org,FR,2023-10-09
2273,Casey,Logan,greenejeffrey@example.org,DE,2023-08-11
2274,Ashley,Mueller,hernandezjimmy@example.com,NL,2024-03-28
2275,Patrick,Wise,smarshall@example.org,DE,2023-08-29
2276,Ian,Roberts,msantos@example.com,ES,2023-12-10
2277,William,Nichols,henryjamie@example.com,DE,2024-02-16
2278,Rachel,Yates,alexandra88@example.org,FR,2023-07-24
2279,Jason,Hill,evanwest@example.com,NL,2023-06-02
2280,David,Porter,dillonjohnson@example.net,DE,2024-10-20
2281,David,Walls,jimmygraham@example.net,FR,2025-01-31
2282,Phillip,Fletcher,bobbyshaw@example.org,DE,2023-04-13
2283,Lori,Hernandez,brittanyball@example.com,ES,2024-12-03
2284,Andrew,Dougherty,kimberlykidd@example.org,ES,2024-12-20
2285,Lisa,Gutierrez,cperez@example.net,ES,2025-02-24
2286,Amy,Williams,pjimenez@example.org,ES,2025-09-24
2287,Paul,Wilkinson,sherrywebb@example.net,ES,2024-11-18
2288,Katherine,Miller,julie82@example.net,ES,2023-10-27
2289,Andrew,Watson,tamiwhite@example.net,DE,2023-06-23
2290,Cristina,Moody,huffmiranda@example.com,NL,2024-08-09
2291,Lisa,Russo,zchambers@example.org,ES,2024-10-01
2292,Anthony,Finley,jacobbright@example.org,FR,2024-05-05
2293,Timothy,Thompson,natalie91@example.net,ES,2025-02-17
2294,Adriana,Smith,sarah68@example.net,BE,2025-12-08
2295,Carol,Bishop,dyercollin@example.org,NL,2023-05-23
2296,Tyler,Lindsey,thomas95@example.net,ES,2024-08-10
2297,Jimmy,Gonzalez,jennifermoore@example.org,DE,2023-10-07
2298,Kevin,Parker,rogermartinez@example.com,NL,2024-10-22
2299,David,Harper,holmesangela@example.com,NL,2025-01-10
2300,Adam,Gamble,jasonarroyo@example.org,BE,2025-08-28
2301,Traci,Gordon,sgonzalez@example.net,FR,2023-03-24
2302,Cristina,Cantu,jwells@example.net,ES,2025-12-24
2303,Evelyn,Savage,karen36@example.net,ES,2024-04-28
2304,Samuel,Gomez,clinedylan@example.org,ES,2023-12-26
2305,Anthony,Garza,brandonmitchell@example.org,DE,2024-10-22
2306,Larry,Bailey,matthew53@example.net,ES,2024-02-11
2307,Richard,Briggs,paulsmith@example.org,DE,2023-05-19
2308,Tammy,Weaver,lbrooks@example.net,ES,2023-09-04
2309,Stephanie,Beard,jmaynard@example.com,FR,2025-04-18
2310,Sherry,Martin,beth90@example.org,NL,2025-01-06
2311,Cody,Scott,michaelbrown@example.net,FR,2023-10-13
2312,Carrie,Jackson,lawrence85@example.org,DE,2024-01-31
2313,Janet,Maxwell,cookalyssa@example.net,FR,2024-10-25
2314,James,Holloway,jacob60@example.com,NL,2025-06-06
2315,Susan,Bailey,jimmy99@example.com,ES,2023-11-17
2316,Crystal,Williams,angelajohnson@example.org,BE,2024-11-30
2317,Raymond,Goodwin,ewashington@example.net,DE,2025-01-17
2318,Kimberly,Woodard,angelabishop@example.net,NL,2024-12-25
2319,Leon,King,francisco70@example.org,DE,2023-03-14
2320,Austin,Durham,danielcase@example.org,NL,2025-03-17
2321,Michael,Davis,evelyn55@example.net,NL,2024-12-03
2322,Jason,Knight,vmccullough@example.com,ES,2024-05-15
2323,Adrian,Morales,krusso@example.org,ES,2024-12-12
2324,Theodore,Moore,edwardtucker@example.org,ES,2024-10-17
2325,Kevin,Martin,jay36@example.net,BE,2024-11-22
2326,Stephanie,Watts,shutchinson@example.org,NL,2024-03-03
2327,Brandon,Daniels,myersjennifer@example.net,BE,2025-04-28
2328,Madeline,Sandoval,ramirezlynn@example.net,NL,2024-09-29
2329,James,Hill,moorerachel@example.org,FR,2025-08-20
2330,Andrea,Brown,wcastro@example.net,NL,2025-02-01
2331,William,Castillo,gregory44@example.org,ES,2023-05-18
2332,Bryan,Sanders,nicholasmarshall@example.org,DE,2023-12-15
2333,Logan,Middleton,tiffanyjones@example.org,NL,2023-07-15
2334,Troy,Gray,qberg@example.com,NL,2024-02-29
2335,Brittany,Lee,curryeric@example.net,BE,2024-09-12
2336,Jeffrey,Williams,uaguilar@example.net,ES,2025-02-27
2337,Kenneth,Mccormick,lloydsusan@example.net,BE,2024-02-16
2338,Kyle,Madden,bernardsantiago@example.org,BE,2023-10-17
2339,Jennifer,Riley,emadden@example.net,BE,2023-06-18
2340,Michael,Wood,kevincohen@example.org,DE,2025-05-13
2341,Teresa,Nelson,gardnerjody@example.com,NL,2024-04-16
2342,Kevin,Lambert,bharris@example.com,DE,2025-04-19
2343,Sharon,Richard,bradleyhaley@example.net,DE,2025-09-05
2344,Michael,Blackwell,raymondmiller@example.net,DE,2024-12-05
2345,Elizabeth,Elliott,gwilliams@example.net,FR,2025-01-17
2346,Angela,Dunn,jonesjessica@example.net,NL,2024-11-03
2347,Michelle,Reyes,knoxjohn@example.com,BE,2025-11-22
2348,Johnny,Gallegos,nicoleblack@example.org,BE,2024-11-11
2349,Jessica,Woodard,andreapatton@example.com,ES,2024-11-16
2350,Joanne,Frye,shawbrian@example.net,DE,2024-12-17
2351,Rachel,Powers,jmcdonald@example.org,ES,2023-06-28
2352,Stephen,Ford,erinjones@example.net,FR,2023-09-27
2353,Whitney,Gomez,denise18@example.net,FR,2024-06-03
2354,Jennifer,Peters,davidevans@example.com,NL,2024-04-08
2355,Linda,Bruce,aarongarcia@example.net,BE,2024-04-21
2356,Michael,Marshall,jenniferreed@example.com,BE,2025-08-06
2357,Cody,Smith,perezmichele@example.net,DE,2023-09-29
2358,Rebecca,Martin,gholder@example.net,ES,2023-05-17
2359,Christopher,Price,smithadam@example.org,ES,2026-01-10
2360,Jonathan,Long,peterbarnett@example.com,DE,2025-01-14
2361,Mary,Simmons,debbie86@example.net,DE,2023-03-16
2362,David,Holmes,andrew53@example.net,BE,2025-03-26
2363,Shawn,Kirk,dennis01@example.com,FR,2023-12-01
2364,Rebecca,Palmer,brownchristopher@example.org,NL,2023-12-25
2365,Erin,White,christopherlane@example.org,DE,2024-08-10
2366,Suzanne,Sullivan,broberts@example.net,DE,2023-03-01
2367,Joel,Burke,cherylhernandez@example.com,BE,2024-10-31
2368,Robert,Jones,williamsashley@example.com,ES,2025-03-22
2369,Justin,Boyle,jamesjacobs@example.org,NL,2025-10-29
2370,Christopher,Greene,greenglenn@example.com,FR,2024-01-02
2371,Rachel,Smith,katherinewilson@example.net,DE,2025-11-04
2372,Robert,Rodriguez,shannonsims@example.com,NL,2024-01-26
2373,Emily,Gonzalez,sonya21@example.net,DE,2023-12-14
2374,Christy,Terrell,dixonariana@example.org,DE,2023-02-11
2375,Rachel,Wells,donaldshelton@example.net,FR,2025-03-09
2376,Jessica,Fernandez,johnsonbrian@example.com,DE,2023-10-07
2377,Emily,Blankenship,vrobertson@example.net,BE,2023-02-07
2378,Steve,White,raymondtiffany@example.org,DE,2023-07-07
2379,Justin,King,julie30@example.net,ES,2026-01-26
2380,Ashley,Jensen,april33@example.org,FR,2024-07-24
2381,Christopher,Collins,cheyenne33@example.com,DE,2024-02-06
2382,Edward,Walter,billygarcia@example.org,BE,2025-07-31
2383,Jillian,Garcia,ortegamichelle@example.com,FR,2025-08-19
2384,Kelly,Ramirez,lynnharding@example.org,ES,2024-05-02
2385,Stephen,Villarreal,tolsen@example.org,FR,2023-11-22
2386,Michael,Delgado,carolbarnes@example.org,ES,2023-07-07
2387,Victor,Williams,gregory58@example.org,FR,2025-06-18
2388,Amber,Bowers,sthomas@example.org,FR,2023-11-08
2389,Lisa,Carey,crosales@example.com,DE,2024-12-27
2390,Michael,Bailey,hharrison@example.org,DE,2023-02-13
2391,John,Lloyd,kelseysmith@example.net,NL,2025-09-02
2392,Kenneth,Yoder,davidgutierrez@example.org,BE,2025-06-25
2393,Deanna,Costa,dball@example.net,FR,2023-02-12
2394,Mark,Garcia,pschmidt@example.org,DE,2024-01-27
2395,Katherine,Thornton,carloskaufman@example.com,FR,2023-05-02
2396,Amanda,Gonzalez,joellopez@example.com,NL,2023-08-30
2397,Jeff,Nguyen,ejones@example.com,FR,2024-07-08
2398,Victoria,Hill,melendezcarlos@example.net,FR,2025-04-28
2399,Edward,Bennett,ashleyturner@example.com,DE,2025-02-02
2400,Thomas,Smith,alyssa49@example.com,ES,2025-01-22
2401,Robert,Miller,petersonjoseph@example.org,BE,2024-07-11
2402,Kenneth,Swanson,debrashepherd@example.com,ES,2024-12-30
2403,John,Allen,hkennedy@example.com,ES,2026-01-30
2404,William,Perez,fchang@example.org,ES,2025-08-26
2405,Justin,Padilla,robert03@example.com,DE,2023-10-03
2406,Caitlin,Campos,nixontammy@example.net,NL,2024-03-16
2407,Joseph,Ware,gjackson@example.net,BE,2025-09-01
2408,Robert,Brooks,catherineadams@example.net,NL,2024-04-16
2409,Chad,Davis,fhughes@example.com,NL,2025-09-08
2410,Michael,Knight,rebeccabowman@example.com,NL,2023-05-17
2411,Charles,Gardner,bishopwilliam@example.com,FR,2023-03-05
2412,Kevin,Salazar,michael04@example.net,ES,2023-09-16
2413,Katherine,Hodges,jason54@example.com,FR,2024-04-26
2414,Mark,Contreras,arielbruce@example.org,BE,2024-01-10
2415,Julie,Flores,laura84@example.net,DE,2024-05-23
2416,Melissa,Johnson,martinezzachary@example.com,DE,2025-10-09
2417,Eric,Fisher,william54@example.org,NL,2025-09-27
2418,Christopher,Johnston,kchang@example.com,ES,2023-11-06
2419,Elizabeth,Garrett,davidmitchell@example.net,NL,2025-05-27
2420,Jill,Vega,garygibson@example.net,ES,2026-01-31
2421,Jason,Sanchez,yherrera@example.net,FR,2025-05-18
2422,Chloe,Smith,pgonzalez@example.com,FR,2025-05-14
2423,Tracy,Forbes,edwardstracey@example.org,NL,2024-06-18
2424,Evelyn,Landry,ingramlauren@example.net,BE,2023-09-20
2425,Micheal,Cooper,warrencrystal@example.org,ES,2025-03-21
2426,Hunter,Patterson,jeff78@example.com,FR,2023-12-22
2427,Christina,Blair,bradybelinda@example.org,NL,2025-11-15
2428,Kristin,Herrera,imendoza@example.com,ES,2024-09-11
2429,Jasmine,Hood,katiegreer@example.net,NL,2024-03-08
2430,Samantha,Obrien,mreed@example.net,FR,2023-04-12
2431,Lisa,Arnold,zpitts@example.org,BE,2023-03-09
2432,Ashley,Key,lisamora@example.com,DE,2024-01-27
2433,Zachary,Abbott,logansandra@example.net,FR,2023-04-13
2434,Shawn,Garcia,samantha97@example.net,DE,2024-11-02
2435,Joshua,Morrison,hurstjaime@example.com,NL,2025-01-18
2436,Kenneth,Hayes,iporter@example.org,ES,2024-02-27
2437,Eugene,Lindsey,fmiller@example.org,DE,2023-09-20
2438,Charles,Hall,maloneamy@example.com,ES,2023-10-07
2439,Samantha,Ortiz,ariana59@example.com,ES,2023-10-09
2440,Tammy,Gilmore,heatheroliver@example.com,NL,2023-10-20
2441,Johnny,Hill,marvin58@example.org,FR,2025-10-04
2442,Tara,Dunn,oscarflores@example.com,NL,2025-03-13
2443,Paul,Kirby,mortondaniel@example.org,FR,2024-12-11
2444,Michelle,Wright,mary95@example.net,DE,2024-06-09
2445,Charles,Bryant,thomascarol@example.net,FR,2024-03-26
2446,Amanda,Gallegos,calexander@example.net,ES,2024-08-22
2447,Cynthia,Gonzalez,franklinjill@example.org,NL,2025-03-21
2448,Linda,Daniel,fosborn@example.net,FR,2025-07-19
2449,Tammy,Phillips,schmidtsusan@example.org,NL,2025-10-26
2450,Juan,Ramirez,kmunoz@example.com,BE,2024-04-18
2451,Gary,Padilla,john16@example.net,NL,2023-06-23
2452,Xavier,David,mariadixon@example.org,FR,2024-12-05
2453,Kimberly,Lewis,sheila59@example.org,BE,2025-07-28
2454,Rodney,Young,sandrarodriguez@example.com,BE,2023-06-26
2455,Richard,Fisher,oconnormichael@example.com,NL,2025-02-17
2456,Johnny,Chaney,kristawhite@example.net,DE,2025-05-05
2457,Duane,Patel,mark31@example.com,ES,2025-08-21
2458,Lisa,Thomas,mcarroll@example.org,ES,2025-12-15
2459,Shane,Ware,porterrebecca@example.org,FR,2025-01-21
2460,Lori,Wang,shannon27@example.org,FR,2025-10-03
2461,Tonya,Vazquez,sonyawelch@example.org,NL,2024-10-28
2462,Cathy,Cox,amy40@example.net,BE,2023-07-31
2463,Curtis,Brown,richard21@example.net,BE,2024-12-02
2464,Jason,Curtis,egordon@example.com,DE,2024-10-11
2465,Donald,May,kim28@example.net,NL,2024-05-28
2466,Sharon,Mann,steven71@example.net,NL,2025-01-31
2467,Jessica,Garcia,hardymichael@example.net,DE,2025-11-22
2468,Lisa,Mcdonald,jeffreyalexander@example.org,FR,2024-05-16
2469,Claudia,Morrow,brucehall@example.net,ES,2024-08-27
2470,Adrian,Johnson,williammcbride@example.net,BE,2023-02-06
2471,Karen,Ortiz,kfowler@example.org,DE,2025-07-13
2472,Matthew,Clark,sydneysandoval@example.org,BE,2024-06-24
2473,Taylor,Gates,sydney95@example.com,FR,2024-09-14
2474,Rachel,Adkins,gshaw@example.com,DE,2025-08-05
2475,Gregory,Morse,danny82@example.com,FR,2025-07-31
2476,Corey,Thompson,reidchad@example.com,ES,2024-01-05
2477,Ross,Murray,krogers@example.org,DE,2024-12-12
2478,Ryan,Evans,john91@example.com,FR,2024-03-06
2479,Lisa,Stewart,caleb51@example.org,NL,2024-08-06
2480,Jessica,Boyd,stevenrobinson@example.net,ES,2025-12-28
2481,Benjamin,Jones,eric36@example.net,FR,2024-08-20
2482,Justin,Gordon,nmiller@example.com,BE,2024-03-10
2483,Melissa,Gay,kristopher97@example.org,FR,2023-03-16
2484,Christopher,Hansen,williamfreeman@example.net,NL,2023-02-04
2485,Catherine,Lin,hesscynthia@example.com,FR,2024-01-05
2486,George,Rogers,ninamora@example.com,ES,2025-07-16
2487,Cole,Morales,joneslaura@example.net,ES,2023-02-12
2488,Brenda,Conley,williamsmarissa@example.net,ES,2025-07-31
2489,Andrew,Andrews,nicolevillanueva@example.com,FR,2025-07-23
2490,Jeremy,Robinson,clarkdaniel@example.org,ES,2023-05-14
2491,Kenneth,Hurst,briancarey@example.net,ES,2023-12-23
2492,Joshua,Burnett,kolsen@example.org,NL,2023-11-12
2493,Melvin,Garcia,asimpson@example.com,BE,2023-03-27
2494,Michelle,Higgins,lopezwilliam@example.net,BE,2023-06-11
2495,Dalton,Jimenez,johnguerra@example.net,DE,2023-12-13
2496,Clayton,Waller,adriana77@example.com,DE,2025-09-20
2497,Jonathan,Greene,allenjill@example.com,DE,2024-12-10
2498,Douglas,Velez,ohurley@example.net,DE,2025-09-19
2499,Donald,Wyatt,larrybrooks@example.com,DE,2023-10-03
2500,Danielle,Ellis,garciapatrick@example.com,BE,2025-11-08
2501,Joshua,Wood,karen07@example.com,ES,2025-11-09
2502,Edward,Jackson,john51@example.net,ES,2024-02-21
2503,Shelly,Chavez,estradaryan@example.net,BE,2025-05-13
2504,Melissa,Payne,stevenbaird@example.net,BE,2023-07-20
2505,Jeremy,Harris,ldavis@example.com,FR,2023-12-22
2506,Bruce,Reid,bennettbrianna@example.com,DE,2024-09-13
2507,Emily,Hodges,thomas50@example.net,NL,2025-09-29
2508,Garrett,Davis,rickysanchez@example.com,DE,2023-04-13
2509,Katie,Dyer,utaylor@example.org,FR,2024-10-22
2510,Brian,Martin,cdavis@example.net,ES,2024-08-20
2511,Sherri,Morgan,andreapalmer@example.org,ES,2023-04-29
2512,Kyle,Turner,branchmatthew@example.com,FR,2023-11-21
2513,Craig,Horton,bdiaz@example.com,ES,2024-03-01
2514,Garrett,Harris,lalvarez@example.net,FR,2024-01-26
2515,Brittney,Hunt,jillian56@example.org,BE,2024-02-13
2516,Shawn,Blackwell,jeremylee@example.com,ES,2024-03-11
2517,Meghan,Cohen,williamkim@example.com,DE,2024-08-28
2518,Melody,Gardner,bryantconnie@example.net,DE,2025-05-31
2519,Matthew,Turner,markhuff@example.net,DE,2024-10-02
2520,Alexis,Simpson,robertthompson@example.net,NL,2024-01-11
2521,Matthew,Lee,hmccarthy@example.com,DE,2025-05-17
2522,Joseph,Schmidt,matthew50@example.com,DE,2025-02-26
2523,Susan,Robinson,adamsdaniel@example.com,FR,2025-09-17
2524,Adriana,Ferguson,mollyramirez@example.com,ES,2024-04-13
2525,Gregg,Hoffman,jonathan10@example.org,FR,2025-09-02
2526,Margaret,Martinez,clarkann@example.org,ES,2024-04-10
2527,Alexander,Hernandez,melanie62@example.com,ES,2025-02-08
2528,Brittany,Norris,sarahallison@example.net,FR,2023-06-02
2529,Jason,Dodson,juliecooper@example.org,ES,2024-02-27
2530,Martin,Thomas,melaniewalker@example.net,ES,2023-11-06
2531,Diamond,Smith,buckleyrandy@example.org,DE,2023-05-22
2532,Donna,Krueger,alvarezjoseph@example.org,NL,2023-09-06
2533,Joseph,Ward,johnsonjames@example.net,ES,2026-01-06
2534,Nichole,Silva,francojuan@example.org,BE,2024-07-06
2535,Anthony,Pollard,ivan16@example.org,FR,2024-12-22
2536,Tracy,Leonard,laura33@example.com,FR,2025-09-06
2537,Gabriella,Travis,rheath@example.com,DE,2025-07-19
2538,Julia,Mejia,chelseaestrada@example.org,BE,2025-09-04
2539,Brenda,Webb,zwheeler@example.org,NL,2025-08-20
2540,Robert,Scott,pricevanessa@example.com,ES,2025-09-27
2541,James,Johnson,garrisoncharles@example.net,DE,2025-11-28
2542,John,Taylor,ericabaldwin@example.org,FR,2025-02-18
2543,Stephanie,Parsons,cathythomas@example.org,FR,2025-05-05
2544,Jacob,Bender,melissa90@example.net,BE,2025-02-19
2545,Tammy,Chavez,alyssawilliams@example.com,DE,2023-06-03
2546,Mark,Parks,james08@example.net,DE,2024-10-12
2547,Stephen,Lozano,mikegomez@example.net,ES,2024-10-02
2548,Daniel,Delgado,matthewgarza@example.com,BE,2024-04-01
2549,Chelsea,Owens,taylorsherry@example.org,FR,2025-05-30
2550,Crystal,Jensen,tammybolton@example.org,BE,2024-09-03
2551,Heather,Ray,angelahaney@example.org,BE,2024-02-11
2552,Kathy,Garcia,emerritt@example.net,NL,2025-01-06
2553,Tamara,Allen,charlenesmith@example.org,BE,2024-11-21
2554,Crystal,Scott,belindaramirez@example.org,FR,2025-11-12
2555,Lisa,Valentine,matthew18@example.net,ES,2026-01-05
2556,Christopher,Holland,khicks@example.org,BE,2024-03-08
2557,Cody,Lee,gonzaleslisa@example.com,NL,2025-07-31
2558,Cory,Howard,georgehampton@example.org,DE,2024-12-21
2559,Christopher,White,benjaminreid@example.net,FR,2023-08-31
2560,Elizabeth,Stokes,bcarter@example.net,ES,2024-09-15
2561,Daniel,Aguirre,ericspence@example.com,NL,2025-03-08
2562,Andrea,West,perezdonald@example.org,NL,2024-04-28
2563,Nicole,York,kfox@example.net,BE,2025-07-18
2564,Steven,Hayes,jasmine69@example.com,DE,2024-03-22
2565,Chase,Gibson,samantha14@example.org,FR,2023-12-03
2566,Barbara,Suarez,tylerbennett@example.org,ES,2025-05-29
2567,Bonnie,Ward,john44@example.com,NL,2023-08-25
2568,Jeremy,Green,hodgesveronica@example.org,NL,2025-11-10
2569,Joshua,Page,susan62@example.net,DE,2023-10-10
2570,Rebecca,Dougherty,muellermelissa@example.net,FR,2025-09-07
2571,Lisa,Lee,stacytrevino@example.org,DE,2025-01-15
2572,Luis,Delgado,lopezkelly@example.org,BE,2024-11-17
2573,Carolyn,Kane,pharrell@example.com,FR,2024-03-27
2574,Mark,Hall,clarkmarcus@example.com,DE,2024-03-08
2575,Thomas,Morgan,martincynthia@example.org,FR,2023-10-24
2576,Brandon,Barrett,dylan77@example.com,ES,2025-10-11
2577,Christopher,Garcia,smithdarryl@example.com,NL,2024-08-04
2578,Megan,Young,natasha48@example.com,DE,2023-10-18
2579,Julie,Bradley,dkline@example.com,FR,2024-11-23
2580,Kevin,Garrett,dwilliams@example.com,NL,2023-09-22
2581,Jennifer,Parsons,jeremymeyer@example.net,ES,2025-08-13
2582,Brooke,Torres,qlarson@example.net,ES,2024-12-29
2583,Melanie,Sanchez,ugarza@example.org,DE,2023-02-04
2584,Chad,Fuentes,martin02@example.com,NL,2023-08-20
2585,Stacey,Williams,katherinesweeney@example.net,FR,2024-03-11
2586,Beth,Wright,timothy33@example.com,DE,2023-07-04
2587,Adam,Hernandez,millerandrea@example.net,BE,2023-11-13
2588,Michelle,Maxwell,mmccarthy@example.org,FR,2024-05-13
2589,Samuel,Best,joshua98@example.com,ES,2025-10-26
2590,Tammy,Smith,hilljermaine@example.net,DE,2024-02-03
2591,Susan,Gould,emurphy@example.net,NL,2023-08-13
2592,Kristen,Diaz,hwilliams@example.com,FR,2025-01-02
2593,Stephen,Montgomery,alyssagonzalez@example.org,ES,2025-10-18
2594,Tim,Simmons,brian03@example.net,DE,2023-10-25
2595,Steven,Singh,rita54@example.org,ES,2025-04-02
2596,Andrea,Rice,davidmitchell@example.com,FR,2026-01-11
2597,Theresa,Koch,sbaker@example.net,DE,2025-05-21
2598,Caroline,Forbes,milleremily@example.com,DE,2023-04-06
2599,Amanda,Castro,gabriel58@example.org,ES,2024-10-12
2600,Melissa,Lopez,elizabethlindsey@example.org,ES,2023-07-28
2601,Paul,Barnett,oreyes@example.com,ES,2024-06-03
2602,Brenda,Mathis,jasonromero@example.net,NL,2023-06-20
2603,Yvonne,Morris,timothy88@example.net,BE,2024-07-10
2604,Jerry,Pugh,david95@example.net,DE,2023-12-03
2605,Sabrina,Williams,shellyjones@example.net,BE,2023-12-29
2606,Amy,Garcia,pricejack@example.com,FR,2023-03-12
2607,Joan,Phelps,brownmichael@example.net,ES,2025-04-13
2608,Julie,Mora,gcarpenter@example.com,FR,2023-06-30
2609,Brandon,Jackson,sarahhammond@example.com,NL,2025-11-13
2610,Christopher,Smith,bpatterson@example.net,ES,2025-04-08
2611,Mark,Nguyen,uoconnor@example.org,FR,2025-11-16
2612,David,Walker,sharvey@example.org,BE,2025-10-30
2613,Joseph,Butler,djoseph@example.com,BE,2023-03-23
2614,Jennifer,Alexander,coxkayla@example.com,ES,2025-05-10
2615,Laurie,Harrison,merrittaaron@example.com,BE,2023-10-02
2616,Amy,Cisneros,xturner@example.org,FR,2024-03-25
2617,Terri,Glass,sheppardjennifer@example.org,ES,2024-10-17
2618,Jillian,Ferguson,fmoran@example.net,ES,2023-08-31
2619,Jennifer,Valdez,johnstonkevin@example.net,NL,2025-11-11
2620,Karen,Martin,morganmitchell@example.com,BE,2023-11-16
2621,Lori,Martin,sandra01@example.net,ES,2025-11-18
2622,Elizabeth,Mcdaniel,christopherbarber@example.net,BE,2024-01-04
2623,Megan,Bush,watkinstyler@example.net,BE,2023-12-31
2624,Audrey,Johnson,spencer59@example.net,BE,2024-11-26
2625,Anthony,Moody,annaholland@example.com,ES,2023-12-05
2626,Geoffrey,Long,floresemily@example.net,ES,2024-02-20
2627,Bradley,Boyd,paulhuang@example.net,FR,2025-03-25
2628,Barbara,Kelly,christopher90@example.net,NL,2024-04-11
2629,Robert,Brown,christopherbrown@example.net,DE,2023-06-14
2630,Linda,Gonzalez,amanda62@example.net,BE,2024-03-11
2631,April,Li,jeffreymorton@example.com,DE,2025-05-07
2632,Paul,Rodriguez,walter16@example.net,FR,2024-07-18
2633,Melissa,Thompson,mdouglas@example.com,ES,2024-03-15
2634,Lisa,Mcdonald,yramirez@example.com,NL,2025-12-17
2635,Steven,Peterson,patriciagonzalez@example.com,FR,2025-01-02
2636,Amy,Cabrera,uhall@example.net,DE,2025-05-08
2637,Amanda,Ramos,atkinsjames@example.org,BE,2024-12-04
2638,Tristan,Rios,darren84@example.com,NL,2023-11-17
2639,Heather,Sanchez,greerpaula@example.org,DE,2025-07-22
2640,Jennifer,Crawford,hlong@example.org,DE,2024-10-24
2641,Jeanette,Day,isimpson@example.org,ES,2025-09-24
2642,Amanda,Simon,amyknight@example.com,BE,2024-05-11
2643,Tiffany,Stone,rebeccamcclain@example.com,NL,2025-09-22
2644,Peter,Merritt,timothyvillegas@example.com,FR,2024-11-19
2645,Eugene,Montgomery,smithmitchell@example.com,NL,2023-10-08
2646,Vicki,Nicholson,bridget18@example.com,DE,2024-11-22
2647,Angela,Meyer,eric24@example.com,NL,2024-07-21
2648,Cynthia,Foster,rickymiller@example.com,NL,2023-06-15
2649,Shawn,Clark,gadkins@example.com,ES,2023-02-13
2650,Taylor,Durham,yjones@example.org,FR,2025-04-14
2651,Judith,Campbell,jonesjonathan@example.org,BE,2024-07-31
2652,Larry,Cooper,johnjackson@example.net,FR,2026-01-01
2653,Angela,Porter,kthompson@example.net,ES,2025-11-20
2654,Walter,Adams,milleralexander@example.net,ES,2023-07-21
2655,Brandon,Wallace,lopezjeremy@example.net,NL,2024-09-09
2656,John,House,amanda64@example.net,FR,2025-08-25
2657,Billy,Garcia,stevenpatterson@example.com,BE,2025-08-18
2658,Elizabeth,Walker,michael26@example.org,BE,2024-10-14
2659,Melissa,Morales,debbieadams@example.net,ES,2023-11-16
2660,Patrick,Mitchell,aluna@example.net,BE,2026-01-19
2661,John,Hawkins,taylorchristopher@example.com,DE,2023-04-18
2662,Steven,Kim,djohnston@example.net,DE,2025-03-25
2663,Michelle,Mann,gwest@example.org,ES,2024-09-27
2664,Teresa,Fowler,caseymcmahon@example.com,NL,2023-06-27
2665,Angela,Coleman,mariocook@example.net,BE,2024-10-17
2666,Todd,Lewis,zmurray@example.org,FR,2024-04-23
2667,Kristin,Miller,leroy81@example.org,NL,2024-02-02
2668,Ashley,Chavez,briansmith@example.net,NL,2024-05-30
2669,Pamela,Martin,mtrevino@example.org,DE,2023-09-06
2670,Destiny,Mercer,taylor17@example.com,ES,2025-06-12
2671,Jason,Guzman,xallen@example.org,FR,2023-07-26
2672,Ryan,Baker,curtis90@example.com,ES,2024-02-23
2673,Alan,Myers,crystal56@example.com,ES,2024-03-10
2674,Nicholas,Herrera,pclark@example.com,DE,2026-02-01
2675,Joshua,Duffy,rsolomon@example.com,FR,2025-09-29
2676,Roberta,Davis,greenzachary@example.com,BE,2023-12-04
2677,Elizabeth,Miller,sgutierrez@example.com,DE,2023-11-26
2678,Sherri,Shaw,powelllarry@example.net,FR,2023-07-16
2679,Corey,Torres,alicia54@example.org,BE,2025-02-09
2680,Alicia,Kane,monicagarner@example.net,FR,2023-11-01
2681,Amber,Richards,lindawilson@example.org,BE,2025-04-14
2682,Sydney,Erickson,jamessalazar@example.com,NL,2025-01-10
2683,Vanessa,Taylor,fweiss@example.com,BE,2024-09-22
2684,Debra,Kennedy,virginia15@example.net,DE,2024-12-08
2685,Daniel,Church,christopherwilson@example.net,FR,2023-08-22
2686,Lauren,Roberts,tara47@example.net,BE,2026-01-22
2687,Kimberly,Adams,johnhernandez@example.net,NL,2024-03-25
2688,Justin,Carter,slane@example.org,FR,2024-05-06
2689,Meagan,Robbins,ericbarry@example.net,DE,2024-01-02
2690,Michael,Wagner,hurleyrhonda@example.net,BE,2024-11-03
2691,Douglas,Hill,robert03@example.org,BE,2024-12-03
2692,Ruth,Moss,vgray@example.com,DE,2023-11-28
2693,William,Rodriguez,chase41@example.net,BE,2024-03-11
2694,Kevin,Castro,matthew01@example.com,DE,2023-02-08
2695,Matthew,Jackson,shermanvickie@example.com,NL,2025-03-12
2696,Alyssa,Fox,colevanessa@example.org,ES,2023-08-13
2697,Jodi,Stokes,laurie58@example.net,DE,2025-11-18
2698,Phillip,Smith,leslie37@example.com,BE,2025-07-23
2699,Mario,Marquez,paula61@example.com,FR,2025-06-29
2700,Michelle,Scott,joshua02@example.com,NL,2025-07-02
2701,Jerry,Hayes,leeshawn@example.com,ES,2024-05-21
2702,Deanna,Mccarthy,kingkelli@example.org,DE,2025-02-10
2703,Benjamin,Brooks,parksmichael@example.net,ES,2023-05-18
2704,Brett,Hamilton,lanesamantha@example.com,FR,2024-08-09
2705,Carolyn,Terry,michellekhan@example.com,ES,2024-02-19
2706,William,Riggs,dennisbrooks@example.org,DE,2024-03-01
2707,Angela,Roberts,christopherburch@example.net,NL,2024-04-12
2708,Luis,Ramirez,fthompson@example.com,NL,2023-04-29
2709,Sandra,Rodgers,michelle29@example.org,BE,2024-10-24
2710,Diana,Phelps,paynejessica@example.net,FR,2025-10-14
2711,Elizabeth,Friedman,laurawallace@example.net,DE,2023-10-10
2712,Jennifer,Obrien,phillipslauren@example.net,FR,2023-12-31
2713,Michael,Zamora,benderjulie@example.net,NL,2025-06-03
2714,Abigail,Torres,davishayley@example.org,BE,2024-08-15
2715,Wendy,Mcconnell,ibennett@example.net,DE,2024-03-16
2716,Michelle,Parker,sanchezmichael@example.com,DE,2025-12-30
2717,Ricky,Ford,patrickhart@example.org,NL,2023-07-23
2718,Amanda,Clayton,ioliver@example.org,FR,2024-03-16
2719,Joshua,Howard,wayne41@example.org,DE,2024-07-22
2720,Cheyenne,Drake,robertdonaldson@example.org,ES,2025-03-18
2721,Patricia,Young,erikacraig@example.net,NL,2023-09-03
2722,Ricky,Moore,cfarley@example.com,FR,2024-05-06
2723,Alex,Lynch,hwelch@example.net,DE,2023-04-07
2724,Stacy,Chandler,rturner@example.net,FR,2023-12-19
2725,Nicole,Jones,justin06@example.net,FR,2023-07-16
2726,Becky,Brown,craigparsons@example.org,BE,2024-12-18
2727,Robert,Sanders,ronniemiller@example.net,NL,2025-12-05
2728,Jacob,Hopkins,george97@example.org,FR,2025-01-24
2729,Nicole,Collins,penny74@example.net,FR,2024-12-06
2730,Madison,Compton,wheelerstephanie@example.net,DE,2024-03-03
2731,Jonathan,Yoder,ephillips@example.org,ES,2025-12-21
2732,Tony,Miller,amandathompson@example.com,FR,2025-02-24
2733,Michael,Brown,vbradshaw@example.com,ES,2024-11-20
2734,Joseph,Taylor,jesse99@example.com,FR,2024-08-14
2735,Mariah,Joyce,harpersusan@example.net,DE,2024-02-14
2736,Mary,Medina,downsmason@example.net,BE,2025-01-11
2737,Brandi,Gonzalez,robertross@example.com,DE,2023-09-15
2738,Craig,Salazar,davidgriffith@example.net,DE,2025-03-29
2739,Elizabeth,Moore,griffinjennifer@example.org,ES,2024-01-19
2740,Gregory,Cook,faithbass@example.net,ES,2025-06-01
2741,Deanna,Baker,vanglauren@example.org,FR,2025-01-09
2742,Jody,Ward,brookshannah@example.net,FR,2023-03-14
2743,Chris,Williams,bradley13@example.com,BE,2023-11-11
2744,David,Thompson,paula37@example.com,ES,2025-06-20
2745,Scott,Hughes,williamscheryl@example.net,NL,2023-03-17
2746,Judy,Castro,dillon11@example.com,NL,2023-02-05
2747,Sarah,Hicks,epalmer@example.org,FR,2023-08-18
2748,Lindsay,Fleming,anthonynichols@example.net,BE,2025-07-15
2749,Jennifer,Stewart,gherring@example.org,NL,2025-11-08
2750,Trevor,Hatfield,andrewdaniels@example.com,FR,2023-12-11
2751,Joshua,Noble,xcarlson@example.com,FR,2024-10-15
2752,Shawn,Conrad,catherinewheeler@example.net,BE,2024-06-10
2753,Daniel,Martinez,robin90@example.net,DE,2024-04-08
2754,Tiffany,Fuller,peter06@example.org,ES,2024-10-20
2755,Dana,Cole,sparksanthony@example.org,FR,2024-05-28
2756,Tracie,Palmer,warnerchristopher@example.com,ES,2023-05-26
2757,Kimberly,Newton,smithkelly@example.org,FR,2025-09-04
2758,Richard,Anderson,allisonsteele@example.org,FR,2023-09-17
2759,Austin,Sharp,ebennett@example.com,FR,2024-02-14
2760,Robert,Haney,oconnordaniel@example.net,ES,2025-08-21
2761,Alison,Bell,penny54@example.org,DE,2023-04-18
2762,Vincent,Lopez,thomasjones@example.org,DE,2024-12-28
2763,Heather,Russell,gward@example.net,DE,2025-04-22
2764,Tyler,Hernandez,ronaldsherman@example.net,NL,2025-02-22
2765,Barbara,Garrett,owilson@example.net,DE,2024-06-25
2766,Karen,Robertson,stonemichelle@example.org,FR,2023-06-17
2767,Rita,Jenkins,rojasrobert@example.org,ES,2024-10-27
2768,Julie,Middleton,john56@example.net,ES,2025-05-13
2769,Leonard,Williams,jessica05@example.net,ES,2024-06-16
2770,Nathaniel,Curtis,pamela76@example.org,DE,2024-02-09
2771,Robert,Campbell,bcooley@example.com,NL,2024-05-13
2772,Joseph,Malone,omar83@example.com,BE,2025-06-15
2773,Brandon,Rodriguez,michael09@example.net,BE,2024-01-28
2774,Bradley,Washington,travis19@example.com,ES,2023-02-22
2775,Adam,Smith,jacob52@example.org,DE,2024-02-25
2776,Meghan,Williams,alexander67@example.com,NL,2023-03-03
2777,Jose,Patterson,moorericky@example.com,DE,2024-09-04
2778,Tina,Carter,owalker@example.com,BE,2024-01-25
2779,Jose,Johnson,qskinner@example.com,DE,2024-01-29
2780,Katelyn,Rivera,morrisnicholas@example.com,ES,2023-04-06
2781,Victoria,Shepherd,xedwards@example.org,BE,2023-12-07
2782,Olivia,Howell,timothy06@example.org,BE,2024-03-01
2783,Sheila,Hines,gburns@example.org,ES,2025-05-11
2784,Evan,Garza,lallen@example.org,FR,2024-08-19
2785,Cheryl,Villa,cassandrapeterson@example.com,DE,2025-02-11
2786,Donna,Calderon,ashley67@example.net,NL,2024-06-23
2787,Susan,Smith,lphillips@example.org,BE,2026-01-23
2788,Andrew,Brown,jeffreymeyer@example.com,ES,2025-04-22
2789,Brian,Padilla,parkeramanda@example.com,DE,2023-05-08
2790,Natasha,Mcmillan,smithkatherine@example.org,NL,2024-01-11
2791,Garrett,Marshall,benjamin46@example.com,BE,2025-08-09
2792,Christopher,Adams,dkelly@example.org,BE,2025-09-23
2793,Melanie,Anderson,harrykline@example.com,DE,2025-10-15
2794,Charles,Fowler,johnathan09@example.org,FR,2024-03-31
2795,Kelly,Garcia,joan74@example.com,DE,2026-01-04
2796,Timothy,Johnson,iadams@example.com,NL,2024-09-17
2797,Jeremy,Huff,tbridges@example.net,BE,2025-08-31
2798,Dennis,Simpson,nolanmichael@example.org,ES,2024-09-28
2799,Deborah,Campbell,heathertorres@example.com,DE,2023-03-05
2800,Jennifer,Welch,jermaine98@example.org,BE,2025-08-12
2801,Michelle,Wallace,sotodawn@example.net,NL,2023-11-15
2802,Erin,Park,rhondabarry@example.com,NL,2024-12-28
2803,Daniel,Cox,stevenscrystal@example.net,DE,2024-10-16
2804,James,Harding,jmartin@example.net,BE,2023-05-22
2805,Chelsea,Mccann,monique37@example.net,ES,2025-02-12
2806,Angela,Conner,smithjessica@example.com,BE,2024-07-19
2807,Joseph,Mccoy,ryanfranklin@example.com,DE,2025-04-16
2808,Damon,Gomez,tylerwilliams@example.net,DE,2023-04-23
2809,Kevin,Norton,hintonkelli@example.net,FR,2024-09-02
2810,Melissa,Mcmahon,james19@example.com,ES,2024-10-09
2811,Chelsea,Miller,kimberly97@example.org,FR,2026-01-16
2812,Oscar,Miller,bking@example.com,BE,2023-06-08
2813,Joshua,Campbell,gomezjohn@example.net,ES,2023-07-18
2814,Christina,Larsen,ocameron@example.net,NL,2024-09-18
2815,Jeffrey,Daugherty,bradleyscott@example.com,ES,2023-03-25
2816,Dana,Gonzalez,christopherhall@example.net,DE,2025-06-15
2817,Amanda,Edwards,moyerthomas@example.com,BE,2023-08-01
2818,Mary,Larsen,zdavis@example.net,BE,2025-09-04
2819,Thomas,Aguilar,phillipspeggy@example.org,DE,2023-12-08
2820,Ryan,Gonzalez,qsnyder@example.com,ES,2023-09-18
2821,Stephen,Mann,rodriguezrebecca@example.net,NL,2023-12-31
2822,Thomas,Dunlap,lauren35@example.com,DE,2023-05-10
2823,Chad,Vang,rebeccadoyle@example.net,NL,2023-02-13
2824,Christina,Howard,woodbarbara@example.com,DE,2024-01-04
2825,Gerald,Chapman,chelseajohnson@example.com,BE,2024-02-17
2826,Sharon,Rivera,sthompson@example.net,FR,2023-08-17
2827,Elaine,Ferguson,matthew91@example.net,ES,2024-10-01
2828,Linda,Webb,catherinehicks@example.org,NL,2025-09-15
2829,Benjamin,Bishop,johnny86@example.org,ES,2025-11-18
2830,Kayla,Williams,michellebryan@example.net,BE,2024-10-22
2831,Laura,Klein,graybrian@example.net,DE,2024-08-26
2832,Elizabeth,Martin,peckhaley@example.org,NL,2025-12-14
2833,Tommy,Chen,daviswilliam@example.net,BE,2024-01-06
2834,Rachel,Lara,vargasmichael@example.net,ES,2024-01-06
2835,Heather,Henderson,bberry@example.net,NL,2025-11-29
2836,Calvin,Mahoney,matthewaguilar@example.org,NL,2024-01-16
2837,Brittney,Mcmillan,graychristopher@example.com,DE,2023-05-18
2838,David,Hall,raymond12@example.com,ES,2025-12-30
2839,Tiffany,Flores,wisesteven@example.com,FR,2024-06-16
2840,Vanessa,Smith,ryan53@example.net,ES,2025-05-14
2841,Michael,Harding,dlee@example.net,BE,2025-10-23
2842,Spencer,Johnson,johnbowen@example.org,DE,2025-02-09
2843,Gina,Morgan,rtodd@example.net,DE,2025-07-16
2844,James,Lopez,christine83@example.org,ES,2025-01-30
2845,Matthew,Fitzgerald,carmenhunt@example.org,NL,2023-08-22
2846,Edwin,Maxwell,arthur22@example.com,FR,2023-09-19
2847,William,Martin,gregory12@example.net,NL,2024-10-21
2848,Jason,Mcintyre,wrice@example.com,BE,2024-05-31
2849,Paul,Gibson,beangary@example.com,FR,2025-02-10
2850,Ashley,Fisher,jeffrey78@example.com,DE,2023-06-02
2851,Richard,Vasquez,natasha76@example.org,FR,2023-11-01
2852,Ryan,Mccoy,ryanbennett@example.net,NL,2025-11-13
2853,Xavier,Harris,paulallen@example.org,ES,2025-05-05
2854,James,Paul,anthonyhowell@example.net,FR,2023-02-14
2855,Christopher,Phillips,xlee@example.net,ES,2025-09-04
2856,Donald,Anderson,tylerobrien@example.net,FR,2023-03-23
2857,James,Watson,aprilbrown@example.com,NL,2023-06-15
2858,Ashley,Long,harrisonrichard@example.com,ES,2023-07-27
2859,Amy,Cook,courtney16@example.net,DE,2025-06-28
2860,Diana,Sandoval,owalker@example.org,NL,2023-11-05
2861,Henry,Sheppard,donald96@example.org,FR,2024-03-10
2862,Steven,Moreno,sarah71@example.org,FR,2025-05-18
2863,Heather,Li,jessicawhite@example.org,ES,2025-04-23
2864,Anthony,Coleman,sarah61@example.net,NL,2024-04-14
2865,Robert,Davis,nicholasmccarty@example.org,NL,2025-01-20
2866,Lauren,Roth,wesleyestrada@example.com,FR,2024-02-25
2867,Douglas,Miller,elizabeth93@example.org,BE,2023-12-09
2868,Michael,Lewis,walkerdonna@example.org,FR,2023-02-04
2869,Elizabeth,Fox,pjames@example.com,FR,2025-06-25
2870,Rachael,Graves,brownkenneth@example.com,FR,2023-06-15
2871,Amanda,Williams,kristy20@example.com,BE,2024-01-22
2872,Craig,Rodriguez,sandrareid@example.net,BE,2024-05-14
2873,Samantha,Jackson,freemankathleen@example.com,NL,2026-01-15
2874,Rebecca,Moore,rebeccamason@example.net,ES,2023-05-11
2875,Paige,Howard,williamsjuan@example.com,ES,2024-05-16
2876,William,Smith,xperry@example.com,ES,2025-07-14
2877,Louis,Walsh,davistyler@example.com,FR,2024-08-11
2878,Philip,Graham,joseph76@example.net,ES,2025-05-15
2879,Laura,Parker,patrickshaw@example.net,ES,2023-07-15
2880,Brandy,Houston,abailey@example.com,ES,2024-10-15
2881,Gerald,Wilson,meyersharon@example.org,FR,2024-02-21
2882,Christine,Fowler,wilsonlinda@example.org,BE,2024-10-01
2883,Blake,Glover,christine28@example.com,NL,2025-01-24
2884,Julia,Andrews,tashamendoza@example.org,NL,2023-09-01
2885,Heather,Parrish,stonemeredith@example.com,BE,2024-03-11
2886,Jonathan,James,sday@example.org,ES,2025-12-09
2887,Joshua,Adams,robertbrown@example.org,FR,2023-10-30
2888,Melanie,Livingston,fitzpatrickeric@example.net,DE,2023-06-02
2889,Travis,Bowman,bgonzalez@example.com,NL,2023-11-23
2890,Dennis,Smith,brandon88@example.net,FR,2025-09-10
2891,Daniel,Carlson,zdickerson@example.org,BE,2023-04-29
2892,Jacob,Long,ostevens@example.com,FR,2023-02-19
2893,Anthony,Martin,irusso@example.com,ES,2024-06-22
2894,Holly,Thomas,robert28@example.net,ES,2023-08-19
2895,Walter,Ramirez,romerokim@example.net,ES,2024-07-14
2896,Crystal,Graves,timothynguyen@example.com,DE,2025-01-07
2897,Nancy,Johnson,ltaylor@example.net,DE,2025-12-02
2898,Christopher,Smith,kimberlyjimenez@example.net,ES,2024-02-26
2899,Johnathan,Dennis,ljohnson@example.com,FR,2024-11-22
2900,Nicholas,Smith,markdiaz@example.com,FR,2024-11-30
2901,Christopher,Williams,lindsay05@example.com,NL,2026-01-24
2902,Michael,Ballard,darylvillarreal@example.com,NL,2025-04-21
2903,Jessica,Montoya,christopher00@example.com,DE,2023-07-21
2904,Ana,Hunt,rodney75@example.net,BE,2023-02-10
2905,Crystal,Caldwell,andreakelley@example.org,DE,2024-05-18
2906,Robert,Wolfe,maldonadodanielle@example.net,FR,2025-09-18
2907,Chris,Francis,jenniferlang@example.com,NL,2024-02-22
2908,Tanya,Brown,martinowens@example.net,NL,2023-09-12
2909,Barbara,Thomas,ygonzalez@example.com,FR,2023-08-17
2910,Christine,Armstrong,hillchris@example.net,BE,2024-01-20
2911,Linda,Dickerson,ayerschristina@example.net,BE,2025-05-16
2912,Tyler,Booth,greenedavid@example.org,DE,2023-09-26
2913,Diane,Hayden,mcmillankayla@example.com,NL,2023-03-20
2914,Mariah,Sanchez,mariakelly@example.com,FR,2023-09-04
2915,Benjamin,Doyle,jacobriddle@example.org,DE,2023-12-21
2916,Terri,Gibson,ywatson@example.org,BE,2023-05-17
2917,Jimmy,Lawson,jason38@example.net,BE,2023-05-15
2918,Linda,Miller,kristin57@example.net,FR,2023-09-23
2919,Daniel,Knight,dgrant@example.net,BE,2025-01-14
2920,Donald,May,proberts@example.com,FR,2023-05-04
2921,Nathan,Singleton,joydodson@example.net,NL,2025-02-01
2922,Jose,Gibson,tnichols@example.org,NL,2025-09-16
2923,Brenda,Sullivan,powellrichard@example.org,ES,2025-04-18
2924,Thomas,Tyler,kimmichael@example.org,NL,2024-09-14
2925,Christian,Decker,phillip92@example.org,BE,2023-09-18
2926,Natasha,Warner,leejoy@example.org,FR,2024-04-26
2927,Michael,Robinson,ushelton@example.org,FR,2024-04-07
2928,Ronald,Fischer,bradleyschmidt@example.net,BE,2025-12-21
2929,Timothy,Davis,rogersbrandon@example.org,NL,2023-08-11
2930,Joshua,Fry,berganthony@example.net,FR,2026-01-24
2931,Joshua,Moore,julierogers@example.com,NL,2024-01-28
2932,Heather,Martin,reginaldwatson@example.org,ES,2024-06-27
2933,Jeffrey,Gibson,vmyers@example.net,FR,2023-12-14
2934,Zachary,Simpson,hammondwilliam@example.org,BE,2024-03-12
2935,Shannon,Nunez,vanessavance@example.net,ES,2023-10-14
2936,Julia,Arias,ericbaker@example.net,BE,2026-01-02
2937,Paula,Johnson,nconner@example.com,NL,2024-02-07
2938,Michael,Berg,kylecollins@example.net,FR,2025-04-03
2939,Donna,King,marco83@example.net,NL,2024-01-10
2940,Peggy,Herrera,xhall@example.org,FR,2025-11-25
2941,Mark,Lucas,leslie30@example.org,BE,2023-05-01
2942,Joshua,Benson,hickschristina@example.net,BE,2026-01-20
2943,Jeffery,Wilson,jessica80@example.net,FR,2023-12-28
2944,Paul,Mason,mary50@example.com,DE,2024-07-05
2945,Sandra,Martin,heather74@example.net,ES,2023-08-05
2946,Sarah,Logan,riveragwendolyn@example.org,BE,2024-03-08
2947,Steven,Huff,diane99@example.net,ES,2024-08-28
2948,Claudia,Nixon,amy20@example.org,NL,2025-06-07
2949,Jennifer,Hernandez,kimberlywood@example.org,DE,2025-11-15
2950,Denise,Young,kristinacochran@example.org,ES,2023-02-07
2951,Dustin,Castillo,daniellebowers@example.net,FR,2025-06-29
2952,Justin,Gomez,parrishnatalie@example.org,NL,2025-05-24
2953,Dennis,Robinson,ethanmartinez@example.org,ES,2023-08-13
2954,Deanna,Reed,wbell@example.com,FR,2023-11-01
2955,Shelby,Russo,cody46@example.com,NL,2025-09-12
2956,Timothy,Summers,wolfejulie@example.com,FR,2023-09-20
2957,Joel,Pena,preed@example.org,ES,2025-05-18
2958,Daniel,Chavez,perezpamela@example.com,BE,2023-09-13
2959,Amy,Clark,rhondamartinez@example.net,DE,2024-05-02
2960,Courtney,Boyd,theresarodriguez@example.com,BE,2023-05-04
2961,Kimberly,Hall,qbradley@example.net,ES,2025-05-10
2962,David,Clark,christopher90@example.org,BE,2025-11-07
2963,Shaun,Rasmussen,hlutz@example.org,BE,2024-02-02
2964,Amber,Wood,kellyrobert@example.com,ES,2023-10-21
2965,Katherine,Johnson,zachary18@example.com,NL,2023-05-03
2966,Michael,Walker,tina99@example.org,FR,2025-04-28
2967,Jennifer,Mitchell,mromero@example.com,DE,2023-06-03
2968,Evan,Martinez,stacy94@example.org,ES,2025-11-24
2969,Amber,Gonzales,pmoran@example.net,BE,2023-04-03
2970,Lori,Burke,smitheddie@example.org,BE,2024-05-23
2971,James,Flynn,mgreen@example.org,NL,2024-08-26
2972,John,Flynn,jamesschultz@example.org,NL,2024-01-03
2973,Daniel,Parks,rflores@example.com,FR,2023-12-05
2974,Kayla,Smith,brooke40@example.net,DE,2025-07-11
2975,Robert,Reed,rodriguezdana@example.net,FR,2025-06-16
2976,Carl,Cannon,montoyateresa@example.org,NL,2023-05-18
2977,Megan,Holt,kmcdonald@example.com,DE,2023-10-26
2978,Stephanie,Barnett,joseph34@example.org,FR,2024-08-02
2979,Becky,Ford,warren58@example.com,ES,2023-10-05
2980,Randall,Johnston,hammondkrystal@example.org,DE,2024-06-17
2981,Diamond,Lane,xbates@example.org,FR,2024-11-14
2982,James,Jimenez,christopher02@example.com,BE,2024-09-11
2983,Wesley,Bennett,lauratran@example.net,DE,2023-05-29
2984,Christopher,Terrell,dicksonjohn@example.com,FR,2023-12-01
2985,Jessica,Buckley,carpenterchase@example.org,BE,2023-10-14
2986,Kelsey,Sullivan,cannonlori@example.net,ES,2025-09-27
2987,Lisa,Mccarthy,balljeffrey@example.org,BE,2025-03-06
2988,Alexis,Blanchard,enguyen@example.org,FR,2023-04-16
2989,Christian,Spears,ytucker@example.org,NL,2024-04-02
2990,Barbara,Alexander,sonya50@example.net,BE,2023-10-13
2991,Ariana,Joseph,kristina88@example.com,BE,2023-09-07
2992,Aaron,Marshall,reyesoscar@example.com,FR,2025-02-10
2993,Jennifer,Clarke,kstephenson@example.net,BE,2026-01-05
2994,Mark,Collins,jonesjames@example.com,BE,2024-06-30
2995,Todd,Tucker,allen04@example.net,FR,2024-03-30
2996,Daniel,Wallace,andersonangela@example.net,DE,2024-08-29
2997,Amanda,Wells,preyes@example.net,BE,2023-09-06
2998,Vernon,Thomas,sarah24@example.org,BE,2025-05-29
2999,Michelle,Torres,danielmejia@example.org,ES,2025-07-11
3000,Alexander,Tate,vincentbrown@example.org,FR,2024-06-13
3001,Zachary,Conner,nicholas46@example.net,NL,2025-07-14
3002,Kimberly,Fischer,perryamanda@example.net,BE,2025-04-17
3003,Gloria,Coleman,avargas@example.com,FR,2024-03-14
3004,Tracy,Kelley,beanrichard@example.org,FR,2024-12-22
3005,Brandon,Diaz,williamroberts@example.org,BE,2025-01-23
3006,Nichole,Martin,rhonda29@example.com,DE,2024-05-16
3007,Mark,Odonnell,rmolina@example.com,DE,2025-05-15
3008,Eric,Jackson,gwendolynruiz@example.net,DE,2023-12-18
3009,Grant,Barron,larry35@example.net,DE,2025-03-06
3010,Brian,Patel,adammartinez@example.org,BE,2025-03-08
3011,Johnny,Ward,michaelreyes@example.org,FR,2024-09-22
3012,Shannon,Burgess,charles58@example.org,DE,2024-12-14
3013,Michelle,Chapman,qgibson@example.org,FR,2023-09-15
3014,Amy,Higgins,christine69@example.net,DE,2025-08-01
3015,Kimberly,Smith,mayerpaul@example.com,BE,2025-06-04
3016,Brian,Acosta,gturner@example.net,FR,2023-07-12
3017,James,Moore,meyerpatricia@example.net,FR,2024-08-24
3018,Alexis,Best,cynthiagolden@example.org,ES,2025-11-13
3019,Steve,Clark,rosekevin@example.net,DE,2024-08-25
3020,Larry,Ford,whitakergrace@example.net,NL,2023-08-31
3021,Stacy,Vasquez,qwright@example.com,FR,2025-03-02
3022,Michael,Perry,valeriehoward@example.org,DE,2025-03-21
3023,Brandy,Wilson,russellbeth@example.com,FR,2024-11-01
3024,Katelyn,Wilson,waltonrachel@example.com,ES,2024-03-29
3025,Shannon,Anderson,martinezmichael@example.org,ES,2024-08-27
3026,Matthew,Hammond,wcallahan@example.com,BE,2023-04-10
3027,Elizabeth,Wilson,uolson@example.com,FR,2024-12-02
3028,Courtney,Barker,trevor84@example.net,DE,2025-11-15
3029,Jill,Sanchez,justin59@example.net,NL,2025-11-12
3030,Ryan,Mccann,rmartin@example.net,DE,2024-12-15
3031,Brandon,Thompson,christinaruiz@example.net,BE,2025-05-10
3032,William,Johnson,nicholasdavis@example.net,DE,2023-08-16
3033,Katie,Keller,toddspencer@example.net,DE,2024-07-14
3034,Paul,Nelson,tara76@example.com,FR,2025-08-19
3035,Isaac,Weaver,browncaitlyn@example.com,DE,2025-01-09
3036,Edward,Crawford,nblack@example.org,DE,2025-07-27
3037,John,Sherman,joseph87@example.net,BE,2025-11-27
3038,Chelsea,Farmer,mblair@example.net,ES,2026-01-02
3039,Micheal,Brennan,thompsonsean@example.org,ES,2025-04-09
3040,Shawn,Moore,pattersonlaura@example.com,DE,2023-02-27
3041,Danielle,Blackburn,michaelbennett@example.org,BE,2024-10-12
3042,Megan,Andrade,melindahernandez@example.org,DE,2023-08-04
3043,Anita,Reed,monroedominic@example.org,ES,2024-06-30
3044,Jeremy,Lewis,daniel77@example.net,ES,2024-07-24
3045,Maria,Hudson,garzajeffrey@example.com,NL,2024-04-30
3046,Megan,Cervantes,taylorkathleen@example.com,ES,2023-12-28
3047,Ashley,Hernandez,omills@example.net,FR,2025-09-08
3048,Caroline,Malone,okim@example.net,DE,2023-06-09
3049,Danny,Torres,melissajennings@example.com,ES,2025-03-31
3050,Brenda,Castillo,rita25@example.org,FR,2024-03-28
3051,Kyle,Beard,ashley32@example.net,FR,2023-08-04
3052,Heidi,Sanchez,sharon21@example.com,DE,2023-06-30
3053,Robert,Day,cmurphy@example.com,NL,2024-02-28
3054,Shaun,Mendez,butlerkelly@example.net,ES,2025-01-20
3055,Kristen,Phillips,eduardo55@example.com,BE,2026-01-29
3056,Carlos,Cook,sharonsmith@example.org,BE,2024-04-03
3057,Lauren,Castillo,harrelltimothy@example.org,BE,2024-04-30
3058,Daniel,Gutierrez,ndavis@example.net,BE,2024-10-07
3059,James,Fry,vbright@example.net,FR,2024-03-13
3060,Ashley,Logan,gina83@example.com,DE,2025-11-18
3061,Abigail,Nguyen,claytimothy@example.net,ES,2023-09-23
3062,Matthew,Burns,malonetracy@example.com,ES,2025-11-10
3063,David,Mcgee,kingkimberly@example.net,NL,2024-03-11
3064,Lori,Webster,ojohnston@example.com,NL,2023-04-14
3065,Donald,Barrera,courtney07@example.org,DE,2025-02-10
3066,Ashley,Perez,georgebowman@example.org,DE,2024-04-08
3067,Mary,Kelly,allison76@example.net,DE,2024-05-11
3068,Kimberly,Velasquez,erica44@example.org,BE,2024-03-24
3069,Angelica,Mays,ajames@example.com,DE,2024-06-23
3070,Brooke,Brown,gjenkins@example.net,BE,2024-06-21
3071,Angela,Moore,lynchjohn@example.com,NL,2025-11-29
3072,James,Phillips,graynatalie@example.net,ES,2023-04-19
3073,Anthony,Taylor,atkinsjacob@example.net,DE,2025-10-03
3074,James,Pollard,peterstony@example.com,BE,2023-02-15
3075,Emily,Gonzales,david46@example.com,NL,2024-05-27
3076,Ryan,Owen,joseph50@example.com,ES,2023-11-03
3077,Joseph,King,hahnsara@example.net,DE,2025-01-27
3078,Grace,Le,parkerlauren@example.net,BE,2025-05-08
3079,Aaron,Alvarez,orozcobrandon@example.com,FR,2025-12-24
3080,Shawn,Miller,fmorris@example.com,FR,2024-04-21
3081,David,Smith,brownashley@example.net,BE,2024-04-17
3082,Teresa,Roberson,morrowhunter@example.net,DE,2023-06-03
3083,Tamara,Estrada,keithfitzgerald@example.org,NL,2024-09-08
3084,Corey,Carroll,arellanomario@example.com,NL,2025-10-10
3085,Emma,Wood,isabelwebb@example.net,DE,2024-08-18
3086,Nicolas,Coleman,smiller@example.org,BE,2026-01-13
3087,Troy,Cline,tkerr@example.net,DE,2025-05-05
3088,Benjamin,Garcia,jameschan@example.com,FR,2025-12-26
3089,John,Underwood,angela53@example.org,NL,2023-03-05
3090,Kenneth,Long,kimberly76@example.org,NL,2025-11-18
3091,Christopher,Cameron,amberbooth@example.org,NL,2024-12-11
3092,Bryan,Wilson,kevin70@example.com,BE,2023-09-10
3093,Matthew,Morris,katelynrogers@example.net,FR,2025-06-25
3094,Levi,Padilla,kbartlett@example.org,ES,2026-01-09
3095,Donald,Medina,joshua41@example.net,DE,2025-04-18
3096,Kayla,Steele,candicemccullough@example.net,ES,2023-06-02
3097,Patricia,Estrada,paulgutierrez@example.com,FR,2024-08-17
3098,Devin,Williams,martinanna@example.org,ES,2023-09-15
3099,Andrew,Oliver,keith88@example.net,BE,2025-09-26
3100,Ashley,Evans,bensonandrea@example.org,FR,2023-06-05
3101,Lisa,Adams,john98@example.com,ES,2024-09-01
3102,Laura,Perez,christy25@example.com,FR,2025-04-26
3103,Kayla,Dixon,baileyjames@example.com,FR,2025-08-26
3104,Alexandria,Le,alvarezsamantha@example.org,DE,2024-01-28
3105,Samantha,Mitchell,bill98@example.org,BE,2024-08-29
3106,Derek,Underwood,hannah64@example.com,ES,2025-12-11
3107,Natasha,Stuart,williamsjenna@example.org,FR,2025-11-13
3108,Alison,Salazar,eerickson@example.com,FR,2024-10-11
3109,Christopher,Barnett,josephbradley@example.org,BE,2025-02-13
3110,Wendy,Wagner,wcollins@example.com,NL,2023-08-22
3111,James,Howe,urodriguez@example.net,BE,2024-01-23
3112,Kimberly,Montgomery,pevans@example.org,BE,2025-03-14
3113,Tracy,Wilkinson,brenda15@example.com,ES,2023-09-24
3114,Jonathan,Mahoney,benjaminorr@example.org,BE,2024-03-21
3115,Christine,Garcia,patrick87@example.com,NL,2024-08-17
3116,Hannah,Turner,pwalker@example.net,BE,2024-02-06
3117,Paul,Kirby,randy17@example.net,DE,2024-03-16
3118,Dustin,Freeman,yhoffman@example.net,ES,2024-09-20
3119,Kelli,Russell,ldavis@example.net,ES,2023-12-10
3120,Shaun,Holder,deannakelly@example.org,NL,2025-01-07
3121,Katherine,Ochoa,tammy24@example.com,BE,2026-02-02
3122,Kevin,Baird,ebenson@example.org,DE,2023-10-02
3123,Jonathan,Smith,stacyoliver@example.org,FR,2025-02-09
3124,Sherry,Williams,dustinlewis@example.net,BE,2023-05-28
3125,Laura,Warren,sandrapalmer@example.net,NL,2024-08-25
3126,Robert,Reed,davispatricia@example.org,DE,2024-02-19
3127,Lisa,Anderson,jward@example.org,NL,2025-12-17
3128,Linda,Jackson,travisbishop@example.com,BE,2026-02-02
3129,Ashley,Johnson,vlopez@example.com,FR,2023-04-19
3130,Leslie,Collier,wreynolds@example.org,FR,2023-11-26
3131,Samuel,Ryan,john88@example.org,NL,2023-02-14
3132,Mark,Flores,ytorres@example.net,DE,2023-10-26
3133,Michael,Pena,williamsonnicole@example.org,ES,2025-07-07
3134,Karen,Page,gestrada@example.com,DE,2024-12-11
3135,Nicole,Jones,melissaanderson@example.org,NL,2025-02-08
3136,Alexander,Mckinney,anthony74@example.com,NL,2025-06-04
3137,Angelica,Nash,noah46@example.com,NL,2025-11-12
3138,Ian,Vasquez,amartinez@example.org,DE,2024-07-13
3139,Joseph,Nelson,william48@example.com,FR,2023-09-06
3140,David,Gutierrez,adamscasey@example.org,DE,2023-10-17
3141,Gregory,Watson,ian78@example.org,ES,2023-12-17
3142,Renee,Pruitt,millerdenise@example.com,NL,2023-07-09
3143,Elizabeth,Henderson,msmith@example.net,DE,2023-12-05
3144,Danielle,Mooney,peterjohnson@example.com,FR,2025-12-14
3145,Maria,Atkins,shafferheidi@example.org,DE,2025-05-08
3146,Paul,Salinas,leetony@example.org,FR,2025-03-24
3147,Charles,Jensen,wrightvalerie@example.net,ES,2023-04-09
3148,Adam,Steele,danielphillips@example.com,FR,2025-11-19
3149,Jacqueline,Stone,smartin@example.org,DE,2023-08-20
3150,Norman,Scott,harrisphillip@example.com,DE,2025-07-12
3151,Alexandra,Henry,hernandezalexis@example.net,NL,2023-10-14
3152,Robert,Norris,browningdanielle@example.net,FR,2023-10-30
3153,Anthony,Sharp,jennifer39@example.org,NL,2024-07-16
3154,Ashley,Matthews,rconley@example.net,NL,2025-12-29
3155,Carl,Mills,shaun10@example.net,DE,2024-04-01
3156,Harold,Gray,sjensen@example.org,NL,2025-05-10
3157,Jennifer,Jones,xleonard@example.org,FR,2023-09-17
3158,Stephanie,Wyatt,twoods@example.com,ES,2024-12-16
3159,Shawna,Lewis,kenneth17@example.com,FR,2025-09-21
3160,Meredith,Brown,manuel63@example.com,FR,2023-09-05
3161,Theresa,Silva,jonesrachel@example.org,NL,2024-07-15
3162,Stanley,Chapman,gary00@example.net,ES,2025-04-05
3163,Justin,Anderson,dhughes@example.net,DE,2024-04-24
3164,Frank,Miles,robinsonmichael@example.com,DE,2025-01-14
3165,Cheryl,Owen,breweralexandra@example.org,DE,2025-06-03
3166,Justin,Scott,debbie87@example.com,FR,2024-07-09
3167,Crystal,White,michaellambert@example.com,ES,2023-03-10
3168,Michaela,Atkins,michael78@example.org,NL,2023-04-18
3169,Karen,Rogers,cochrananthony@example.org,BE,2024-06-26
3170,Tina,Bass,myerssuzanne@example.com,BE,2023-02-27
3171,Brandon,Hicks,julie05@example.org,FR,2023-12-29
3172,Christian,Wolf,robin01@example.net,DE,2024-05-15
3173,Joshua,Nelson,laurawhite@example.net,BE,2024-04-27
3174,Kristine,Howell,corey54@example.org,ES,2025-10-17
3175,Michael,Edwards,courtneyjackson@example.com,FR,2024-11-12
3176,Jordan,Johnson,yclark@example.net,ES,2025-08-21
3177,Kelly,Riddle,rhonda63@example.org,BE,2024-05-05
3178,Jorge,Combs,maureenmoore@example.com,BE,2023-02-10
3179,Andrew,Chang,phernandez@example.com,BE,2023-05-13
3180,Loretta,Caldwell,bdawson@example.net,DE,2023-10-23
3181,Chad,Collier,sjenkins@example.org,NL,2024-05-26
3182,Lance,Brown,mjimenez@example.com,BE,2024-01-25
3183,Melissa,Armstrong,elizabethmoss@example.net,BE,2024-11-19
3184,Tricia,Burns,pearsonkimberly@example.com,FR,2024-03-01
3185,Brenda,Calderon,masonchristopher@example.com,DE,2024-02-24
3186,Sara,Jones,ustewart@example.com,FR,2023-07-20
3187,Amanda,Cantrell,ronaldbishop@example.com,NL,2025-01-15
3188,Brandi,Baxter,matthewhernandez@example.org,FR,2024-04-30
3189,Ryan,Smith,gary79@example.org,BE,2023-10-03
3190,Thomas,Ward,potterlisa@example.com,BE,2024-04-10
3191,Frank,Rodriguez,timothylong@example.com,ES,2024-11-03
3192,William,Brown,amyponce@example.com,BE,2024-05-04
3193,Matthew,Smith,patrickgomez@example.net,ES,2023-04-15
3194,Laura,Keller,wadedonna@example.org,FR,2025-12-15
3195,Marcus,Giles,audrey95@example.com,NL,2025-10-23
3196,Kenneth,Perez,elizabeth00@example.com,ES,2024-06-13
3197,Susan,Flowers,rachel81@example.com,DE,2024-07-13
3198,Heather,Wood,kendra86@example.net,NL,2025-05-21
3199,Margaret,Armstrong,larry07@example.com,BE,2023-05-28
3200,Lindsey,Phillips,cmurillo@example.net,FR,2025-08-19
3201,Matthew,Christian,amysteele@example.net,BE,2026-01-23
3202,Grace,Nelson,oliverdiane@example.com,ES,2026-01-07
3203,Lauren,Fields,rkennedy@example.org,DE,2025-05-09
3204,Jeffrey,Barton,reyesmiranda@example.com,ES,2024-09-03
3205,John,Palmer,jmarquez@example.com,FR,2026-01-18
3206,Jocelyn,Santiago,brandonfuentes@example.net,BE,2024-01-23
3207,Mason,Mckinney,andrewjackson@example.com,NL,2025-02-12
3208,Joanna,Lloyd,nthompson@example.net,FR,2024-04-03
3209,Catherine,Pena,stephaniegutierrez@example.org,ES,2023-02-12
3210,Robert,Walker,martinezlisa@example.com,NL,2024-07-12
3211,Seth,Robles,nallen@example.com,FR,2023-06-11
3212,Brian,Roberts,oliviagutierrez@example.org,ES,2023-12-11
3213,Albert,Conrad,lortega@example.org,DE,2025-11-28
3214,Daniel,Castaneda,cheryl15@example.net,ES,2023-12-25
3215,Miguel,Hinton,treyes@example.net,NL,2023-06-20
3216,Luis,Singh,kinglaura@example.com,NL,2025-05-27
3217,Shannon,Weber,ymunoz@example.org,ES,2024-09-03
3218,James,Mcknight,larsonluke@example.org,ES,2025-05-29
3219,Michelle,Smith,alvarezkenneth@example.com,ES,2024-01-14
3220,Megan,Juarez,hoffmanmelissa@example.org,ES,2025-01-02
3221,David,Holland,briancantrell@example.com,FR,2023-05-02
3222,Mark,Monroe,michaelfreeman@example.com,DE,2024-04-07
3223,Nicole,Weber,reneecarter@example.org,DE,2023-03-23
3224,Robert,Hickman,donna45@example.net,NL,2025-09-27
3225,Julie,Combs,vickieacosta@example.net,BE,2023-02-15
3226,Elizabeth,Cooper,hernandezjoseph@example.org,DE,2025-10-17
3227,Emily,Alexander,owatkins@example.org,FR,2024-05-11
3228,David,Cantu,kingrichard@example.com,NL,2024-06-24
3229,Glenda,Richard,tim88@example.org,ES,2024-01-04
3230,Jeremy,Jones,hillgeorge@example.net,DE,2024-08-17
3231,James,Fernandez,brandon98@example.com,BE,2024-01-23
3232,Francisco,Solomon,michael02@example.org,DE,2025-11-01
3233,Deborah,Wagner,gfrancis@example.org,NL,2023-03-18
3234,Kirk,Potter,allenwilliam@example.com,ES,2025-03-26
3235,Todd,Moss,debra40@example.org,DE,2025-06-04
3236,Dale,Reyes,marc30@example.com,NL,2025-06-12
3237,Michele,Collins,jacobcole@example.net,NL,2023-10-11
3238,Leroy,West,petervelasquez@example.org,NL,2025-07-13
3239,Gary,Andrews,hhoover@example.org,FR,2023-06-09
3240,Zachary,Barnett,brettalexander@example.org,ES,2024-08-10
3241,Maureen,Jackson,gatesmichelle@example.com,FR,2025-10-28
3242,Jacob,Allen,martinandrea@example.org,NL,2025-05-18
3243,Gregory,Everett,ashleyperkins@example.org,BE,2025-11-17
3244,Amy,Barrett,lisamccoy@example.com,DE,2024-12-07
3245,Randy,White,harrisryan@example.org,DE,2025-10-28
3246,Matthew,Murray,karen60@example.net,FR,2024-08-05
3247,Michael,Wagner,smithnicholas@example.com,ES,2024-11-25
3248,James,Pratt,kochmelissa@example.org,FR,2025-11-23
3249,Joshua,Howe,roberthernandez@example.net,FR,2024-06-07
3250,Nathan,King,bknight@example.com,FR,2023-07-24
3251,Sarah,Scott,briankelly@example.org,NL,2023-05-02
3252,Erin,Stewart,russell82@example.org,ES,2025-01-03
3253,Jesse,Evans,angelahaynes@example.com,FR,2024-03-28
3254,Anthony,Barrett,barbara71@example.org,NL,2025-04-19
3255,Susan,Hawkins,beanashley@example.net,DE,2025-09-26
3256,Anthony,Wheeler,elizabeth81@example.net,NL,2023-09-21
3257,Patrick,Chavez,roger32@example.com,BE,2023-11-13
3258,Cheryl,Harris,johnsonolivia@example.net,NL,2025-01-17
3259,Kathleen,Bush,christopherhenry@example.com,FR,2023-07-11
3260,Samantha,Lyons,lgilbert@example.org,DE,2023-11-01
3261,Jessica,Stewart,richardstephen@example.com,NL,2025-05-29
3262,Joshua,Moody,tracie00@example.com,FR,2025-03-23
3263,Ryan,Marshall,frostsherry@example.org,BE,2023-02-21
3264,Stephanie,Payne,cynthia57@example.net,DE,2023-05-07
3265,Ryan,Day,rgregory@example.net,ES,2023-03-02
3266,James,Hogan,hammondshawn@example.com,FR,2023-09-11
3267,Erin,Watkins,nelsonmark@example.org,ES,2025-08-20
3268,Kevin,Hubbard,jeffrey12@example.org,BE,2025-02-02
3269,Jon,Gonzales,shawtravis@example.net,ES,2026-01-22
3270,Kathleen,Alexander,jgarrett@example.org,ES,2025-11-21
3271,Kristen,Adkins,vwilliams@example.com,DE,2024-10-29
3272,Tracy,Jones,brandy17@example.com,DE,2024-07-26
3273,Anthony,Gill,barryadams@example.org,FR,2023-05-07
3274,Philip,Hart,ugross@example.org,DE,2023-07-09
3275,Jamie,Bradley,frazierleah@example.net,DE,2023-06-07
3276,Kimberly,Richmond,anthony67@example.net,FR,2023-09-19
3277,John,Torres,meganwilliams@example.org,BE,2025-11-28
3278,Traci,Roberson,richard45@example.com,DE,2026-01-14
3279,Gabrielle,Love,austinhicks@example.org,FR,2024-05-08
3280,Brianna,Jensen,jorge83@example.com,DE,2023-03-13
3281,Jose,Lawson,ruth94@example.com,BE,2024-06-17
3282,Joseph,Washington,randolphdavid@example.com,BE,2023-08-22
3283,Stephen,Martinez,xfoster@example.com,ES,2023-07-02
3284,Diana,Coleman,sean81@example.org,FR,2023-02-19
3285,Karen,Hall,youngjoshua@example.net,DE,2026-01-01
3286,Kyle,Stone,quinnkayla@example.com,DE,2025-01-19
3287,Phillip,Rodriguez,cherylwoods@example.com,BE,2025-06-22
3288,Nancy,Martinez,brittany10@example.org,NL,2025-08-04
3289,Jacqueline,Rodriguez,parksdominique@example.net,FR,2025-09-11
3290,Shawn,Vaughn,websterchristina@example.net,FR,2024-02-05
3291,David,Castillo,tannerbarbara@example.org,DE,2023-11-13
3292,Megan,Hammond,blackburntammy@example.org,ES,2024-06-10
3293,Stephanie,Turner,orussell@example.com,BE,2023-09-18
3294,Kimberly,Waters,tommybraun@example.org,FR,2024-06-10
3295,Brittany,Gibson,michaelchristopher@example.com,ES,2023-06-11
3296,Gary,Fowler,blacktammy@example.org,DE,2025-05-04
3297,Kristen,Mcdonald,morgan18@example.org,ES,2025-06-18
3298,Laurie,Smith,allisononeill@example.org,BE,2024-09-10
3299,Anne,Kelly,kristi47@example.net,FR,2023-10-30
3300,Steven,Nelson,hgray@example.net,DE,2024-08-19
3301,Rebecca,Ruiz,vfrye@example.org,ES,2024-09-18
3302,Nicole,Franklin,todd66@example.org,BE,2024-02-29
3303,Brian,Becker,rogerselizabeth@example.net,NL,2025-10-08
3304,Jillian,Clark,ericasellers@example.com,BE,2024-09-19
3305,Nathan,Nielsen,jacob17@example.org,ES,2023-09-05
3306,Melissa,Dorsey,anne05@example.org,NL,2023-06-30
3307,Leslie,Brooks,aaronparsons@example.com,FR,2025-11-10
3308,Michael,Jennings,josephneal@example.net,DE,2023-12-12
3309,Todd,Ball,bryan34@example.com,BE,2024-03-20
3310,Derek,Mendez,petersonashley@example.net,FR,2025-06-10
3311,Heidi,White,sking@example.org,ES,2023-05-04
3312,John,Rivera,christopher06@example.org,BE,2024-10-19
3313,Michael,Preston,randall52@example.net,DE,2024-05-26
3314,Kevin,Parks,omarwood@example.org,ES,2024-04-17
3315,Cynthia,Evans,andreawilson@example.net,FR,2025-06-30
3316,Jacqueline,Allen,petertaylor@example.org,BE,2024-11-09
3317,John,Fisher,lindsay23@example.net,ES,2023-08-04
3318,Henry,Jordan,nolantara@example.org,FR,2024-08-03
3319,Rachel,Patterson,carneybilly@example.org,DE,2025-05-15
3320,Dwayne,Ford,brandonmoore@example.com,DE,2023-03-14
3321,Carrie,Montoya,wilsonmary@example.org,NL,2024-10-30
3322,Ronnie,Quinn,vhill@example.net,DE,2025-07-04
3323,Anne,Marquez,joseph63@example.org,NL,2023-07-18
3324,Maurice,Bailey,ana42@example.org,NL,2026-01-30
3325,Cheryl,Stewart,lisa63@example.com,DE,2026-01-19
3326,Andrew,Smith,carl65@example.com,BE,2025-04-14
3327,Kelly,Diaz,morrisontheresa@example.net,ES,2023-02-23
3328,April,Thompson,brooke62@example.org,BE,2023-11-23
3329,Bryan,Hughes,patricia41@example.org,ES,2025-02-11
3330,George,Baker,randall05@example.net,BE,2024-03-29
3331,Alyssa,Erickson,gomezkimberly@example.com,DE,2023-10-01
3332,Jacqueline,Smith,hayesjeffery@example.org,ES,2025-07-12
3333,Andrea,Hodge,andrea63@example.org,FR,2025-05-14
3334,Jennifer,Wheeler,olivia86@example.net,ES,2023-10-13
3335,Phillip,Watkins,timothy60@example.net,FR,2024-01-08
3336,Joshua,Wood,johnsonchelsea@example.com,FR,2025-09-27
3337,Natasha,Johnson,haynesjames@example.com,BE,2024-06-13
3338,Ricardo,Rojas,farrellheather@example.net,FR,2023-02-16
3339,Kevin,Sullivan,lgutierrez@example.org,ES,2023-09-27
3340,Nicholas,Patel,snowkimberly@example.com,NL,2024-10-23
3341,Laurie,Graves,amanda63@example.net,DE,2025-06-27
3342,Michelle,Daniels,vjensen@example.net,FR,2024-04-21
3343,Jennifer,Brandt,mendozawayne@example.net,NL,2024-03-02
3344,Ashley,Sanchez,mstevens@example.com,DE,2025-04-04
3345,Cheyenne,Wyatt,mcguirewilliam@example.org,FR,2023-03-20
3346,Joseph,Brown,michaeljohnson@example.org,FR,2025-08-08
3347,Brent,Rodriguez,laura11@example.com,FR,2025-03-24
3348,Thomas,Jimenez,ochapman@example.com,NL,2026-01-29
3349,Patricia,Smith,brianwarren@example.org,ES,2023-05-18
3350,Riley,Collins,haydenadrian@example.net,NL,2023-09-16
3351,Danny,Cohen,mzimmerman@example.com,DE,2023-10-17
3352,Kevin,Myers,samantha04@example.net,FR,2023-06-13
3353,Stacy,Young,dannyhutchinson@example.com,BE,2024-09-03
3354,Angela,Hull,karen33@example.com,NL,2023-12-22
3355,Richard,Rice,julianavarro@example.net,NL,2024-06-10
3356,Jessica,Thompson,courtneyshah@example.com,ES,2025-07-19
3357,Donald,Oconnor,josephdaniel@example.net,FR,2023-06-07
3358,Michelle,Martinez,kara22@example.org,DE,2023-09-19
3359,Frank,Jackson,kimberlyhoward@example.com,NL,2026-01-19
3360,Amanda,Austin,lowewendy@example.org,ES,2024-04-10
3361,Albert,Scott,scott77@example.com,ES,2024-05-24
3362,Benjamin,Garcia,charles98@example.org,FR,2024-08-07
3363,Richard,Johnson,pricejoan@example.org,ES,2023-12-24
3364,William,Moore,jessica21@example.org,DE,2024-09-02
3365,Thomas,Richardson,dsalazar@example.com,BE,2023-07-05
3366,Amy,Castro,sampsonmichelle@example.org,ES,2023-08-07
3367,Christine,Monroe,melissastewart@example.org,DE,2024-10-23
3368,Marcus,Harris,ryansullivan@example.net,ES,2025-06-13
3369,Brittany,Calhoun,charlesnicholas@example.net,NL,2024-09-10
3370,James,Nelson,csexton@example.com,FR,2026-01-26
3371,Tommy,Mendoza,joel38@example.org,FR,2025-01-17
3372,Nicole,Ruiz,sarah02@example.com,DE,2024-12-22
3373,Kara,Graves,mrodriguez@example.net,FR,2024-08-22
3374,John,Middleton,jennifermartin@example.com,FR,2023-06-02
3375,Greg,Aguilar,ramosnatalie@example.net,FR,2025-01-02
3376,Robert,Kim,leenunez@example.com,DE,2024-04-20
3377,Andrea,Taylor,alishamorris@example.org,ES,2025-08-25
3378,Manuel,Scott,kelseywalker@example.org,FR,2024-08-26
3379,Michael,Miller,daughertyisaac@example.com,BE,2023-06-01
3380,Robin,Brown,penavictoria@example.com,BE,2025-12-25
3381,Elaine,Simmons,qnolan@example.net,BE,2023-12-19
3382,Matthew,Smith,kimberlyturner@example.net,NL,2025-06-13
3383,Rebecca,Barr,heather73@example.org,FR,2024-01-13
3384,David,Chan,mlin@example.net,FR,2023-11-11
3385,Gerald,Gray,christinasmith@example.com,NL,2025-11-03
3386,Henry,Cruz,zmoon@example.org,BE,2025-10-18
3387,Deborah,Macias,olivia77@example.org,BE,2023-11-19
3388,Patricia,Joseph,oscarpeterson@example.org,BE,2024-03-01
3389,Regina,Price,dustinguerra@example.net,BE,2024-09-15
3390,Mitchell,Owen,harrelldaniel@example.com,ES,2025-04-29
3391,Taylor,Malone,barnettellen@example.net,ES,2023-05-09
3392,Jeffrey,Smith,jprince@example.com,DE,2023-09-01
3393,Zachary,Collier,philip22@example.net,ES,2025-03-08
3394,Alexander,Kirby,jean89@example.net,ES,2025-03-30
3395,Dawn,Santos,cynthia11@example.com,FR,2025-10-31
3396,Amy,Allen,hensleyjennifer@example.com,BE,2023-09-14
3397,Corey,Robinson,suzanneclark@example.net,ES,2024-06-25
3398,Miranda,Herring,uedwards@example.com,NL,2025-08-19
3399,Robert,Price,barbernicholas@example.net,NL,2025-04-26
3400,Andrea,Villarreal,robindavis@example.org,NL,2025-04-27
3401,Christina,Soto,wanda39@example.org,NL,2025-08-14
3402,Jack,Perkins,kellyvalenzuela@example.net,FR,2023-06-11
3403,Brianna,Bailey,baileyoneal@example.com,FR,2024-08-09
3404,Karina,Morgan,sean96@example.com,DE,2025-10-10
3405,Wendy,Knapp,vcooper@example.net,DE,2024-02-11
3406,Dana,Moss,robert70@example.org,ES,2024-10-22
3407,Nicholas,Baldwin,kathy24@example.net,FR,2024-01-13
3408,Gina,Mitchell,nicholasphillips@example.com,NL,2024-05-16
3409,Shawn,Cowan,lwilkins@example.net,BE,2025-07-01
3410,Timothy,Yates,jennifer47@example.org,NL,2024-07-13
3411,Robert,Diaz,ortizclaudia@example.net,FR,2023-12-27
3412,Nicole,Garrison,sgarrett@example.com,DE,2024-07-25
3413,Amy,Garza,pguerra@example.org,NL,2023-07-25
3414,Tara,Flores,jennifer23@example.org,FR,2025-03-01
3415,Sheena,Johnston,eray@example.net,BE,2024-08-02
3416,Darius,Johnson,lhunter@example.net,FR,2024-12-21
3417,Andrew,Woodward,natalie37@example.net,DE,2025-07-31
3418,Elizabeth,Shannon,ureeves@example.org,ES,2023-05-18
3419,Ebony,Ewing,ymartin@example.net,FR,2025-07-27
3420,Keith,Mccoy,uhopkins@example.com,BE,2023-11-16
3421,Gabriel,Washington,ohorton@example.net,FR,2023-04-08
3422,Thomas,Vaughn,christopher80@example.com,FR,2024-08-08
3423,Melanie,Huynh,megancrane@example.net,NL,2023-09-23
3424,Joseph,Carlson,aprilhamilton@example.org,NL,2025-03-24
3425,Heidi,Gonzalez,ortizrobert@example.net,DE,2025-06-15
3426,Susan,Wyatt,dorisphillips@example.com,BE,2024-07-17
3427,Jennifer,Barr,lcarroll@example.com,FR,2023-11-09
3428,Mark,Harvey,cochranstephanie@example.org,ES,2023-05-23
3429,James,Bullock,ericlopez@example.org,FR,2025-12-13
3430,Adriana,Harrison,fwall@example.net,FR,2024-07-19
3431,Cynthia,Phillips,graythomas@example.com,NL,2023-12-29
3432,Kent,Blevins,millercorey@example.org,FR,2026-01-10
3433,Juan,Sanchez,smallwilliam@example.net,ES,2023-04-17
3434,Jason,Reyes,abigaillamb@example.net,NL,2024-06-21
3435,Carol,Atkins,scott37@example.com,ES,2023-11-03
3436,Jacqueline,Mueller,leslie84@example.org,ES,2023-08-03
3437,Alexandria,Kim,melissaevans@example.org,NL,2023-09-15
3438,Laura,Bell,bmorris@example.org,DE,2023-12-19
3439,Julia,Fleming,henryparker@example.com,FR,2024-01-29
3440,Sarah,Hughes,andrewsanders@example.com,NL,2023-07-06
3441,Charlotte,Snow,lthomas@example.com,ES,2025-12-07
3442,Tina,Arnold,christopher39@example.net,DE,2024-02-11
3443,Danny,Ramirez,ugray@example.net,ES,2026-01-27
3444,Wesley,Lamb,kfigueroa@example.net,FR,2025-05-23
3445,Ashley,Cook,keith02@example.org,NL,2024-02-24
3446,Audrey,Osborne,christina27@example.com,FR,2023-11-02
3447,Tyler,Bartlett,tina78@example.net,FR,2023-09-05
3448,William,Goodwin,jacob08@example.net,FR,2025-05-24
3449,Katelyn,Hunter,hollypatterson@example.net,ES,2024-03-06
3450,Riley,Abbott,wrightamanda@example.net,FR,2025-10-04
3451,Joshua,Gomez,diana79@example.org,FR,2023-07-01
3452,Christopher,Torres,robinsmith@example.org,DE,2023-12-20
3453,Thomas,Jackson,bartonleslie@example.com,BE,2023-10-27
3454,Diana,Dickson,larry54@example.com,BE,2024-12-27
3455,Michael,Wright,darlenebrown@example.net,NL,2023-03-23
3456,Stacy,Smith,rlin@example.org,BE,2024-07-24
3457,David,Peterson,hernandezrobert@example.net,FR,2023-05-28
3458,Michael,Allen,nicole21@example.net,NL,2025-07-27
3459,Emily,Acosta,rodgersjessica@example.com,ES,2023-08-16
3460,Daniel,Palmer,gregoryjohnson@example.com,BE,2026-01-19
3461,Elizabeth,White,mitchellstephen@example.net,NL,2023-06-17
3462,Wendy,Carpenter,ptaylor@example.net,DE,2023-07-27
3463,John,Murphy,patriciaspencer@example.com,NL,2024-05-13
3464,Kimberly,Taylor,juandunn@example.com,FR,2023-05-15
3465,Adam,Acevedo,valenciadaniel@example.org,NL,2024-08-23
3466,Laurie,Parks,linda65@example.net,NL,2025-05-02
3467,Lauren,Martinez,jessica78@example.com,NL,2023-08-05
3468,Matthew,Smith,howardashley@example.org,DE,2025-10-06
3469,Casey,Wiley,davidyoung@example.org,NL,2024-03-05
3470,Jessica,Mclaughlin,ebell@example.org,BE,2023-08-18
3471,Kevin,King,cassandra46@example.net,DE,2023-05-08
3472,Jamie,Scott,michael10@example.net,FR,2025-07-17
3473,Timothy,Anderson,wilsonsteven@example.net,BE,2024-10-09
3474,Derek,Michael,robert87@example.net,BE,2023-12-28
3475,Dorothy,Watkins,tayala@example.org,ES,2024-12-13
3476,Laura,Harvey,ricardomoore@example.net,ES,2025-02-23
3477,Angela,Fernandez,mariecobb@example.net,DE,2024-11-25
3478,Anna,Moss,shawn42@example.org,FR,2026-01-20
3479,Leah,Sharp,tamara88@example.net,BE,2025-03-19
3480,John,Taylor,tapialuis@example.com,DE,2024-04-20
3481,Jack,Valdez,kristinawilliams@example.org,FR,2024-07-30
3482,Kristina,Armstrong,karenramirez@example.com,BE,2025-05-16
3483,Lisa,Bolton,danielleharris@example.org,FR,2023-12-07
3484,Jessica,Carlson,gilbert67@example.org,ES,2025-01-16
3485,Jennifer,Wilkinson,sandra51@example.net,ES,2023-12-02
3486,Jennifer,Haynes,mbryant@example.net,DE,2023-08-18
3487,Elizabeth,Hunter,andrea52@example.net,DE,2025-12-30
3488,William,Bell,rebekah67@example.org,DE,2024-03-29
3489,Sarah,Blackwell,jessica25@example.com,FR,2024-01-25
3490,Cindy,Henson,devingoodwin@example.net,FR,2024-01-25
3491,William,Cabrera,angelalozano@example.net,FR,2024-05-26
3492,Savannah,Lloyd,ymartinez@example.org,DE,2024-05-11
3493,Nathan,Villegas,eduardobuchanan@example.net,BE,2024-12-12
3494,Virginia,Newton,alyssa26@example.org,DE,2023-12-07
3495,William,Smith,ymitchell@example.com,ES,2024-04-10
3496,Luis,Howard,jay66@example.net,NL,2025-06-22
3497,Jeffrey,Moses,tylerking@example.com,BE,2023-10-27
3498,Keith,David,zmoore@example.net,ES,2023-10-15
3499,Jonathan,Nelson,normanhannah@example.net,BE,2023-06-16
3500,Heidi,Smith,austin20@example.net,ES,2025-01-27
3501,Karen,Hurley,simpsonabigail@example.net,NL,2024-10-10
3502,Scott,Thomas,elizabethclark@example.net,DE,2025-10-09
3503,Lori,Crane,tporter@example.com,NL,2023-08-16
3504,Steven,Bryant,raymond79@example.org,ES,2025-08-23
3505,Elizabeth,Davis,sbarron@example.org,DE,2025-05-07
3506,John,Rowland,loweelizabeth@example.org,ES,2023-11-30
3507,Amber,Sanders,arthurjohnston@example.net,BE,2024-07-10
3508,Joseph,Hays,myerskenneth@example.org,ES,2023-07-09
3509,Johnny,Tyler,shawndiaz@example.com,ES,2023-08-17
3510,Leslie,Murray,wmcdonald@example.com,FR,2025-02-17
3511,Tammy,Robles,nguyenhaley@example.net,DE,2023-05-28
3512,Lisa,Scott,kellysmith@example.org,NL,2023-10-09
3513,Monica,Powers,xprice@example.com,BE,2025-03-01
3514,Paige,Watson,brandonwood@example.com,DE,2024-08-14
3515,Laura,Smith,edunn@example.org,BE,2023-06-27
3516,Adam,Robinson,danielle48@example.com,DE,2025-11-13
3517,Deanna,Ortega,brittney44@example.org,BE,2023-05-15
3518,Brenda,Brown,wongsharon@example.net,ES,2024-11-22
3519,Tracy,Nelson,jerry63@example.com,FR,2025-07-04
3520,Nicole,Hess,zburke@example.com,ES,2025-03-14
3521,Sabrina,Smith,xcervantes@example.net,ES,2025-02-26
3522,Tara,Green,fnewman@example.com,ES,2023-08-15
3523,Cody,Murphy,michellereid@example.net,DE,2023-03-18
3524,Larry,Porter,zacharyobrien@example.org,FR,2024-06-17
3525,Chad,Schaefer,elizabethphillips@example.org,DE,2025-06-24
3526,Jeffrey,Mcdonald,kevinkelly@example.net,NL,2023-02-16
3527,Brett,Freeman,taylorcameron@example.com,BE,2025-12-01
3528,Angela,Cantu,carolyn24@example.org,FR,2024-10-22
3529,Mark,Gonzales,bwilliams@example.com,ES,2025-03-10
3530,Bradley,Jones,amandaavila@example.org,FR,2024-09-03
3531,Vincent,Mendez,rachael75@example.org,ES,2025-03-10
3532,Amanda,Cooley,xwagner@example.net,DE,2025-01-08
3533,Leslie,Wilson,walkerbrian@example.com,DE,2025-08-31
3534,Ronald,Glass,mary66@example.com,ES,2025-06-29
3535,Jeffrey,Anderson,paul90@example.org,NL,2025-11-18
3536,Levi,Todd,osbornejuan@example.net,FR,2023-03-10
3537,Jacob,Carrillo,russoedward@example.net,ES,2024-02-28
3538,David,Williams,rogersjessica@example.net,DE,2024-07-04
3539,Amber,Aguilar,benderjohn@example.com,DE,2024-09-17
3540,Christopher,Ramirez,elizabethmiller@example.com,ES,2024-09-21
3541,Dwayne,Reed,gregory52@example.net,BE,2023-04-23
3542,Cassandra,Rogers,suarezdebra@example.org,NL,2024-04-03
3543,Rebecca,Arnold,scallahan@example.net,DE,2023-08-14
3544,Cheryl,Glover,perezkathleen@example.net,DE,2023-02-07
3545,David,Brown,beckerbenjamin@example.org,NL,2026-01-08
3546,Jacqueline,Clark,christytran@example.net,DE,2023-09-22
3547,Megan,Frank,agarcia@example.com,ES,2023-08-13
3548,Marie,Hansen,robertfrancis@example.net,BE,2026-01-16
3549,Shari,Day,david19@example.net,FR,2025-05-11
3550,Joseph,Lindsey,nelsonpaul@example.org,FR,2025-09-06
3551,Kimberly,Jones,randyjones@example.org,ES,2025-09-27
3552,Michael,Smith,rebecca17@example.com,NL,2025-06-23
3553,Melissa,Miller,laurie38@example.org,ES,2024-02-09
3554,Holly,Trujillo,david65@example.com,BE,2024-10-12
3555,Jesse,Ferrell,dean27@example.com,ES,2026-02-01
3556,Dennis,Palmer,santiagotroy@example.org,DE,2025-04-22
3557,Daniel,Gamble,xramirez@example.org,FR,2024-06-15
3558,April,Howard,gregorygarcia@example.com,FR,2024-03-22
3559,Alicia,Galloway,othompson@example.net,FR,2026-01-28
3560,Levi,Webb,santossophia@example.net,BE,2025-12-30
3561,Jeffrey,Fischer,rachaelthomas@example.com,BE,2025-07-05
3562,Erin,Kim,wsullivan@example.org,BE,2024-10-19
3563,Kristin,Sandoval,shaneburgess@example.org,ES,2023-04-07
3564,Shelley,Novak,karagoodman@example.net,DE,2024-04-01
3565,Bradley,Barton,blackwellpaul@example.net,FR,2025-11-24
3566,Anthony,Marsh,fdiaz@example.net,BE,2023-04-23
3567,Ryan,Wallace,paulacolon@example.com,NL,2023-09-06
3568,Christopher,Morgan,spencer59@example.org,FR,2026-01-16
3569,Colleen,James,christopher77@example.net,DE,2023-12-31
3570,Jessica,Norton,cjoseph@example.com,ES,2024-11-15
3571,Jacqueline,Olsen,samantha07@example.org,NL,2023-12-28
3572,Joseph,Guerra,ewingmonica@example.net,NL,2024-07-13
3573,Kenneth,Roman,johnfarley@example.net,ES,2025-03-13
3574,Jeremy,Jacobson,whardy@example.com,NL,2025-05-29
3575,Michelle,Evans,diane18@example.com,BE,2025-12-12
3576,James,Dawson,kingwesley@example.com,NL,2025-12-25
3577,Emily,Perez,amandawheeler@example.org,DE,2024-09-07
3578,Kathleen,Burke,andersonthomas@example.org,DE,2023-11-25
3579,Scott,Fields,sara09@example.org,FR,2025-04-06
3580,Samantha,Gonzalez,danielle16@example.net,BE,2024-08-25
3581,Thomas,Good,walkertammie@example.com,ES,2023-08-29
3582,Denise,Howard,garysummers@example.net,DE,2023-06-27
3583,Denise,Moore,vthompson@example.org,ES,2025-01-14
3584,Valerie,Byrd,amandamiller@example.net,BE,2024-10-12
3585,Donald,Hernandez,charlescastaneda@example.org,NL,2023-04-17
3586,Joanna,Bradley,bparker@example.org,NL,2024-02-06
3587,Rebecca,Bradley,bcoleman@example.com,DE,2023-11-13
3588,Jennifer,Porter,teresa56@example.org,BE,2025-10-06
3589,Eric,Dean,uboyle@example.net,ES,2023-10-21
3590,Mike,Walker,abbottshelby@example.com,ES,2025-05-04
3591,Dawn,Collins,pwalters@example.com,DE,2024-07-09
3592,Patrick,Herrera,mrandall@example.net,ES,2024-06-10
3593,Paula,Thompson,qford@example.net,BE,2023-09-07
3594,Jennifer,Nixon,christine67@example.com,FR,2026-01-18
3595,Jessica,Navarro,andrewsmith@example.org,NL,2024-04-14
3596,Jacqueline,Orozco,butlermichael@example.org,ES,2025-08-01
3597,Joshua,Marshall,kylie92@example.net,NL,2023-03-03
3598,Michelle,Brown,wcarrillo@example.org,DE,2025-04-07
3599,Laurie,Macdonald,walkerdylan@example.net,DE,2024-06-13
3600,David,Grimes,kathrynoneal@example.com,BE,2025-08-20
3601,Kimberly,Koch,jonathan91@example.com,DE,2025-09-25
3602,Rebecca,Lewis,phillipsmatthew@example.net,NL,2025-01-18
3603,Gina,Johnson,sara95@example.net,NL,2023-04-05
3604,Kimberly,Baker,tschroeder@example.org,BE,2023-04-29
3605,Kathy,Roberts,alyssapena@example.org,NL,2024-01-17
3606,Allison,Page,pbraun@example.net,FR,2025-12-22
3607,Nancy,Smith,quinnteresa@example.com,DE,2023-12-15
3608,Alicia,Simpson,nmitchell@example.net,DE,2026-01-05
3609,James,Perry,irwineric@example.org,DE,2023-11-20
3610,Tammy,Douglas,rebeccaprice@example.net,FR,2024-05-09
3611,Crystal,Martin,elivingston@example.com,BE,2024-05-25
3612,Tara,Tate,gary22@example.net,NL,2024-08-19
3613,Ralph,Griffin,paulahuang@example.org,ES,2024-09-16
3614,Elizabeth,Best,grantrichard@example.net,FR,2024-10-29
3615,Miranda,Stevens,michelleriley@example.net,NL,2024-03-15
3616,Douglas,Johnston,williamstevens@example.net,ES,2025-01-29
3617,Emily,Schmidt,bakercynthia@example.net,DE,2023-10-23
3618,Kevin,Gordon,wustacey@example.org,ES,2024-05-10
3619,Kenneth,Andersen,antonio41@example.net,DE,2024-01-02
3620,Sabrina,Lane,chavezeileen@example.com,BE,2023-05-30
3621,Anthony,George,glenn19@example.net,FR,2024-09-18
3622,Michael,Miller,briangilmore@example.net,BE,2025-04-06
3623,James,Fernandez,vdavenport@example.com,DE,2023-05-06
3624,Johnny,Barnes,brownraymond@example.net,DE,2025-07-14
3625,Evan,Walker,stephaniegarcia@example.org,NL,2023-09-23
3626,Michelle,Owen,jenna26@example.com,DE,2023-10-11
3627,Ryan,Wright,vincent67@example.com,DE,2025-04-13
3628,Tiffany,Carroll,bakerpaul@example.com,DE,2023-03-29
3629,Michael,Sexton,fjohnson@example.org,DE,2024-09-13
3630,Nicholas,Garcia,mackalyssa@example.com,NL,2023-10-24
3631,Sarah,Scott,herreradustin@example.com,NL,2025-03-15
3632,Amanda,Anderson,lori60@example.com,FR,2024-07-28
3633,Chelsea,Watson,brandonoliver@example.com,ES,2025-12-11
3634,Jennifer,Myers,phyllis30@example.net,DE,2023-07-27
3635,Lawrence,Barajas,edwardjoyce@example.org,FR,2025-06-01
3636,Gwendolyn,Garcia,karen82@example.org,NL,2023-04-04
3637,Michael,Donaldson,youngalan@example.org,FR,2024-05-12
3638,Jacob,Abbott,ddudley@example.net,DE,2026-01-19
3639,Lawrence,Sweeney,christian84@example.net,FR,2025-03-09
3640,April,Lyons,msmith@example.com,BE,2023-06-11
3641,Jessica,Johnson,nealwilliam@example.net,NL,2024-06-29
3642,Daniel,Walker,barnetthaley@example.org,DE,2025-08-07
3643,Brendan,Harris,shannon08@example.net,NL,2024-03-19
3644,Leah,Olsen,lindsaypreston@example.net,FR,2026-01-04
3645,David,Robinson,john18@example.org,DE,2024-10-23
3646,Jennifer,Cruz,pittsalicia@example.net,BE,2023-04-21
3647,Charles,Adams,evanswilliam@example.net,FR,2024-09-28
3648,Kimberly,Martinez,donnawilson@example.net,NL,2023-09-18
3649,Darlene,Jimenez,vlucero@example.org,BE,2025-06-23
3650,Martin,Wilson,sherricurtis@example.net,FR,2024-06-02
3651,Lisa,Howell,vholmes@example.com,FR,2024-08-27
3652,Joel,Stephenson,qspencer@example.org,DE,2024-11-22
3653,Emily,Turner,uwalsh@example.net,FR,2023-06-01
3654,Elizabeth,Green,lonnienorman@example.net,DE,2023-05-11
3655,Ricardo,Shaw,rmoore@example.net,NL,2024-09-20
3656,Diana,Garcia,johnsmith@example.com,DE,2024-01-12
3657,Michelle,Sherman,bwilson@example.com,ES,2025-05-16
3658,Jasmine,Kelley,shannon44@example.com,DE,2025-08-30
3659,Kevin,Valdez,nelsonanthony@example.com,ES,2024-01-29
3660,Blake,Barr,kwaller@example.com,DE,2023-04-06
3661,Corey,Todd,bellkayla@example.com,BE,2023-10-10
3662,Angela,Ray,carrollcrystal@example.com,BE,2024-09-23
3663,Jonathan,Parker,maureen99@example.com,BE,2024-09-30
3664,Brent,Francis,martinkaylee@example.org,DE,2023-05-14
3665,Daisy,Simmons,jillian85@example.net,FR,2025-03-28
3666,Haley,Smith,sharpnicholas@example.com,NL,2024-04-23
3667,Andrew,Brown,williamsteresa@example.com,ES,2025-06-12
3668,Cassandra,Fox,wheelerleslie@example.org,BE,2024-10-28
3669,Joseph,Hill,kayla77@example.com,DE,2023-07-27
3670,Brandi,Woods,kimberlylewis@example.net,NL,2024-01-18
3671,Heather,Bentley,egarza@example.org,DE,2025-03-19
3672,Maria,Singleton,davidtran@example.org,BE,2025-10-31
3673,Olivia,Collins,zhuff@example.org,BE,2024-02-23
3674,Christopher,Montes,kelsey08@example.net,NL,2025-08-23
3675,Laura,Jordan,johnbrewer@example.com,FR,2024-02-03
3676,Amanda,James,amyrichards@example.org,FR,2023-08-21
3677,Elizabeth,Carrillo,tinasanders@example.org,FR,2025-06-01
3678,Cory,Gutierrez,anthonymorgan@example.com,DE,2024-03-27
3679,Angela,Smith,jhuerta@example.com,BE,2023-07-22
3680,Douglas,Williams,richard25@example.org,ES,2023-04-18
3681,Dana,Robertson,scottthompson@example.com,DE,2023-04-25
3682,Dakota,Allen,bferguson@example.com,NL,2025-10-08
3683,Katherine,Garrett,umoore@example.net,DE,2024-11-19
3684,Michelle,Haley,hawkinsanthony@example.net,BE,2024-07-24
3685,Joseph,Levy,johnsonmichael@example.net,NL,2023-02-13
3686,Eric,Briggs,jenniferstewart@example.com,FR,2024-12-30
3687,Joshua,York,johnsonjacqueline@example.org,DE,2025-12-07
3688,Randy,Brooks,evanscynthia@example.net,ES,2025-12-26
3689,Jacqueline,Hernandez,tmorales@example.org,BE,2023-08-06
3690,Nicole,Mathis,sandrakemp@example.com,NL,2024-12-28
3691,Vanessa,Kelly,linda07@example.com,DE,2024-09-05
3692,Jonathan,Curtis,pamela60@example.com,ES,2025-11-24
3693,James,Galloway,iarnold@example.com,NL,2024-12-21
3694,Mario,Torres,janet67@example.com,FR,2023-04-15
3695,Kyle,Levy,masseychristina@example.com,NL,2025-04-18
3696,Timothy,Holden,geraldadams@example.com,FR,2025-08-05
3697,Erica,Patterson,webstermichael@example.com,ES,2024-11-18
3698,Michelle,Porter,stephaniehayes@example.net,FR,2023-09-02
3699,Adam,Welch,mallen@example.org,NL,2023-04-12
3700,Richard,Yoder,andrewmoore@example.net,DE,2025-07-13
3701,Mike,Hodges,amandawhite@example.org,DE,2024-09-11
3702,Alejandro,Rodgers,ldavenport@example.net,NL,2023-12-28
3703,Edward,Davis,xwhite@example.org,DE,2025-09-08
3704,Mark,Morgan,franciscostewart@example.com,NL,2025-09-22
3705,Eric,Holmes,frazierthomas@example.org,ES,2024-09-21
3706,Joel,Taylor,halljonathan@example.com,BE,2024-02-04
3707,Joan,Ford,riveramelanie@example.com,NL,2023-03-27
3708,Ashley,Wilson,hayssandy@example.net,NL,2025-01-06
3709,Chelsea,Allison,kimberly71@example.com,FR,2023-05-15
3710,Luke,Fitzpatrick,lisaperkins@example.com,BE,2025-08-07
3711,James,Jackson,ayersgina@example.org,BE,2025-07-05
3712,William,Kaufman,michelle02@example.org,DE,2024-03-15
3713,Brian,Parks,npace@example.com,BE,2025-10-05
3714,Alexander,Moreno,noahbrown@example.com,ES,2023-07-22
3715,Frank,Nichols,ryan14@example.com,DE,2025-08-27
3716,Christina,Ortiz,ihenry@example.com,DE,2023-06-19
3717,David,Beck,joe60@example.org,ES,2025-05-04
3718,Sarah,Archer,brett17@example.net,NL,2024-07-04
3719,Benjamin,Calderon,emilyoneal@example.net,FR,2024-12-22
3720,David,Everett,paulleonard@example.net,ES,2024-09-07
3721,Matthew,Patel,ilopez@example.org,FR,2024-11-15
3722,Raymond,Wright,nicole39@example.org,ES,2023-09-03
3723,Megan,Harmon,joshuareynolds@example.org,DE,2023-07-11
3724,Frank,Bowers,dianaallen@example.org,NL,2025-12-07
3725,Michael,Martin,zadams@example.net,DE,2024-07-21
3726,Daniel,Hughes,victormurphy@example.net,BE,2023-02-03
3727,Martin,Holmes,reevesalex@example.net,DE,2025-10-04
3728,Candice,Edwards,vmarshall@example.com,ES,2024-04-03
3729,Gabriel,Lambert,sarahramirez@example.net,DE,2024-12-01
3730,Brittany,Murphy,zross@example.com,ES,2025-03-13
3731,Sheila,Nguyen,pamela06@example.com,DE,2024-10-11
3732,Sean,Garcia,sanchezjohn@example.net,NL,2024-03-23
3733,Lauren,Joseph,mary98@example.org,NL,2023-07-30
3734,Kara,Orozco,anasandoval@example.com,ES,2025-03-22
3735,Gina,Romero,brittanycarlson@example.org,DE,2025-09-10
3736,William,Stevens,awilliams@example.org,NL,2024-02-28
3737,Savannah,Fields,jhernandez@example.net,ES,2025-03-25
3738,Megan,Thompson,oclark@example.net,BE,2025-02-03
3739,Monique,Krueger,jessica75@example.com,DE,2025-03-04
3740,Roy,Daugherty,zford@example.org,BE,2024-10-19
3741,Nicholas,Estrada,mbruce@example.com,FR,2026-01-25
3742,Raymond,Gomez,cliu@example.org,ES,2024-02-23
3743,Courtney,Smith,huffmichele@example.org,NL,2024-08-18
3744,Richard,Campos,annberry@example.org,ES,2025-12-11
3745,Adrienne,Jackson,leblancdaniel@example.org,FR,2025-08-12
3746,David,Walker,sandra50@example.org,BE,2026-01-10
3747,Christian,Martin,jimenezmelissa@example.com,ES,2024-01-12
3748,Christopher,Warner,maysalexander@example.net,NL,2024-04-18
3749,Douglas,Moore,vargaselizabeth@example.org,NL,2023-09-21
3750,Roberto,Flowers,richardsondavid@example.net,ES,2024-07-11
3751,William,Kelley,kristina71@example.org,BE,2023-08-17
3752,Madeline,Hurst,kathyshields@example.net,FR,2023-07-19
3753,Joseph,Nicholson,keith81@example.org,BE,2025-02-17
3754,Susan,Mendoza,dominguezmatthew@example.com,DE,2023-10-08
3755,Kevin,Buck,joseph93@example.org,ES,2023-06-03
3756,Sara,York,linda17@example.net,ES,2024-04-27
3757,Rachel,Rubio,julianthomas@example.org,BE,2024-08-30
3758,Nancy,Werner,tracy88@example.org,FR,2025-03-25
3759,Christian,Thompson,michael88@example.org,NL,2025-03-07
3760,Amy,Davies,jacobsjames@example.net,FR,2025-04-21
3761,Melinda,Douglas,alejandra96@example.com,ES,2025-05-05
3762,Michael,Martinez,vargasdavid@example.org,DE,2024-09-11
3763,Brandy,Gay,gwendolynli@example.org,NL,2023-10-04
3764,Steven,Rodriguez,alarson@example.net,DE,2024-09-23
3765,Eric,Diaz,hvaughan@example.com,BE,2025-08-26
3766,Heather,Wise,joneskenneth@example.com,BE,2025-04-28
3767,Marissa,Nichols,zimmermanwilliam@example.net,NL,2024-08-18
3768,Andre,House,tyler07@example.net,FR,2024-12-19
3769,Douglas,Montgomery,samuelbaker@example.net,BE,2023-09-08
3770,Sabrina,Anderson,dylanbecker@example.net,ES,2024-05-18
3771,Robin,Terry,jacobsmith@example.org,DE,2024-10-04
3772,Andres,Chan,obrienpaige@example.net,BE,2025-08-22
3773,Terri,Hess,perrymichael@example.net,DE,2023-08-08
3774,Ricardo,Cruz,jenniferpatterson@example.com,NL,2024-12-26
3775,Chase,Miller,mia55@example.com,FR,2023-03-10
3776,Robin,Phillips,zryan@example.com,ES,2023-05-09
3777,Bridget,Burke,fgalloway@example.org,ES,2024-05-12
3778,Susan,Mcgee,reynoldspamela@example.org,BE,2025-10-15
3779,David,Perez,littlecraig@example.net,BE,2023-09-22
3780,Brittany,Smith,patriciashort@example.org,FR,2025-03-23
3781,Wendy,Mcknight,theresa27@example.com,DE,2023-09-02
3782,Michael,Valdez,christophersloan@example.com,FR,2023-09-13
3783,Jacob,Robinson,jware@example.org,ES,2023-07-28
3784,Michael,Vaughan,ljoseph@example.net,DE,2025-11-07
3785,Ashley,Jones,ddavis@example.org,ES,2024-03-25
3786,Robert,Lee,dale18@example.org,ES,2023-02-20
3787,Teresa,Hampton,elizabeth88@example.com,FR,2023-02-15
3788,Sherri,Wilson,millermichele@example.org,DE,2025-09-02
3789,Christopher,Cobb,sotomandy@example.org,BE,2024-02-09
3790,Jerry,Welch,rharrison@example.com,ES,2024-05-05
3791,Tommy,English,shannon30@example.org,BE,2025-06-27
3792,Kenneth,Meyer,lindsey10@example.com,ES,2024-02-21
3793,Ashley,Owens,qmays@example.net,FR,2025-05-06
3794,Rebecca,Williams,barry06@example.net,DE,2023-09-16
3795,Jennifer,Cooley,hwells@example.org,ES,2025-01-22
3796,Robert,Jackson,owendylan@example.org,NL,2024-06-09
3797,Michelle,Parker,joshua32@example.org,FR,2025-12-13
3798,Jeff,Griffin,coreywhite@example.org,BE,2026-01-20
3799,James,Johnson,jeffery45@example.com,ES,2024-12-25
3800,Mark,Williams,kathy41@example.net,NL,2025-09-13
3801,Julie,Young,fosterthomas@example.com,NL,2025-03-31
3802,Kimberly,Smith,johnathan47@example.com,BE,2024-08-20
3803,Joshua,Jones,roblesricky@example.com,BE,2023-08-17
3804,Christopher,Lewis,lleblanc@example.net,DE,2025-11-25
3805,John,Ramirez,kim47@example.net,NL,2024-09-28
3806,Philip,Evans,kwise@example.com,FR,2025-07-10
3807,Valerie,Mendoza,torreskristin@example.org,FR,2023-06-03
3808,Audrey,Rodriguez,mhamilton@example.org,FR,2023-06-04
3809,Amanda,Shah,brivera@example.com,NL,2025-10-03
3810,Cesar,Valdez,tammynelson@example.net,BE,2024-02-21
3811,Emily,Schneider,travis55@example.org,FR,2024-09-26
3812,Ryan,Foster,elizabethnorris@example.com,ES,2024-02-17
3813,Heather,Johnson,arthurvilla@example.org,FR,2024-07-30
3814,Justin,Benjamin,jerry14@example.com,DE,2026-01-30
3815,Joshua,Montgomery,eric69@example.org,DE,2024-04-01
3816,Emily,Hall,fordvictor@example.com,NL,2023-07-14
3817,Erica,Watkins,ddixon@example.com,FR,2025-01-05
3818,Tabitha,Walters,nguyenkenneth@example.net,ES,2024-02-23
3819,Claire,Gillespie,michael37@example.com,BE,2023-12-22
3820,Megan,Johnson,ulopez@example.net,BE,2025-08-18
3821,Jennifer,Phelps,david84@example.org,BE,2024-08-18
3822,Melinda,Thompson,mcdonalddustin@example.net,BE,2024-01-15
3823,Melissa,Hughes,jkennedy@example.net,DE,2024-07-18
3824,David,Brewer,veronica18@example.com,BE,2024-03-11
3825,Kimberly,Carroll,meganlewis@example.net,DE,2023-02-17
3826,Ernest,Miles,sgonzalez@example.org,FR,2024-12-18
3827,Cole,Davidson,veronica62@example.org,NL,2024-10-10
3828,Michael,Hicks,denise95@example.net,FR,2023-09-24
3829,Wendy,Parker,amy53@example.net,ES,2023-05-22
3830,Samuel,Larson,jamesryan@example.com,NL,2025-07-31
3831,Jenny,Shaw,oshelton@example.net,ES,2025-12-12
3832,Sarah,Murray,angelacrawford@example.org,NL,2025-09-30
3833,Suzanne,Barry,zlee@example.org,DE,2024-07-01
3834,Raymond,Mclaughlin,nicoleguzman@example.net,BE,2025-03-08
3835,Emily,Brown,georgeknight@example.org,FR,2026-01-20
3836,Alexander,Williams,qponce@example.com,BE,2024-09-04
3837,Jennifer,Schneider,carlahamilton@example.net,BE,2024-02-11
3838,Jessica,Ortiz,mayamanda@example.org,NL,2025-11-01
3839,Douglas,Stewart,rwoods@example.com,FR,2023-03-12
3840,Jo,Johnston,christinemckinney@example.com,ES,2023-06-14
3841,Tyler,Graham,rebeccapollard@example.com,ES,2024-12-17
3842,Dorothy,Boyd,millerzachary@example.org,NL,2025-03-06
3843,Nicole,Bryant,jacob94@example.com,ES,2025-05-12
3844,Sandra,Kennedy,codyperkins@example.org,ES,2023-07-01
3845,Jonathan,George,christopherjones@example.org,FR,2024-09-21
3846,Sara,Jacobs,whunter@example.net,DE,2023-12-14
3847,Amy,Wilson,vflores@example.net,NL,2023-09-22
3848,Briana,Paul,ronaldcole@example.net,DE,2023-12-30
3849,Sarah,Williams,adrian12@example.net,ES,2023-04-26
3850,Nicholas,Leonard,charlesyang@example.net,ES,2023-12-24
3851,Ashley,Ortiz,harrisrobert@example.com,BE,2024-06-09
3852,Michael,Clark,derrickortiz@example.com,FR,2024-09-23
3853,Timothy,Werner,joesmith@example.com,BE,2025-07-13
3854,Richard,Brown,millerchad@example.net,ES,2024-05-06
3855,Laurie,Ferrell,caldwellkristen@example.net,DE,2025-09-18
3856,Samantha,Thompson,orich@example.net,ES,2025-06-16
3857,Jonathan,Haynes,steven23@example.net,ES,2024-12-15
3858,Ryan,Fuller,smithjennifer@example.org,BE,2025-04-14
3859,Alyssa,Moyer,walterperez@example.com,ES,2024-03-14
3860,Elizabeth,Sanchez,lauracaldwell@example.org,ES,2024-07-10
3861,Jennifer,Barber,christinaestrada@example.org,DE,2025-01-26
3862,Amber,Scott,chad50@example.net,NL,2023-09-05
3863,Randy,Berry,proberson@example.org,FR,2024-11-15
3864,Melody,Hopkins,orrmaxwell@example.org,DE,2024-06-14
3865,Donna,Smith,sjohns@example.net,BE,2024-05-01
3866,Jeremy,Peterson,mcgeerichard@example.net,ES,2024-05-29
3867,Kyle,Huffman,ncannon@example.com,NL,2025-06-30
3868,Casey,Hughes,craiggardner@example.org,NL,2023-03-04
3869,Joseph,Torres,jennifer87@example.net,ES,2024-07-20
3870,Joshua,Waller,pagekristina@example.net,BE,2025-08-27
3871,Tammy,Martinez,carterjohn@example.net,BE,2025-09-02
3872,Peter,Williams,lisa32@example.net,BE,2024-06-13
3873,Mary,Norris,kduncan@example.com,NL,2023-10-21
3874,April,Simon,petermartin@example.net,BE,2025-01-31
3875,Billy,Rhodes,christiewright@example.com,BE,2025-03-10
3876,Zachary,Richardson,nicholsrick@example.net,DE,2025-08-03
3877,Bethany,Johnson,rossrichard@example.net,BE,2025-05-13
3878,Amanda,Moses,nicholas11@example.org,DE,2025-11-14
3879,Kimberly,Chapman,ashley49@example.net,BE,2024-08-15
3880,Sandra,Smith,willie68@example.org,FR,2024-03-29
3881,Melinda,Patterson,ydavis@example.org,ES,2024-02-14
3882,Matthew,Sullivan,smithapril@example.net,BE,2024-04-10
3883,Jim,Snow,baxterholly@example.org,NL,2025-09-20
3884,Christopher,Patrick,prestondillon@example.net,FR,2025-12-19
3885,Keith,Carroll,yhowell@example.com,FR,2023-07-02
3886,Albert,Jimenez,todd44@example.net,BE,2023-12-08
3887,Linda,Friedman,oshields@example.com,ES,2024-11-21
3888,Eric,Reyes,amandahernandez@example.net,FR,2023-10-23
3889,Karen,Navarro,johnking@example.com,BE,2023-11-26
3890,Latoya,Harvey,dilloncannon@example.com,FR,2023-09-28
3891,Matthew,Oneal,anthonyharris@example.net,ES,2025-05-12
3892,Gregory,Ortiz,thompsonnathan@example.org,DE,2025-07-28
3893,Joseph,Evans,jennifer38@example.com,ES,2025-07-24
3894,Angela,Dominguez,kenneth03@example.com,ES,2023-09-27
3895,Shane,Richardson,ashleyyang@example.net,BE,2023-10-02
3896,David,Morris,christopher71@example.com,NL,2023-08-07
3897,Christopher,Carpenter,emcbride@example.com,BE,2023-07-14
3898,Casey,Gregory,davisshelia@example.net,BE,2025-12-16
3899,Eric,Brown,lesliejohnson@example.org,DE,2025-08-14
3900,Haley,Williams,vjones@example.org,DE,2023-10-07
3901,Patricia,Baxter,corey40@example.com,NL,2025-10-23
3902,Guy,Taylor,qbrown@example.net,BE,2023-12-30
3903,Margaret,Foster,torresgary@example.net,BE,2024-01-22
3904,Sara,Pitts,marie87@example.net,ES,2026-01-30
3905,Pamela,Griffin,hfoster@example.net,BE,2026-01-13
3906,Brian,Snow,bdixon@example.net,DE,2024-01-02
3907,Donald,Whitney,wilsonrobert@example.net,NL,2023-04-10
3908,Kathleen,Bartlett,zwebb@example.net,NL,2025-05-16
3909,James,Charles,jamesmarquez@example.org,BE,2024-08-20
3910,Eric,Mclaughlin,jeffersonreginald@example.com,ES,2025-01-08
3911,Jennifer,Marshall,award@example.com,NL,2025-12-19
3912,Sandra,Brooks,calvinhart@example.com,FR,2024-11-06
3913,Edward,Ramos,kmeyer@example.org,ES,2023-09-20
3914,Ronald,Lynch,holly96@example.org,DE,2025-11-08
3915,Joseph,Graves,codywang@example.com,DE,2025-01-03
3916,Dillon,Chavez,gdavis@example.net,BE,2024-09-24
3917,Christopher,Robinson,daviseric@example.com,DE,2023-11-19
3918,Derek,Garcia,zpeterson@example.net,NL,2024-02-06
3919,Elizabeth,Horn,alanjones@example.net,NL,2025-11-09
3920,Sarah,Haynes,amberhammond@example.org,FR,2025-05-22
3921,David,Jones,geraldcallahan@example.org,NL,2023-05-08
3922,David,Wilson,youngadam@example.org,DE,2023-10-11
3923,Michael,Bean,bradleyedwards@example.net,NL,2025-12-28
3924,Alexandra,Lewis,stephensandrew@example.org,ES,2023-11-13
3925,Melissa,Boyd,amber40@example.net,FR,2024-05-15
3926,Kristen,King,flarson@example.org,ES,2023-08-10
3927,Terrance,Lawson,paul07@example.org,DE,2025-02-09
3928,Michael,Williams,briansmith@example.com,BE,2025-01-12
3929,Dana,Bennett,christina32@example.net,DE,2024-09-27
3930,Corey,Rice,megan44@example.net,FR,2024-11-24
3931,Amber,Watson,barnettthomas@example.net,DE,2025-03-31
3932,Travis,Owens,tperkins@example.net,FR,2025-03-02
3933,Matthew,Garcia,icolon@example.net,DE,2025-11-27
3934,Juan,Bailey,martin40@example.com,NL,2025-02-03
3935,Austin,Douglas,tbarker@example.com,DE,2023-06-05
3936,Kevin,Ruiz,melissa18@example.org,DE,2023-11-12
3937,Brian,Walker,kellymunoz@example.com,BE,2025-06-13
3938,Robert,Davis,jimenezjennifer@example.com,DE,2024-02-02
3939,Gabrielle,Jackson,joshualucas@example.net,DE,2025-08-04
3940,Dorothy,Guerra,richardhahn@example.com,BE,2023-08-20
3941,James,Flowers,wmartin@example.org,ES,2025-03-02
3942,Michelle,Adams,oliveramanda@example.org,NL,2024-05-10
3943,Ryan,Daniels,johnjones@example.net,FR,2023-07-19
3944,James,Acosta,codywells@example.org,BE,2024-03-09
3945,Deborah,Navarro,cindy39@example.com,FR,2025-01-26
3946,Amanda,Walker,quinnbrandon@example.com,ES,2025-07-23
3947,Joel,Bennett,rhansen@example.com,BE,2023-08-29
3948,Jeffrey,Garza,pmoore@example.net,ES,2024-04-01
3949,Heidi,Silva,lucerotommy@example.com,NL,2023-05-19
3950,Erika,Carrillo,kelliott@example.org,ES,2024-09-20
3951,Catherine,Salazar,nbrown@example.net,DE,2025-08-21
3952,Brittany,Crane,barrettbrandy@example.com,FR,2023-03-19
3953,Chris,Sanchez,thomasshort@example.net,NL,2025-04-14
3954,Rachel,Burgess,shannonrobinson@example.com,BE,2023-07-27
3955,Craig,Shaw,suttondonna@example.net,NL,2025-05-21
3956,Travis,Fernandez,cruzwilliam@example.org,FR,2025-11-26
3957,Shelby,Martin,kristinareynolds@example.com,BE,2025-01-12
3958,Kimberly,Cameron,thomasmoore@example.org,FR,2024-07-12
3959,Jenna,Colon,williamharmon@example.org,NL,2024-04-25
3960,Allison,Smith,mobrien@example.org,NL,2024-06-05
3961,Dawn,Crawford,saraatkinson@example.com,ES,2024-07-01
3962,Kristopher,Lucas,ewolf@example.com,FR,2023-07-24
3963,Tina,Hicks,brianbarrera@example.com,BE,2025-12-26
3964,Amber,Bates,aguirrestephanie@example.net,BE,2023-05-20
3965,Gregory,Palmer,xaviermills@example.net,DE,2023-11-11
3966,Amanda,Potter,kathryn76@example.com,DE,2024-04-29
3967,Juan,Jones,hescobar@example.org,BE,2025-09-13
3968,Stephen,Williamson,lori89@example.org,DE,2025-11-11
3969,Jesse,Blake,jennifer44@example.org,BE,2023-08-09
3970,Keith,Lopez,stonepatrick@example.com,FR,2024-06-27
3971,Tammy,Sellers,josephblackburn@example.com,DE,2024-09-09
3972,Samantha,Wall,bonnieperry@example.org,NL,2025-07-27
3973,Brooke,Velez,robertsonjason@example.net,NL,2025-11-02
3974,Thomas,Blevins,taylortyler@example.org,BE,2023-08-01
3975,Michael,Castillo,khenderson@example.com,ES,2025-02-18
3976,Richard,Dudley,hammondjason@example.com,NL,2023-05-31
3977,Michelle,Edwards,brandicrawford@example.org,ES,2023-12-23
3978,Melissa,Rivas,qfrazier@example.net,ES,2025-02-20
3979,Kenneth,Baker,john14@example.org,BE,2023-05-03
3980,Nancy,Case,zboyle@example.com,NL,2024-11-21
3981,Bryce,Ross,sotojason@example.net,BE,2025-05-25
3982,Rebecca,Carson,xadams@example.com,ES,2023-02-10
3983,Jeffrey,Thompson,igarcia@example.org,DE,2025-04-30
3984,Bryan,Mcclain,ericalewis@example.com,DE,2023-11-25
3985,Joseph,Brown,jessicalogan@example.org,FR,2024-04-28
3986,Alicia,Johnson,hayestanner@example.com,FR,2025-06-23
3987,Derek,Warren,calderonjackie@example.org,BE,2024-07-10
3988,Hannah,Jackson,eric20@example.net,ES,2024-12-22
3989,Johnathan,Curry,patricia83@example.org,BE,2023-06-08
3990,Daniel,Garcia,frankkim@example.com,ES,2025-06-27
3991,Eric,Cook,ldiaz@example.net,DE,2025-11-10
3992,Jillian,Petty,vmiles@example.com,DE,2023-06-25
3993,Linda,Bullock,tracystevens@example.com,DE,2024-02-23
3994,Cassandra,Curry,maryhiggins@example.com,BE,2025-07-11
3995,Ashley,Cox,johnny31@example.net,DE,2025-01-23
3996,Tanya,Beard,rodney58@example.com,NL,2024-04-27
3997,Brian,Rodriguez,xpowell@example.net,DE,2024-02-05
3998,Melinda,Blake,melissa30@example.org,FR,2023-07-11
3999,Anne,Howell,jeffrey93@example.com,FR,2024-12-02
4000,Christopher,Mccarty,matthew39@example.org,ES,2025-02-26
4001,Sharon,Lucas,wendy95@example.org,NL,2025-09-08
4002,Scott,Gomez,marcstein@example.org,BE,2026-01-19
4003,Jessica,Rivera,kyle04@example.com,DE,2023-03-10
4004,Kendra,Smith,amanda21@example.com,DE,2025-05-05
4005,James,Miller,kevinboyd@example.com,BE,2024-11-04
4006,Daniel,Scott,williamskristin@example.com,BE,2024-01-28
4007,Kaylee,Gross,monicastephenson@example.net,ES,2025-04-12
4008,Erin,Clayton,benjaminferrell@example.net,BE,2026-01-26
4009,Jeffrey,Bell,andersonteresa@example.com,ES,2023-08-16
4010,Emily,Sullivan,ryan91@example.org,BE,2024-04-17
4011,Wendy,Reyes,krandall@example.net,NL,2023-12-25
4012,Katherine,Joseph,zpatterson@example.com,BE,2023-11-14
4013,Beth,Santana,jhouston@example.net,FR,2023-05-21
4014,Jennifer,Wilson,kevin34@example.org,FR,2024-01-17
4015,Bryan,Lowe,edwardnash@example.net,ES,2024-09-17
4016,Kristen,Gardner,fharris@example.org,ES,2025-01-14
4017,Kimberly,Hill,monicaedwards@example.org,DE,2023-03-02
4018,Jennifer,Bonilla,thomaschen@example.org,FR,2025-02-28
4019,Christopher,Pennington,camposdennis@example.com,BE,2025-07-11
4020,Anthony,Rodriguez,susanschmitt@example.net,ES,2023-06-07
4021,Nathaniel,Parker,anthonypowell@example.com,ES,2025-08-23
4022,Patricia,Flores,ahubbard@example.com,DE,2026-01-01
4023,Brianna,Golden,waynebryan@example.org,ES,2025-04-21
4024,Richard,Rios,kellyaustin@example.net,FR,2023-05-12
4025,Jennifer,Bennett,robertwilson@example.org,ES,2023-10-08
4026,Sara,Davies,elizabeth93@example.net,NL,2024-03-06
4027,Sydney,Hopkins,donnalopez@example.org,BE,2023-11-04
4028,Derek,Martinez,adam56@example.net,BE,2025-04-14
4029,Nancy,Lawson,lhayes@example.net,NL,2024-12-28
4030,Amanda,Tran,rgibson@example.net,FR,2025-03-08
4031,Kelsey,Horton,mary43@example.org,FR,2025-07-25
4032,Dennis,Peterson,pattersonbenjamin@example.com,FR,2024-04-03
4033,Danielle,Hayes,austinwillis@example.com,DE,2024-01-19
4034,Kaitlyn,Trujillo,yolanda49@example.net,BE,2023-03-08
4035,Mandy,Vaughan,kelly70@example.com,FR,2024-04-01
4036,Jennifer,Davis,icollins@example.org,FR,2025-05-18
4037,William,Hess,cmorrison@example.org,NL,2024-12-20
4038,Ariel,Clark,dhenderson@example.org,ES,2023-07-26
4039,Lucas,Pierce,mendezlee@example.com,NL,2023-09-14
4040,Ashley,Navarro,dylanphillips@example.net,NL,2025-06-14
4041,Christopher,Williams,dmoran@example.com,ES,2024-05-27
4042,Mercedes,Carroll,travis85@example.com,NL,2023-11-29
4043,Claudia,Gillespie,sjones@example.com,ES,2023-06-01
4044,Kyle,Greene,jo82@example.com,FR,2026-02-01
4045,Kathleen,Martin,clogan@example.net,FR,2023-02-20
4046,Tina,Freeman,michelledickerson@example.org,BE,2023-04-07
4047,William,Johnson,laurenrodriguez@example.net,BE,2023-08-03
4048,Steve,Clark,smills@example.com,FR,2024-04-15
4049,Amanda,Burke,ctaylor@example.org,ES,2023-12-21
4050,Tonya,Lawson,salasmichele@example.com,ES,2023-06-09
4051,Henry,Johnson,xbarnes@example.net,NL,2023-10-27
4052,Kevin,Reed,kevinwilliams@example.com,NL,2025-01-11
4053,Michael,Lewis,amybell@example.com,FR,2025-10-19
4054,Brandy,Kim,erik47@example.net,ES,2025-08-10
4055,Karen,Ellison,agriffin@example.net,BE,2023-08-30
4056,Christina,Sellers,kimjoshua@example.org,ES,2024-01-12
4057,Deanna,Jackson,john71@example.net,FR,2024-02-27
4058,Stacy,Lewis,saraperkins@example.net,NL,2023-07-15
4059,Jennifer,Wood,mirandalaura@example.org,FR,2024-08-27
4060,Michael,Clark,richard83@example.net,NL,2024-02-16
4061,Allison,Welch,hannah97@example.com,FR,2024-02-14
4062,Matthew,Burton,alexamason@example.org,BE,2024-01-05
4063,Bethany,James,evasquez@example.net,NL,2025-09-18
4064,Michael,Strong,williamsgeorge@example.com,BE,2025-10-17
4065,Robert,Baker,brooke03@example.net,FR,2023-03-21
4066,Hailey,Foster,navarromelissa@example.org,BE,2025-01-13
4067,Gregory,Gutierrez,codyboyd@example.net,ES,2023-03-05
4068,Victoria,Harper,ramirezmicheal@example.org,DE,2024-07-20
4069,Marcus,Vargas,gonzalezkelly@example.com,ES,2025-12-02
4070,Joyce,Hale,spencer48@example.com,BE,2024-05-03
4071,Stephanie,Cherry,tmcintyre@example.org,BE,2025-05-04
4072,Deborah,Fowler,laurenpittman@example.net,FR,2026-01-26
4073,David,Zhang,kking@example.org,BE,2025-03-27
4074,Carl,Reese,shaynes@example.net,ES,2025-06-14
4075,Mark,Carr,jenniferwatts@example.net,ES,2025-12-22
4076,Derek,Craig,nathancampbell@example.com,ES,2025-02-20
4077,Joseph,Myers,uholder@example.com,DE,2024-02-15
4078,Tanya,Rose,danielsherman@example.org,NL,2023-03-07
4079,Jacqueline,Anderson,valentinekevin@example.net,ES,2024-02-16
4080,Lauren,Guzman,bescobar@example.com,BE,2024-12-22
4081,Tammy,Perry,nicolehansen@example.org,ES,2025-07-02
4082,Elizabeth,Johnson,jessicalong@example.net,FR,2025-09-07
4083,Kevin,Martinez,vbryan@example.com,NL,2024-05-23
4084,Daniel,Curry,nancywoods@example.net,DE,2026-01-03
4085,Brooke,Howard,orozcokatherine@example.com,DE,2025-07-10
4086,Steven,Reed,asanders@example.com,FR,2023-07-12
4087,Nicholas,Walker,edward82@example.org,ES,2024-06-21
4088,William,Garza,bpeters@example.org,ES,2024-09-06
4089,Kevin,Stout,kellywheeler@example.org,ES,2025-12-03
4090,Matthew,Holden,karenboyd@example.org,DE,2025-12-20
4091,Gabriel,Rangel,kristinfernandez@example.org,BE,2024-10-18
4092,Breanna,Turner,ryanhernandez@example.org,DE,2024-09-12
4093,Aaron,Gibson,solisjason@example.org,BE,2023-06-05
4094,Dylan,Robinson,ashley66@example.net,DE,2023-11-18
4095,Robert,Miller,doneill@example.org,NL,2024-03-15
4096,Steven,Miller,zimmermanchristine@example.org,ES,2024-08-14
4097,Samantha,Douglas,hrodriguez@example.org,FR,2025-01-26
4098,Diane,Davis,caldwellhector@example.org,BE,2025-04-10
4099,Lonnie,Duncan,tina18@example.org,NL,2023-03-13
4100,Jonathan,Thompson,pburch@example.com,BE,2025-11-23
4101,Susan,Crawford,chelseahill@example.net,BE,2023-10-05
4102,Justin,White,breese@example.org,FR,2023-10-21
4103,Elizabeth,Ross,frederick04@example.org,BE,2025-04-05
4104,Lauren,Booth,shicks@example.com,BE,2024-02-22
4105,Cindy,Golden,ywoods@example.net,ES,2024-09-27
4106,Kathryn,Braun,achapman@example.org,FR,2024-04-06
4107,Brett,Henry,john76@example.org,NL,2023-07-09
4108,Tammy,Moore,smithsarah@example.net,FR,2024-02-28
4109,Jeffery,Abbott,edwardsjared@example.org,DE,2025-01-07
4110,Richard,Miller,wgarza@example.com,BE,2023-05-17
4111,Lindsey,Davis,ross67@example.org,ES,2025-12-04
4112,Wesley,Gonzalez,sonyafields@example.net,NL,2024-06-11
4113,Heather,Vincent,zhampton@example.net,FR,2023-05-20
4114,Jamie,Wood,hphelps@example.com,ES,2025-09-02
4115,Brittany,Tran,gonzalezjuan@example.com,ES,2024-10-28
4116,Alex,Cox,tracybenitez@example.com,FR,2026-01-18
4117,Joseph,Manning,rebeccadougherty@example.org,FR,2024-12-14
4118,Michael,Guerrero,tyler96@example.net,ES,2024-03-03
4119,Phillip,Cowan,gregory62@example.org,ES,2023-11-12
4120,Michael,Adams,charlescook@example.net,FR,2023-07-03
4121,Bethany,Allen,xjones@example.org,NL,2025-07-02
4122,Lori,Williams,xmartinez@example.net,NL,2023-10-29
4123,Cassandra,Jordan,gregorysamantha@example.com,DE,2025-06-03
4124,Joshua,Richardson,johnshaw@example.org,ES,2024-05-27
4125,Ronald,Morales,joycerodriguez@example.org,FR,2025-05-29
4126,Clifford,Long,iwarner@example.com,DE,2024-08-15
4127,Seth,Frazier,framsey@example.com,NL,2024-07-11
4128,Robert,Long,whitekatherine@example.org,FR,2025-03-07
4129,Theresa,Haas,jacob43@example.org,DE,2024-11-25
4130,Perry,Moyer,katie53@example.org,ES,2025-11-23
4131,Diana,Harris,cathy94@example.com,FR,2024-12-22
4132,Daniel,Moss,daniel78@example.org,ES,2024-11-12
4133,Oscar,Brooks,davidgarcia@example.com,FR,2023-02-12
4134,Elizabeth,Wilcox,ldalton@example.org,ES,2025-05-12
4135,Barbara,Owens,olsonashley@example.net,DE,2023-08-27
4136,Jack,Rodriguez,jacksondaniel@example.com,FR,2025-01-16
4137,Terri,Knight,jaclynking@example.net,BE,2025-08-16
4138,Christian,Harris,jamespage@example.net,DE,2024-09-19
4139,Edward,Tucker,darindalton@example.org,ES,2024-02-16
4140,David,Fletcher,velezwilliam@example.com,BE,2025-12-03
4141,Erin,Rodriguez,melissatorres@example.net,ES,2025-10-28
4142,Michael,Smith,alicia02@example.org,FR,2023-04-09
4143,Erica,Hood,lucerogerald@example.net,ES,2024-08-28
4144,Sarah,Johnson,taylormills@example.net,NL,2025-06-21
4145,Tanya,Wallace,msmith@example.org,ES,2023-12-17
4146,Raymond,Kelly,paulamyers@example.com,ES,2023-11-21
4147,Mark,Adams,duanemorgan@example.com,ES,2024-06-18
4148,Tony,Callahan,youngjeffrey@example.com,NL,2023-10-24
4149,Hayden,Dyer,dennis45@example.net,NL,2023-08-07
4150,Richard,Bender,dmathis@example.org,NL,2026-01-24
4151,Whitney,Andrade,davisaustin@example.com,NL,2024-06-19
4152,Candice,Burch,williamscody@example.org,ES,2024-05-23
4153,Tammy,Strong,catherine82@example.com,BE,2023-10-29
4154,Brittany,Galloway,carolynrodriguez@example.com,DE,2025-04-13
4155,Frank,Holt,luis26@example.com,BE,2025-03-27
4156,Michael,Davis,mannwilliam@example.com,BE,2024-10-03
4157,Aaron,Jenkins,stevencolon@example.net,BE,2024-05-06
4158,Kevin,Richards,rodriguezgloria@example.org,BE,2023-08-12
4159,Danielle,Tran,leonardchelsea@example.net,ES,2024-12-25
4160,Kimberly,Gilbert,castillotodd@example.org,DE,2024-12-22
4161,Jocelyn,Harris,elizabeth38@example.net,NL,2025-04-24
4162,Megan,Graves,elizabeth51@example.org,ES,2023-05-12
4163,Laurie,Powell,tammysalazar@example.net,FR,2025-04-04
4164,Max,Mcgee,nancy38@example.com,FR,2024-10-25
4165,George,Terry,torresveronica@example.net,DE,2025-10-22
4166,Debra,Robinson,candicecruz@example.org,ES,2024-09-09
4167,Stephen,Coleman,angela49@example.net,NL,2024-08-11
4168,Michael,Hill,xdixon@example.org,ES,2026-01-11
4169,Mary,Sutton,patrickbrewer@example.net,DE,2025-04-04
4170,Robert,Andrews,nweber@example.org,ES,2024-06-15
4171,Kelly,Solomon,millertanya@example.com,FR,2024-10-06
4172,Vincent,Vega,coledana@example.org,NL,2025-03-25
4173,Linda,Jones,zferguson@example.com,FR,2023-07-14
4174,Jocelyn,Young,joseph06@example.net,BE,2023-05-08
4175,Kyle,Kerr,richmondjohn@example.com,ES,2023-10-17
4176,Rachel,Kelly,ibryant@example.net,BE,2025-07-20
4177,Terri,Ramirez,simsdavid@example.net,DE,2024-03-27
4178,Lance,Santiago,markjones@example.com,FR,2023-09-14
4179,Cynthia,Avila,cparker@example.org,ES,2023-10-14
4180,Mark,Campbell,rachaelphillips@example.com,FR,2023-04-11
4181,Brianna,Gomez,elizabethmartinez@example.org,FR,2023-09-25
4182,Jamie,Anderson,vincenttyler@example.net,DE,2025-02-11
4183,Belinda,Mccarty,lisa15@example.com,NL,2025-01-29
4184,Kelsey,Meyers,joelsimmons@example.net,FR,2025-03-18
4185,Kathleen,Jones,nancy83@example.net,ES,2025-10-11
4186,James,Ball,mark62@example.org,NL,2025-12-20
4187,Jonathan,Thompson,jasmineperkins@example.org,ES,2023-02-27
4188,Lisa,Davis,rharris@example.com,FR,2023-09-21
4189,Sara,Nixon,scabrera@example.com,BE,2024-06-04
4190,James,Moore,aboyd@example.com,NL,2024-06-08
4191,Scott,Edwards,lyonsjeffrey@example.com,FR,2023-12-01
4192,Edward,Herrera,pedwards@example.com,ES,2023-09-06
4193,Debra,Johnson,michelle29@example.net,BE,2025-10-20
4194,Diane,Johnson,april35@example.com,DE,2025-07-24
4195,Peter,Morris,josephmartin@example.org,FR,2023-10-08
4196,Matthew,Turner,barryanderson@example.com,BE,2025-07-22
4197,Keith,Norris,ecollins@example.com,DE,2024-03-02
4198,Matthew,Buchanan,waterstodd@example.net,ES,2024-07-23
4199,Taylor,Smith,phillipsjohn@example.org,ES,2023-08-26
4200,Christine,Graves,craiggloria@example.org,NL,2024-04-21
4201,Joann,Lindsey,gutierrezstacy@example.org,FR,2025-04-10
4202,Richard,Cameron,parrisheric@example.org,BE,2025-10-26
4203,Jennifer,Gonzalez,freemanheather@example.org,DE,2024-06-01
4204,Christian,Perez,jeanette54@example.com,DE,2025-07-18
4205,Jesse,Jackson,spencerbeth@example.org,BE,2025-06-28
4206,Paul,Davis,jared16@example.org,BE,2024-01-05
4207,Meghan,Moon,halltamara@example.net,NL,2025-02-12
4208,John,Wang,alexandraglass@example.net,NL,2025-03-07
4209,Michael,Mccann,ahurst@example.org,NL,2023-08-14
4210,Tiffany,Kennedy,greg60@example.com,BE,2024-08-27
4211,Rebecca,Melton,clarsen@example.net,NL,2025-04-25
4212,Danielle,Lee,robertsanthony@example.org,FR,2024-02-04
4213,Robert,Reyes,leahsalinas@example.net,DE,2023-09-11
4214,Jillian,Bowen,margaretbullock@example.org,FR,2026-01-16
4215,Michelle,Wood,xvaughan@example.com,NL,2025-10-20
4216,Jessica,Lee,phillipspamela@example.net,FR,2024-02-12
4217,Laura,Lynn,dyerdiane@example.com,NL,2024-01-04
4218,Zachary,Collier,halljason@example.net,FR,2024-12-04
4219,Scott,Jimenez,debrasampson@example.net,NL,2025-06-14
4220,Jason,Smith,gilbertmary@example.com,NL,2023-06-28
4221,Elizabeth,Burns,millercindy@example.org,NL,2025-02-01
4222,Maria,Newman,travisraymond@example.org,FR,2025-02-21
4223,Melissa,Wilson,allenwaller@example.org,DE,2024-02-06
4224,Heather,Vega,dhendrix@example.com,ES,2025-11-28
4225,Christopher,Murphy,audreyhooper@example.com,ES,2024-11-17
4226,Sierra,Spence,brendalee@example.org,ES,2024-02-02
4227,Michele,Torres,kimberlyharris@example.com,BE,2025-04-23
4228,Ashley,Myers,leegeorge@example.org,BE,2025-05-24
4229,Allison,Morales,susanrios@example.org,FR,2025-11-05
4230,Jason,Jordan,andrea65@example.com,DE,2023-09-13
4231,Jimmy,Crawford,malonemichele@example.com,BE,2023-09-16
4232,Michael,Wang,gillleslie@example.com,BE,2023-10-05
4233,William,Barber,dillongreen@example.org,FR,2023-12-19
4234,Lori,Smith,kevingray@example.net,DE,2026-01-30
4235,Angela,Schultz,jeremy37@example.net,DE,2024-03-21
4236,Brandon,Norris,gmendez@example.org,BE,2025-08-05
4237,Amanda,Ingram,alicia69@example.com,ES,2023-08-27
4238,James,Smith,taylor75@example.org,DE,2025-09-13
4239,Raymond,Acosta,joshua01@example.org,ES,2023-06-24
4240,Andrew,Howell,ucolon@example.net,NL,2025-11-09
4241,Steven,Fowler,murphymichael@example.net,ES,2024-07-03
4242,Carrie,Bailey,harperruth@example.net,DE,2025-05-16
4243,Leah,Andrews,campbellsharon@example.org,DE,2023-09-25
4244,John,Daugherty,brewerdawn@example.net,DE,2024-12-30
4245,Nicole,Baker,diazjonathan@example.net,BE,2024-08-25
4246,Christina,Fischer,claudiawalker@example.org,NL,2024-01-11
4247,Christopher,Crosby,jerryfields@example.net,DE,2023-07-01
4248,John,Martin,mjacobson@example.org,ES,2024-11-08
4249,Jeffrey,George,medwards@example.org,DE,2025-09-18
4250,Adam,Potter,xtaylor@example.org,DE,2025-12-07
4251,Robert,Washington,jeanneschmitt@example.org,DE,2024-06-03
4252,Robert,Harris,jacksondavid@example.com,NL,2024-05-13
4253,Gregory,Martinez,nstevenson@example.com,ES,2024-08-10
4254,Mathew,Frank,kevinholmes@example.com,BE,2024-04-03
4255,Sabrina,Paul,xlopez@example.org,FR,2025-04-12
4256,Dana,Morris,joshua54@example.org,ES,2024-05-27
4257,Robert,Tucker,lisa67@example.com,ES,2025-05-10
4258,Regina,Robles,ggomez@example.org,ES,2024-03-02
4259,Carolyn,Hill,lwebb@example.net,NL,2024-04-11
4260,Brandon,Johnson,craigmorris@example.com,ES,2025-03-12
4261,Sheila,Gordon,schneidersophia@example.com,FR,2023-02-20
4262,Carlos,Evans,johncrane@example.org,ES,2026-01-19
4263,Carolyn,Perez,ruizsteven@example.net,BE,2024-09-25
4264,Claire,Lewis,romeroyolanda@example.org,FR,2025-04-11
4265,Brittany,Green,mooneyrobert@example.org,DE,2025-03-21
4266,Ronald,Anderson,katherinerose@example.com,FR,2023-04-11
4267,Ronald,Morris,yjohnson@example.net,NL,2024-05-02
4268,Mark,Wallace,wwilson@example.com,NL,2023-09-27
4269,Philip,Hickman,hurleylaura@example.net,ES,2023-05-17
4270,Christine,Delgado,reedjohn@example.net,FR,2024-02-16
4271,Elizabeth,Bishop,williamsbenjamin@example.net,FR,2025-10-29
4272,Edward,Stewart,madisonchandler@example.net,BE,2023-12-05
4273,Erika,Sandoval,melissa40@example.org,NL,2023-06-21
4274,Brenda,Gonzales,bethanysmith@example.org,NL,2025-07-10
4275,Erin,Sanchez,johnpreston@example.org,ES,2025-11-02
4276,Andrew,Gonzalez,michael03@example.com,ES,2024-03-29
4277,Amy,Morris,shannonbraun@example.com,ES,2025-09-24
4278,Alex,Mason,patriciawiggins@example.net,NL,2025-07-24
4279,Douglas,Day,brian47@example.org,ES,2023-04-17
4280,Scott,Marshall,vnichols@example.com,DE,2024-12-05
4281,Wendy,Herman,geraldchoi@example.org,NL,2024-03-27
4282,Sherry,Bird,williamandrews@example.org,FR,2025-12-19
4283,Michael,Martinez,kimroy@example.net,NL,2023-06-07
4284,Emily,Brown,smithsheila@example.net,ES,2024-05-24
4285,Carmen,Jenkins,johnsonjeffrey@example.net,DE,2024-05-12
4286,Ruth,Morales,sjordan@example.com,FR,2024-07-30
4287,Eric,Harrington,angela21@example.org,FR,2025-06-13
4288,Stephanie,Brown,zjenkins@example.org,NL,2024-05-26
4289,William,Parker,danieljimenez@example.org,DE,2024-08-05
4290,Lisa,Brooks,wilkinsnatasha@example.net,FR,2024-11-30
4291,Brittany,Hansen,gloriawilliams@example.net,BE,2026-01-22
4292,Joshua,Martin,jordanmegan@example.com,DE,2024-04-29
4293,Patrick,Harvey,nicolewright@example.org,ES,2024-11-22
4294,Frank,Kelly,xcarr@example.net,FR,2023-05-09
4295,Jessica,Carter,michele75@example.org,BE,2023-07-31
4296,Donald,Chase,blairalfred@example.com,BE,2025-03-12
4297,Samuel,Clark,bailey88@example.net,DE,2025-01-18
4298,Kenneth,Foster,yalvarez@example.com,DE,2024-01-30
4299,Teresa,Stewart,jennanguyen@example.org,DE,2025-11-01
4300,Veronica,George,turnermatthew@example.net,NL,2024-03-17
4301,Amber,Boone,lconrad@example.org,NL,2025-06-19
4302,Nathaniel,Rhodes,holmesvictor@example.net,ES,2025-09-23
4303,Stephanie,Gonzalez,cstafford@example.net,BE,2023-05-11
4304,Amy,Terry,roberthernandez@example.com,NL,2025-09-30
4305,Matthew,Stevens,erica79@example.org,BE,2025-04-27
4306,Aaron,Flowers,thickman@example.org,ES,2023-03-10
4307,Richard,Avila,sandrafrederick@example.net,ES,2023-09-19
4308,Noah,Bates,dfarley@example.net,NL,2024-08-07
4309,Amy,Carter,bishoprobert@example.org,NL,2024-08-09
4310,Karen,Barrett,lewisstephen@example.org,NL,2024-10-21
4311,Matthew,Butler,johnstevens@example.net,BE,2025-12-15
4312,Arthur,Mathis,kelly26@example.com,BE,2025-01-29
4313,Christina,Logan,debraporter@example.org,BE,2024-10-02
4314,Kelli,Baker,pamelawilson@example.com,NL,2025-04-10
4315,Daniel,Peck,ojackson@example.org,ES,2025-02-19
4316,Michele,Wilson,vscott@example.com,ES,2024-10-29
4317,Jodi,Rios,jsantiago@example.net,DE,2023-12-04
4318,Pamela,Davis,kathleensmith@example.net,ES,2024-04-13
4319,Amy,Guzman,vlopez@example.org,BE,2024-01-20
4320,Aaron,Long,cameroncox@example.org,DE,2025-06-05
4321,Timothy,Dalton,jose82@example.com,NL,2025-02-10
4322,Michelle,Miller,jennifer23@example.net,FR,2023-08-31
4323,Joe,Ferguson,vanessa26@example.com,DE,2024-07-09
4324,Steve,Hill,courtneyjackson@example.org,FR,2024-09-09
4325,Amy,Curtis,annerickson@example.org,BE,2025-10-25
4326,Erin,Smith,kaitlyn38@example.net,DE,2025-05-01
4327,Linda,Carlson,donaldhughes@example.net,NL,2024-06-25
4328,Ashley,Burton,jenningsjulie@example.net,FR,2024-12-20
4329,Alexis,Holmes,qmurphy@example.com,ES,2023-04-04
4330,Jennifer,Beasley,lisapope@example.net,NL,2024-03-17
4331,April,Nicholson,rickyanderson@example.org,ES,2024-11-30
4332,Cynthia,Chen,fordtiffany@example.org,DE,2024-06-23
4333,Sydney,Martin,laurasalas@example.net,DE,2023-11-30
4334,Charles,Davis,santossarah@example.org,FR,2023-05-02
4335,Jamie,Webb,brianking@example.org,ES,2024-03-27
4336,Phillip,Rose,obrienshelby@example.net,DE,2024-10-07
4337,Laura,Martin,kristaphillips@example.net,NL,2025-02-11
4338,Adam,Butler,phillip48@example.org,NL,2023-04-22
4339,Jonathan,Ford,shelby81@example.com,ES,2023-03-01
4340,Cassandra,Jackson,adam14@example.com,BE,2025-11-02
4341,Jessica,Wilson,joeljoseph@example.com,ES,2024-12-06
4342,Kimberly,Hall,jose57@example.com,NL,2024-12-28
4343,Amanda,Cox,davidkelly@example.net,BE,2024-10-14
4344,Tiffany,Mcdaniel,atkinsandrew@example.net,ES,2024-01-02
4345,Daniel,Duke,kenneth07@example.com,NL,2025-05-27
4346,Anthony,Soto,fitzpatrickchristine@example.net,DE,2023-09-05
4347,Raymond,Buckley,xferrell@example.org,ES,2026-01-23
4348,Daniel,Turner,james39@example.org,NL,2023-11-05
4349,Dale,Lopez,rangelashley@example.com,DE,2025-06-13
4350,Susan,Manning,macdonaldscott@example.net,FR,2024-05-06
4351,Michelle,Williams,aaron50@example.org,FR,2025-11-08
4352,Ashlee,Cox,ibrown@example.net,FR,2025-01-04
4353,Kevin,Anderson,riley72@example.com,NL,2024-04-29
4354,Charles,Christian,lynnmelissa@example.net,FR,2025-08-07
4355,Todd,Wilson,bbell@example.org,DE,2023-03-31
4356,Joseph,Cohen,jamesmcknight@example.org,DE,2025-08-05
4357,Chloe,Austin,julia46@example.org,FR,2025-05-19
4358,Jason,Walker,clayton27@example.com,FR,2023-12-15
4359,Kerry,Taylor,sarahopkins@example.com,BE,2024-09-22
4360,Curtis,Patton,wheelercheryl@example.net,ES,2023-03-27
4361,Brian,Morris,bethany00@example.org,DE,2023-09-26
4362,Jared,Mendoza,cheryl16@example.org,BE,2023-07-31
4363,Alexis,Thomas,luke24@example.net,FR,2024-10-24
4364,Kevin,Long,aaronmacias@example.com,DE,2024-08-09
4365,Michael,Gonzales,kingram@example.net,FR,2024-10-31
4366,Christopher,Strong,chunganthony@example.com,ES,2025-02-05
4367,Michelle,Wilson,lopezjacob@example.org,DE,2023-05-14
4368,John,Russo,lisamiller@example.net,DE,2024-03-04
4369,Thomas,Morgan,morenoglen@example.org,BE,2025-11-24
4370,Juan,Anderson,lkelly@example.net,BE,2023-04-03
4371,Stephen,Anderson,santosricky@example.org,DE,2023-12-04
4372,Todd,Howell,lrobertson@example.net,DE,2025-02-10
4373,Doris,Harrell,joehanson@example.net,BE,2024-02-02
4374,Lisa,Gibson,leonkathleen@example.org,BE,2024-12-16
4375,David,Brown,moralesmichael@example.com,ES,2025-12-23
4376,Eugene,Reynolds,pblair@example.com,ES,2024-06-26
4377,Adam,Greene,kellycampbell@example.net,BE,2025-05-19
4378,Mary,Farrell,zacevedo@example.com,ES,2025-03-12
4379,Brittany,Sanders,hpatel@example.com,FR,2026-01-30
4380,Walter,Williams,jacquelinerichards@example.com,FR,2023-12-07
4381,Jamie,Gonzalez,grogers@example.com,DE,2024-10-20
4382,Carl,Martin,emily11@example.org,FR,2025-12-20
4383,Leslie,Forbes,eshepherd@example.org,DE,2025-08-28
4384,Scott,Martin,ruizkenneth@example.com,FR,2023-09-28
4385,James,Waters,brittany25@example.com,ES,2026-02-02
4386,Mark,Griffin,sarah79@example.org,BE,2023-12-05
4387,Sarah,Acevedo,yscott@example.org,FR,2025-05-01
4388,Thomas,Kelly,hesterwilliam@example.org,ES,2023-06-12
4389,Robert,Escobar,wmendez@example.net,BE,2024-03-26
4390,Jaime,Knight,leslie45@example.net,NL,2024-07-13
4391,James,Evans,alidaniel@example.net,BE,2024-04-10
4392,Norman,Thompson,edward43@example.com,NL,2025-04-21
4393,Matthew,Carlson,brownmichael@example.com,NL,2023-07-21
4394,Lisa,Clark,kristasutton@example.org,FR,2024-09-24
4395,Carl,Hardy,wmoore@example.com,BE,2023-10-20
4396,Derek,Hughes,kpeterson@example.net,ES,2025-08-28
4397,Karen,Diaz,robertlong@example.com,DE,2025-03-27
4398,Douglas,Stone,erica51@example.com,DE,2024-05-03
4399,Joseph,Harper,brett06@example.org,DE,2024-08-28
4400,Stephanie,Roberts,pfox@example.org,FR,2025-12-11
4401,Mark,Howard,dayjessica@example.com,ES,2025-06-06
4402,Alyssa,Cox,simpsonbrandi@example.net,ES,2025-01-17
4403,Kristy,Benitez,camachoadriana@example.net,NL,2025-09-04
4404,Tiffany,Adams,erika97@example.net,DE,2024-03-21
4405,Robin,Dawson,pestes@example.net,DE,2025-01-11
4406,Steven,Barnes,paulapeterson@example.com,FR,2024-04-17
4407,Dylan,Williams,dennispatel@example.com,ES,2025-10-03
4408,Geoffrey,Kim,ericcardenas@example.net,FR,2025-04-14
4409,Cheryl,Ewing,sarabowman@example.com,BE,2025-08-28
4410,Thomas,Avery,bjohnson@example.net,NL,2024-07-18
4411,Wendy,Thompson,hford@example.net,FR,2025-04-22
4412,Thomas,Diaz,scotteddie@example.net,ES,2023-07-05
4413,Richard,Evans,charles53@example.com,ES,2025-12-30
4414,Elizabeth,Elliott,lowederek@example.com,DE,2025-01-09
4415,Molly,Jones,cainjulie@example.net,FR,2023-08-30
4416,Donald,Fox,austinmatthew@example.net,BE,2025-08-31
4417,Nicole,Cortez,cwebb@example.org,ES,2023-02-17
4418,Theodore,Delgado,jordanrobert@example.net,BE,2023-04-23
4419,Samantha,Watkins,tammymurillo@example.net,FR,2023-12-08
4420,Michael,Cruz,monicaward@example.net,BE,2025-03-03
4421,Mia,Rivera,jennifer42@example.net,FR,2023-08-09
4422,Christina,Henderson,dianelambert@example.net,NL,2023-07-14
4423,Shannon,Allison,melissazuniga@example.com,BE,2025-02-11
4424,Mark,Campbell,colondaniel@example.com,NL,2024-09-18
4425,Tara,Gordon,jasonrose@example.org,ES,2024-12-20
4426,Joseph,Douglas,collinsalyssa@example.org,DE,2023-05-12
4427,Jamie,Knight,kayla90@example.org,ES,2025-01-22
4428,William,Smith,dennisanderson@example.net,ES,2025-10-27
4429,Edward,Bruce,pdavis@example.com,ES,2024-04-19
4430,Isaac,Jacobson,derek95@example.com,DE,2023-07-05
4431,Stephanie,Jacobs,kimberlylopez@example.org,BE,2025-04-23
4432,Anita,Hernandez,corytyler@example.com,FR,2025-06-01
4433,Stacey,Martinez,denisehayes@example.net,ES,2025-01-28
4434,Brenda,Williams,michael76@example.org,DE,2023-03-11
4435,Michelle,Bullock,ystewart@example.org,NL,2024-05-03
4436,Jesse,Peck,udecker@example.net,DE,2025-03-12
4437,Leah,Morgan,lucasamy@example.com,FR,2024-01-28
4438,Samantha,Rosales,ftanner@example.com,ES,2024-01-16
4439,Susan,Cordova,mendezvictoria@example.net,ES,2025-06-22
4440,Adrian,Perry,reeseamanda@example.net,FR,2025-08-05
4441,David,Long,elliottbridget@example.org,FR,2025-06-28
4442,Danny,Ramirez,halvarado@example.com,BE,2024-09-27
4443,Todd,Smith,wcaldwell@example.com,ES,2025-03-14
4444,Robert,Jackson,kaitlin93@example.net,NL,2026-01-06
4445,Edwin,Hall,ibutler@example.com,FR,2024-01-10
4446,Sarah,Parrish,jasonhunter@example.com,ES,2024-06-29
4447,Sean,Rogers,murphytyler@example.org,BE,2025-02-27
4448,Carlos,Meyer,tanderson@example.com,ES,2024-06-10
4449,David,White,thill@example.com,DE,2025-12-16
4450,Shaun,Price,rogersjulie@example.org,ES,2025-06-30
4451,James,Sharp,adam12@example.org,ES,2024-11-11
4452,Latoya,Evans,hector28@example.com,ES,2025-05-17
4453,Lee,Scott,kross@example.org,FR,2025-01-21
4454,Ronald,Foley,bushbryan@example.org,DE,2023-11-08
4455,Mitchell,Taylor,marshalljasmine@example.org,NL,2023-09-20
4456,Jamie,Swanson,vincent56@example.net,DE,2025-10-07
4457,William,Macdonald,mcclainmichelle@example.net,NL,2024-10-01
4458,Jonathan,Torres,qlopez@example.org,DE,2024-09-06
4459,Samantha,Jones,ashleywilson@example.net,BE,2025-09-30
4460,Alyssa,Hampton,jacksonjonathan@example.net,ES,2023-06-26
4461,Darius,Reid,lwilkinson@example.com,ES,2025-09-23
4462,Sara,Bishop,wallacefaith@example.net,ES,2025-09-10
4463,Sharon,Smith,briggstiffany@example.net,NL,2024-01-16
4464,Jennifer,Larson,mscott@example.org,NL,2023-05-07
4465,Timothy,Gomez,opope@example.org,DE,2023-10-19
4466,Pamela,Walsh,schultzsamantha@example.com,NL,2024-11-15
4467,Shannon,Hunter,oduncan@example.net,BE,2024-04-20
4468,Kimberly,Martinez,coxtina@example.org,FR,2025-03-12
4469,Michelle,Thompson,whitneysmith@example.net,DE,2024-09-29
4470,Patricia,Pierce,debbiegarcia@example.net,BE,2025-10-08
4471,Christopher,Graham,ktate@example.org,DE,2025-12-26
4472,Alan,Stanton,anna33@example.org,DE,2024-11-18
4473,Alyssa,Ferguson,marktaylor@example.net,NL,2024-07-03
4474,Holly,Callahan,morganparker@example.com,NL,2023-12-23
4475,Matthew,Berry,nicole29@example.net,NL,2025-12-22
4476,Courtney,Hoffman,hernandeznatalie@example.org,FR,2025-06-26
4477,Jessica,Evans,schmidtmichael@example.com,FR,2023-11-16
4478,Matthew,Fields,angelariggs@example.net,FR,2023-10-01
4479,Jill,Anderson,claykevin@example.org,FR,2024-04-16
4480,Peter,Jackson,daviscourtney@example.com,BE,2024-07-19
4481,Robert,Williams,kristabrown@example.net,FR,2025-08-26
4482,Jason,Benson,ptucker@example.org,BE,2025-11-17
4483,Ashley,Porter,dgilbert@example.com,BE,2023-07-17
4484,Tiffany,Baker,carolrobinson@example.com,DE,2023-05-22
4485,Catherine,Torres,williamsmith@example.net,FR,2023-10-08
4486,Marie,Joseph,erinwatts@example.com,BE,2023-12-11
4487,Martin,Bishop,jamesdavid@example.net,NL,2026-01-06
4488,Julie,Hernandez,harriscorey@example.net,BE,2025-01-29
4489,Joel,Savage,evansthomas@example.org,NL,2026-01-28
4490,Michelle,Martin,pedro70@example.net,ES,2026-01-03
4491,Joanna,Thompson,ylong@example.org,NL,2024-11-02
4492,Jennifer,Collins,carterderek@example.com,ES,2024-05-28
4493,Jessica,Gomez,ppruitt@example.net,NL,2024-02-21
4494,Walter,Norris,tyler73@example.org,ES,2023-10-13
4495,Raymond,Murphy,juliebrown@example.org,NL,2024-07-02
4496,Craig,Clark,marcusnguyen@example.net,FR,2025-04-06
4497,Judy,Fitzgerald,jesse02@example.com,FR,2023-10-10
4498,Brian,Pitts,lbrown@example.net,FR,2023-09-11
4499,Gregory,Lloyd,iburke@example.org,DE,2023-04-21
4500,Rita,Wolfe,sherryjohnson@example.org,DE,2025-11-15
4501,Krystal,Hill,vmckenzie@example.net,FR,2023-05-20
4502,Megan,Taylor,donald84@example.net,FR,2024-03-15
4503,Carla,Rogers,linda36@example.com,BE,2023-09-08
4504,Cynthia,Martin,diazchristine@example.com,FR,2023-04-11
4505,Jon,Barber,gina50@example.net,BE,2024-06-27
4506,Anthony,Rhodes,heatherglenn@example.org,NL,2024-09-21
4507,Aaron,Carroll,xwalsh@example.net,FR,2024-02-17
4508,Antonio,Hoffman,juarezelizabeth@example.net,DE,2024-08-07
4509,Joann,Schneider,xwatson@example.net,BE,2025-08-22
4510,Judy,Shaw,collinsstephen@example.com,DE,2023-12-20
4511,Mackenzie,Baker,matthewherrera@example.com,FR,2024-02-02
4512,Jared,Smith,james71@example.org,ES,2023-04-05
4513,Kenneth,Collins,meghanshields@example.net,ES,2023-11-09
4514,Jennifer,Barton,michelelopez@example.net,DE,2025-06-23
4515,Kevin,Melendez,david94@example.com,DE,2025-08-09
4516,Alex,King,wilsoncassandra@example.com,ES,2025-01-25
4517,Maria,Sanders,nstevens@example.com,ES,2025-05-15
4518,Dana,Diaz,kholt@example.net,DE,2023-03-15
4519,Robin,Jacobson,erik28@example.org,NL,2025-07-04
4520,Pamela,Jensen,ashleywelch@example.net,FR,2025-02-26
4521,Richard,Bowman,walterlewis@example.net,FR,2024-02-27
4522,Howard,Martinez,tracy01@example.org,NL,2023-09-09
4523,Shaun,Rosario,morrisjohn@example.org,BE,2023-06-28
4524,Nicolas,Turner,dedwards@example.org,ES,2023-12-14
4525,Sandra,Morales,aliciayork@example.net,FR,2025-11-18
4526,Nicole,Mckinney,lynn75@example.net,NL,2025-12-21
4527,Tony,Collins,wreynolds@example.com,BE,2025-09-14
4528,Jennifer,Johnson,timothydeleon@example.net,BE,2024-06-23
4529,Hannah,Newton,joshua92@example.net,DE,2026-01-04
4530,Jerry,Bowers,fcardenas@example.com,NL,2023-06-14
4531,Brenda,Mcgrath,calebcox@example.com,FR,2023-07-03
4532,Ryan,Ray,michael56@example.org,ES,2023-03-20
4533,Thomas,Baldwin,nguyensteven@example.net,ES,2023-06-25
4534,Christopher,Carpenter,rebecca32@example.org,FR,2025-07-19
4535,David,Clark,felicia12@example.org,NL,2025-10-11
4536,Jeffrey,Payne,laura22@example.org,NL,2025-09-30
4537,Kelly,Klein,matthewalvarez@example.net,BE,2023-07-29
4538,Whitney,Hutchinson,keith99@example.com,BE,2023-11-25
4539,Robert,Stone,odavidson@example.com,NL,2025-02-03
4540,Jennifer,Morton,paul56@example.net,ES,2025-04-25
4541,Anthony,Smith,hjones@example.com,FR,2025-11-05
4542,Angelica,James,lmorris@example.com,BE,2025-10-13
4543,Michael,Davis,matthew29@example.com,ES,2025-06-18
4544,Ricardo,West,bjacobs@example.com,ES,2024-07-16
4545,Steven,Chase,daniel27@example.com,BE,2024-01-21
4546,Brandon,Schneider,whitesamantha@example.com,BE,2023-03-06
4547,Tony,Moody,mcox@example.org,DE,2024-02-10
4548,Megan,Mueller,nicholasquinn@example.org,FR,2024-12-26
4549,Carrie,Buck,mlarson@example.com,ES,2024-03-16
4550,Sean,Vega,markrice@example.com,FR,2025-02-21
4551,Michael,Farmer,bwalton@example.com,DE,2025-02-27
4552,Richard,Robertson,obrienjessica@example.org,BE,2023-12-11
4553,Russell,Gibson,alexandria23@example.org,FR,2023-08-08
4554,Luis,Hammond,jparker@example.net,DE,2024-01-26
4555,Kristin,Mckinney,kevin43@example.org,NL,2023-09-01
4556,Wendy,Palmer,christian11@example.com,NL,2025-08-11
4557,Taylor,Schroeder,xrubio@example.org,BE,2023-08-13
4558,Tammy,Mcguire,thomasgriffin@example.com,ES,2025-02-07
4559,Andrew,Hughes,tperez@example.com,ES,2024-03-20
4560,Jeremy,Hopkins,natalietaylor@example.org,BE,2024-06-09
4561,Christina,Martin,oking@example.org,FR,2025-08-05
4562,Wesley,Clements,thomassarah@example.com,FR,2025-08-28
4563,Sharon,Phelps,pgraham@example.com,ES,2025-12-09
4564,Rachel,Cunningham,debraterrell@example.net,FR,2025-12-10
4565,Andrew,Santos,zcooke@example.org,FR,2025-06-08
4566,Kenneth,Rojas,msolomon@example.com,DE,2023-07-10
4567,Alexander,Dunn,michael87@example.net,BE,2023-06-06
4568,Holly,Barnes,bjohnston@example.org,NL,2024-08-27
4569,Nicole,English,valerielittle@example.com,FR,2025-06-06
4570,Chase,Shaw,ethomas@example.com,FR,2025-04-15
4571,Jacqueline,Baxter,jmedina@example.net,NL,2024-10-22
4572,Jennifer,Wilson,ismith@example.com,BE,2023-10-19
4573,Kyle,Miller,michael95@example.com,NL,2024-09-30
4574,Patrick,Powell,rbrown@example.net,NL,2024-12-21
4575,Megan,Davis,charlenehernandez@example.com,NL,2024-10-13
4576,Deborah,Reed,benjamintrevor@example.com,FR,2024-06-20
4577,Andrew,Martinez,andreataylor@example.net,DE,2025-07-06
4578,Alejandro,Rodriguez,helenjackson@example.org,NL,2024-11-23
4579,Yolanda,Ward,ebrown@example.net,FR,2024-08-18
4580,Allen,Chapman,elizabethgarcia@example.net,FR,2024-07-19
4581,Natalie,Meyer,shelbygardner@example.net,FR,2023-03-21
4582,Daniel,Wong,gquinn@example.net,BE,2023-06-27
4583,John,Boyd,petersedward@example.com,NL,2024-06-29
4584,Christopher,Young,juarezstacey@example.net,FR,2024-06-11
4585,Joann,Collins,vtucker@example.com,DE,2025-06-03
4586,Jennifer,Roberts,tarapratt@example.com,NL,2024-07-15
4587,Rachel,Johnson,elizabethcole@example.org,ES,2026-01-24
4588,Jonathan,Jones,dominguezkimberly@example.net,BE,2025-04-26
4589,Heather,Gonzalez,benjamin10@example.org,ES,2023-05-31
4590,Nathan,Morales,jessicamyers@example.net,DE,2024-05-14
4591,Crystal,Flores,carmenclarke@example.org,ES,2025-01-10
4592,Mathew,Hayden,alexruiz@example.org,BE,2023-02-04
4593,Mitchell,Mitchell,carolinepham@example.com,ES,2025-01-25
4594,Tara,Bailey,butleralexis@example.com,DE,2025-06-08
4595,Patrick,Mccoy,lopeznatalie@example.com,ES,2024-11-30
4596,Maurice,Montgomery,katrinaacosta@example.org,ES,2024-12-24
4597,Steven,Franklin,fmcclure@example.org,NL,2024-06-28
4598,Denise,Robertson,hughesmichelle@example.com,DE,2024-07-26
4599,Phillip,Ellis,howard44@example.net,DE,2024-06-17
4600,Katelyn,Salas,williamsbryan@example.net,FR,2025-11-10
4601,Mary,Williams,dpittman@example.org,NL,2023-06-24
4602,Troy,Welch,jmorrison@example.com,BE,2023-03-30
4603,Nicholas,Garcia,kelly72@example.net,ES,2023-08-24
4604,David,Duran,renee18@example.com,BE,2025-07-06
4605,Julia,Brown,cbrown@example.com,BE,2023-11-22
4606,Kristen,Lyons,eric97@example.org,ES,2025-06-22
4607,Ralph,Sullivan,emilybraun@example.com,ES,2023-04-29
4608,Samantha,Lewis,vsullivan@example.net,DE,2024-01-09
4609,Mark,Yang,pittstravis@example.com,BE,2025-05-07
4610,Maria,Salazar,karl47@example.net,ES,2023-04-28
4611,John,Adams,cshannon@example.net,NL,2023-05-10
4612,David,Diaz,smithstephen@example.org,BE,2024-10-13
4613,Donna,Murphy,bhuff@example.org,ES,2024-10-20
4614,Jacqueline,Patterson,elaine54@example.net,FR,2024-04-23
4615,Shannon,Bird,isabel72@example.org,BE,2024-04-03
4616,Richard,Anderson,mwilliams@example.org,BE,2024-11-18
4617,Jessica,Ramos,garrettbarbara@example.net,BE,2025-12-24
4618,Sara,Frank,anthonyhodges@example.net,FR,2023-06-23
4619,Christopher,Woodward,whitneyfuller@example.net,ES,2023-02-16
4620,Jeffrey,Pugh,smithgloria@example.net,DE,2023-03-08
4621,Sheena,Grant,whiteandrew@example.org,BE,2024-02-05
4622,Logan,Watson,jgreen@example.org,FR,2024-08-26
4623,John,Stone,fitzpatrickjerry@example.org,NL,2024-12-04
4624,Jeffrey,Moreno,glenndeborah@example.net,ES,2025-07-04
4625,Elizabeth,Keith,hullmike@example.org,ES,2025-04-13
4626,Amy,Wilson,sherryjohnson@example.net,FR,2023-10-12
4627,Sandra,Morales,jonesjodi@example.org,BE,2024-06-05
4628,Sheri,Smith,sharongregory@example.org,NL,2025-01-08
4629,Nicole,Morales,michelle49@example.org,ES,2025-10-26
4630,Erica,Williams,cindy83@example.org,DE,2024-03-25
4631,Taylor,Stevens,nielsenjose@example.com,DE,2025-01-20
4632,David,Turner,olsonrobert@example.org,NL,2024-10-22
4633,Courtney,Edwards,pvelasquez@example.org,BE,2023-08-20
4634,Pamela,Dillon,janice72@example.org,NL,2024-10-28
4635,Heather,Taylor,greenalicia@example.net,NL,2026-01-09
4636,Cory,Steele,oliviamayer@example.net,FR,2026-01-10
4637,Laurie,Torres,travisjohnson@example.net,ES,2023-08-05
4638,Kelly,Cohen,cartertammy@example.org,BE,2023-02-04
4639,Dawn,Hurley,christie97@example.com,BE,2025-09-09
4640,Yvette,Washington,lopezwayne@example.net,DE,2023-06-03
4641,Wendy,Chavez,adrian41@example.com,DE,2024-07-19
4642,Lori,Vance,palmeranthony@example.org,FR,2024-12-19
4643,Danielle,Diaz,pcarpenter@example.com,FR,2025-09-06
4644,Brian,Armstrong,neil84@example.net,NL,2024-04-11
4645,Nancy,Curtis,albertreeves@example.net,NL,2025-09-21
4646,Carla,Adams,robynhernandez@example.org,DE,2023-12-03
4647,Sean,Reynolds,thomasallen@example.com,BE,2026-01-20
4648,Lucas,Hogan,harristammy@example.net,DE,2025-07-07
4649,Brandi,Clements,jonesrobert@example.net,NL,2025-07-23
4650,Steven,Smith,kingthomas@example.net,ES,2023-12-06
4651,Sherry,Bradshaw,ibranch@example.net,DE,2025-11-23
4652,Monica,Fischer,nhenry@example.com,BE,2024-06-20
4653,Sophia,Moore,nmurphy@example.net,NL,2024-06-18
4654,Malik,Arias,mary32@example.org,NL,2023-11-12
4655,Paul,Mcgrath,tylerschmidt@example.org,DE,2025-09-09
4656,Rachel,Cantu,richardfisher@example.net,ES,2023-06-10
4657,Teresa,Chavez,brandonbush@example.com,ES,2024-03-25
4658,Amber,Nelson,sarah20@example.org,DE,2023-05-02
4659,Brittany,Butler,wolfanthony@example.net,ES,2023-08-01
4660,Deborah,Burch,kimberlygarrett@example.com,BE,2024-12-22
4661,Patricia,Hester,schneiderjoseph@example.org,ES,2025-05-02
4662,Christina,Hughes,lcarrillo@example.com,BE,2023-07-26
4663,Sara,Anthony,fraziertimothy@example.org,ES,2023-10-13
4664,Ruben,Carter,frandall@example.com,BE,2025-03-08
4665,Thomas,Hayes,jenniferchang@example.com,DE,2024-10-05
4666,Catherine,Beard,alyssacox@example.com,FR,2023-03-14
4667,Margaret,Taylor,yowens@example.com,BE,2024-04-14
4668,Carolyn,Jones,tiffanydaniels@example.net,BE,2024-11-26
4669,Thomas,Stewart,owensethan@example.net,BE,2023-10-04
4670,Dean,Erickson,fnash@example.net,NL,2024-08-18
4671,Cindy,Walker,garciamadison@example.com,ES,2023-05-28
4672,Patricia,Pearson,powelljoseph@example.com,DE,2023-11-18
4673,Steven,Garrett,tinafreeman@example.org,DE,2023-08-04
4674,Anthony,Melendez,comptonclaudia@example.org,DE,2023-12-14
4675,Joel,Long,philipsmith@example.net,ES,2025-01-04
4676,Paul,Lopez,parkeramber@example.org,ES,2025-04-27
4677,Adam,Weaver,michaelrogers@example.org,ES,2025-05-04
4678,Bradley,Lewis,npoole@example.net,FR,2024-02-03
4679,Kimberly,Huber,nduncan@example.org,FR,2025-07-23
4680,Stephanie,Green,davidsanders@example.org,DE,2023-06-27
4681,Lori,Davis,tanner04@example.com,ES,2023-02-03
4682,Eric,Mcdonald,stevenanderson@example.org,ES,2025-03-02
4683,Albert,Chandler,ngutierrez@example.com,BE,2024-08-05
4684,Joan,Taylor,wedwards@example.com,ES,2024-08-20
4685,Christopher,Stephens,harriscarmen@example.net,NL,2025-07-13
4686,Austin,Middleton,brandon77@example.org,FR,2025-12-15
4687,Laura,Wilcox,sbeck@example.net,ES,2025-02-22
4688,Lisa,Arias,cesar94@example.org,ES,2025-08-26
4689,Rachel,Miles,wbarron@example.com,DE,2023-06-30
4690,Tonya,Brown,christopher47@example.net,ES,2025-10-15
4691,Jamie,Martinez,shannonadams@example.org,ES,2023-06-01
4692,Christopher,Gay,vholland@example.org,DE,2025-10-21
4693,Steven,Hughes,karenmoyer@example.org,NL,2025-12-03
4694,Rachel,Green,yateseric@example.net,FR,2023-03-22
4695,Randall,Rios,irichardson@example.org,FR,2026-01-11
4696,James,White,gardnerlauren@example.net,ES,2025-05-12
4697,Mark,Lozano,langjeremy@example.com,DE,2024-08-24
4698,Anna,Contreras,rvega@example.net,FR,2024-08-20
4699,Robert,Singh,robinsontaylor@example.net,FR,2023-06-21
4700,Gabriel,Houston,ffranklin@example.net,ES,2024-11-21
4701,Candace,Dominguez,sjohnson@example.org,NL,2023-05-17
4702,Jody,Mcguire,samantha70@example.org,NL,2024-09-20
4703,Nancy,Brown,taylor42@example.net,DE,2025-07-28
4704,Valerie,Gross,lawrencetrevor@example.com,DE,2025-12-31
4705,Nicolas,Hall,andrew45@example.org,NL,2024-09-09
4706,Joshua,Bryant,bryan66@example.net,ES,2023-12-14
4707,Carla,Wright,zmunoz@example.com,ES,2024-05-29
4708,Joann,Sparks,gjohnson@example.com,ES,2023-06-21
4709,Melissa,Casey,smosley@example.net,BE,2025-06-28
4710,Natalie,Davis,gaysarah@example.org,ES,2023-10-11
4711,Michael,Harvey,ernest11@example.net,NL,2024-11-02
4712,James,Ramos,parkerdaryl@example.net,DE,2024-07-22
4713,Jeffrey,Cabrera,denisenelson@example.net,NL,2023-08-23
4714,Robert,Mays,ncrawford@example.org,BE,2025-07-13
4715,Daniel,Hayes,lauren38@example.org,BE,2026-01-27
4716,Lisa,Williams,zlynn@example.org,ES,2023-02-21
4717,Casey,Mann,davidcunningham@example.com,FR,2023-07-31
4718,Emily,Mccullough,popebrooke@example.com,FR,2024-05-20
4719,Christopher,Nolan,kingkimberly@example.org,FR,2023-04-14
4720,Adam,Collins,scottdonna@example.org,ES,2025-11-26
4721,Kimberly,Diaz,monica71@example.org,FR,2023-03-06
4722,Nicole,Green,susan98@example.org,ES,2023-09-22
4723,Kevin,Brown,hfarmer@example.com,BE,2023-04-10
4724,Clinton,Meyers,melissa21@example.net,NL,2024-02-16
4725,Eric,Frederick,samanthasmith@example.com,ES,2023-04-14
4726,Gina,Spencer,emily23@example.org,ES,2026-01-01
4727,James,Roberson,craig92@example.net,ES,2023-07-09
4728,Anthony,Lee,megan85@example.org,NL,2025-03-03
4729,Randall,Blackburn,barbara76@example.net,ES,2025-10-18
4730,Sergio,Keller,gonzalesdawn@example.net,ES,2024-02-22
4731,Eric,Holt,boydalexis@example.com,FR,2025-06-18
4732,Zachary,Johnson,paynebarbara@example.com,ES,2025-08-21
4733,Jenna,Reese,carolynhill@example.org,NL,2024-06-13
4734,Danielle,Abbott,charles13@example.com,DE,2025-01-31
4735,Julie,Chen,zrodriguez@example.net,ES,2023-02-15
4736,Bonnie,Rosario,robin25@example.com,BE,2025-10-26
4737,Tara,Francis,vmoore@example.com,NL,2023-07-22
4738,Michael,Gillespie,gravesantonio@example.org,ES,2024-12-09
4739,Joseph,Quinn,allen35@example.com,DE,2025-02-05
4740,Brandon,Cook,tgibbs@example.com,FR,2025-04-26
4741,Jodi,Mccann,carol21@example.net,ES,2024-10-14
4742,Sherry,Fields,vbrown@example.com,NL,2024-08-29
4743,Michael,Prince,william16@example.net,DE,2024-09-29
4744,Allison,Flores,twhite@example.com,DE,2023-11-23
4745,Randy,Brown,watsongregory@example.com,FR,2023-05-22
4746,Michael,Lynch,carolowens@example.com,FR,2024-10-28
4747,Brandy,Johnson,faustin@example.com,FR,2024-01-14
4748,Nicholas,Mack,pennychoi@example.com,ES,2024-08-18
4749,Stephen,Lloyd,ehopkins@example.org,ES,2025-07-24
4750,Riley,Herring,robertkelly@example.org,ES,2024-03-02
4751,Thomas,Phillips,ohart@example.net,NL,2024-05-02
4752,Luis,Delacruz,mbooth@example.com,DE,2024-07-10
4753,Dean,Myers,stevenosborne@example.net,FR,2024-12-15
4754,Alicia,Little,kwalker@example.org,NL,2023-12-25
4755,James,Henderson,dustin93@example.net,BE,2023-07-28
4756,Benjamin,Hicks,kylewalker@example.net,ES,2025-08-17
4757,Christopher,Phillips,dakota43@example.org,ES,2025-05-18
4758,Ashley,Fields,brandonchristensen@example.com,ES,2025-03-02
4759,Jennifer,Henderson,pgonzalez@example.org,BE,2023-11-24
4760,Terry,Hays,aaron02@example.org,DE,2024-07-30
4761,Matthew,Hebert,debramcmahon@example.com,NL,2025-07-28
4762,Robert,Roy,ugarza@example.com,ES,2023-02-06
4763,Jason,Goodman,robertsonjohnny@example.org,ES,2025-12-24
4764,Jessica,Franco,whiteeric@example.net,NL,2023-10-16
4765,Heather,Allen,nrodriguez@example.net,ES,2024-07-28
4766,Randy,Lopez,michaeldavis@example.org,BE,2024-05-22
4767,Anthony,Owens,sdougherty@example.net,ES,2025-05-15
4768,Frances,Medina,ginaharvey@example.org,FR,2024-05-14
4769,Kimberly,Allen,steven95@example.com,NL,2023-06-09
4770,Michael,Gonzalez,brooke16@example.org,NL,2023-12-23
4771,Philip,Freeman,nicole10@example.net,ES,2025-04-18
4772,Gerald,Norton,charles77@example.org,NL,2023-07-04
4773,Paul,Pierce,ybenson@example.com,DE,2023-11-04
4774,Keith,Clay,kayla07@example.net,NL,2023-11-10
4775,Elizabeth,Clay,gibarra@example.com,FR,2024-07-21
4776,Donald,Huerta,thomastiffany@example.net,BE,2024-08-04
4777,Kathy,Wright,veronicamorales@example.net,FR,2024-11-22
4778,Joseph,Mendoza,leahconley@example.net,FR,2023-10-28
4779,Christopher,Martinez,kellyjessica@example.net,FR,2023-02-10
4780,Carla,Martin,sean71@example.com,FR,2023-06-03
4781,Kimberly,Johnson,fcrawford@example.com,FR,2024-05-14
4782,Alexander,Brown,natalie02@example.com,NL,2025-09-25
4783,Cynthia,Garcia,hmays@example.org,NL,2023-04-17
4784,Jacob,Grant,imartinez@example.net,FR,2025-03-02
4785,Samantha,Ward,jennifer22@example.com,FR,2025-07-11
4786,Rodney,Howell,stephaniedavis@example.org,FR,2025-06-30
4787,Mario,Hull,mcdonaldpatricia@example.net,DE,2023-08-03
4788,Susan,Flores,spencermary@example.net,BE,2023-08-08
4789,Donald,Moody,edwardspatrick@example.com,DE,2023-10-21
4790,Alicia,Pena,tammy36@example.org,DE,2023-09-23
4791,Felicia,Weaver,cookelawrence@example.net,NL,2023-09-20
4792,April,Hansen,welchcharles@example.org,DE,2023-06-23
4793,Lauren,Figueroa,kimberly14@example.com,NL,2025-04-04
4794,Jason,Newman,ujohnston@example.net,DE,2025-08-19
4795,Victoria,Gomez,charles08@example.net,BE,2025-07-24
4796,Michelle,Perry,paul41@example.com,ES,2024-12-17
4797,Shari,Blanchard,hharmon@example.net,DE,2025-11-12
4798,Bradley,Tapia,wstephenson@example.org,NL,2025-11-09
4799,Brandy,Salazar,veronica78@example.org,FR,2025-05-11
4800,Dana,Crawford,malloryrichmond@example.com,FR,2023-03-09
4801,Rachel,Miller,jessica30@example.org,FR,2025-09-14
4802,Katherine,Gordon,yjones@example.com,NL,2024-11-05
4803,Lori,Castillo,simmonsbrandon@example.net,DE,2024-01-17
4804,Timothy,Powers,mooremelissa@example.net,NL,2024-04-02
4805,Jessica,Vaughn,hamiltonrebecca@example.com,NL,2024-12-19
4806,Joanna,Smith,david24@example.com,BE,2024-07-03
4807,Zachary,Mann,martinjuan@example.org,FR,2025-08-16
4808,Eric,Green,heathertaylor@example.com,ES,2025-05-10
4809,Patrick,Taylor,timothywhite@example.com,BE,2025-12-09
4810,Chloe,Costa,imacias@example.net,ES,2025-10-18
4811,Eric,Davis,dwalker@example.net,BE,2025-11-29
4812,Heather,Myers,gpacheco@example.net,BE,2023-09-30
4813,Steven,Hill,james29@example.net,DE,2024-01-06
4814,Tony,Ramirez,tylervilla@example.com,ES,2023-10-18
4815,Janice,Jacobson,kpittman@example.com,ES,2025-03-21
4816,Cassandra,Henderson,amanda22@example.org,DE,2024-02-06
4817,Lauren,Rivera,blakeamanda@example.net,NL,2023-12-12
4818,Steven,Curtis,chelseamason@example.com,DE,2023-10-13
4819,Jessica,Gomez,debranavarro@example.org,DE,2024-09-25
4820,Christopher,Garcia,vbennett@example.com,FR,2024-06-15
4821,James,Becker,thomas76@example.com,ES,2024-03-25
4822,Kylie,Swanson,eric17@example.net,NL,2025-10-18
4823,Brian,Humphrey,brittanyjohnson@example.org,NL,2025-01-13
4824,William,Thompson,christopher95@example.org,BE,2025-05-23
4825,Cory,Smith,kevin03@example.com,BE,2025-01-06
4826,Stephanie,Brown,ericharris@example.org,DE,2023-02-09
4827,Cameron,Cooper,thomasroberts@example.com,ES,2025-09-01
4828,Cathy,Johnson,meganmoore@example.org,FR,2023-05-29
4829,Danielle,Jones,heatherjones@example.net,BE,2023-11-10
4830,Ronald,Perez,rkemp@example.net,FR,2025-04-12
4831,Amanda,Cox,katherinegonzales@example.net,NL,2023-10-08
4832,Monica,Harvey,villarrealkristi@example.com,DE,2024-09-26
4833,Ryan,Hardy,christina02@example.net,ES,2025-07-09
4834,Joseph,Adams,maxmclean@example.com,ES,2025-12-06
4835,Carol,Kramer,aliciarodriguez@example.com,BE,2023-09-12
4836,Kimberly,Smith,hawkinspamela@example.com,FR,2025-10-28
4837,Daniel,Baker,darlenecontreras@example.com,BE,2024-09-10
4838,Patricia,Hernandez,sarahmiller@example.org,FR,2024-02-07
4839,Brenda,Martinez,burnettjennifer@example.com,BE,2023-08-11
4840,Sandra,Li,melissamccormick@example.com,DE,2024-08-14
4841,Elizabeth,Williams,zgillespie@example.net,FR,2025-02-16
4842,Tyler,Jones,sblanchard@example.com,ES,2023-11-11
4843,Monique,Young,robertsondavid@example.org,FR,2023-12-02
4844,Martin,Mitchell,arielbutler@example.com,FR,2024-02-25
4845,Willie,Young,melanie90@example.net,FR,2024-11-25
4846,Lisa,Clark,emartin@example.net,BE,2025-10-22
4847,Sandra,Clark,gbrooks@example.com,FR,2023-08-24
4848,Jonathan,Hunt,riveratim@example.com,DE,2023-07-29
4849,Brandy,Maxwell,cookjustin@example.net,DE,2025-12-28
4850,James,Doyle,ethansampson@example.com,ES,2023-05-08
4851,Bruce,Oneal,dustinshea@example.org,BE,2023-03-17
4852,Colleen,Powell,nancy03@example.org,BE,2023-06-25
4853,Daniel,Schaefer,wgross@example.net,ES,2025-07-31
4854,Andrea,Castillo,jonesdaryl@example.com,DE,2025-12-31
4855,Steven,Jones,obrienjames@example.net,DE,2023-02-18
4856,Daniel,Banks,alyssaweber@example.com,DE,2024-06-15
4857,Carl,Nolan,ronald04@example.net,DE,2024-12-15
4858,Mercedes,King,gregory91@example.org,BE,2023-08-17
4859,Heather,Barron,jeremy81@example.org,NL,2023-02-20
4860,Angela,Johnson,michelle60@example.org,FR,2024-02-19
4861,Dustin,Rodriguez,sean69@example.net,BE,2024-03-25
4862,Nina,Gray,rstevens@example.com,ES,2024-10-17
4863,Joy,Daniels,kyle48@example.net,FR,2024-06-24
4864,Levi,Young,ehickman@example.com,ES,2023-09-16
4865,Michael,Adams,maria45@example.net,NL,2023-04-05
4866,Heather,Stokes,martinezkelly@example.org,NL,2023-06-30
4867,Tyler,Cooley,davidgibson@example.org,NL,2023-06-09
4868,Ryan,Jones,jonessara@example.net,DE,2025-03-19
4869,Erin,Rose,brownlynn@example.net,NL,2023-12-06
4870,Russell,Hudson,pdickson@example.net,FR,2025-08-12
4871,William,Parker,wdillon@example.org,BE,2023-03-04
4872,Lisa,Francis,caitlinmartin@example.com,BE,2023-10-05
4873,Allison,Ramirez,taylor26@example.org,BE,2025-10-01
4874,Dakota,Cunningham,jameslynch@example.org,BE,2025-06-13
4875,Charlene,Mejia,justin92@example.org,BE,2025-11-17
4876,Joshua,Garcia,pateljason@example.com,NL,2025-08-01
4877,Devin,Price,mezaedwin@example.net,DE,2023-09-07
4878,Haley,Perry,olsenmartin@example.org,ES,2025-11-18
4879,Adrian,Johnson,rsweeney@example.net,ES,2025-08-11
4880,Tommy,Brock,anthony68@example.org,ES,2024-10-14
4881,Erica,Wagner,cartershane@example.com,DE,2023-08-28
4882,Sara,Stone,katherine52@example.com,FR,2023-05-12
4883,Jillian,Saunders,brendanharvey@example.org,FR,2025-01-28
4884,David,Gonzalez,elizabeth98@example.com,BE,2023-11-24
4885,William,Williams,christian58@example.com,ES,2023-10-02
4886,William,Morgan,kmullins@example.org,DE,2024-12-21
4887,Lisa,Johnson,jonathonhorn@example.org,BE,2025-09-15
4888,Dustin,Jones,smithcarolyn@example.org,DE,2025-09-22
4889,Adam,Olson,ekaiser@example.net,ES,2026-01-26
4890,Suzanne,Moody,michaelrodriguez@example.org,DE,2023-06-16
4891,Michelle,Rowe,johnny35@example.net,DE,2024-02-06
4892,Scott,Burke,wcontreras@example.org,NL,2023-02-20
4893,John,Burns,manderson@example.com,BE,2025-07-23
4894,Joseph,Johnson,oscarnorman@example.net,NL,2025-01-10
4895,Gary,Thompson,meganruiz@example.net,DE,2024-07-11
4896,Marissa,Hawkins,dixonanthony@example.com,ES,2024-04-01
4897,Jack,Booker,nlong@example.com,ES,2024-03-16
4898,Samuel,Curtis,burnsbarbara@example.com,FR,2026-01-12
4899,Stephen,Sanchez,amandadonovan@example.org,DE,2024-01-18
4900,Jerome,Hardy,amandahenry@example.com,FR,2023-09-17
4901,Jeffrey,Stanley,ronnie22@example.com,FR,2024-12-22
4902,Ellen,Watson,sfoster@example.com,BE,2024-11-22
4903,Brandon,Robertson,zbrown@example.org,NL,2025-01-12
4904,Ryan,Lowe,john87@example.org,BE,2024-07-25
4905,Paul,Kennedy,andrew48@example.com,NL,2025-06-15
4906,Jason,Clarke,xrodriguez@example.org,BE,2024-06-07
4907,Patricia,Goodwin,thompsonronald@example.com,NL,2024-05-22
4908,Aaron,Harris,george64@example.com,DE,2024-07-27
4909,Charles,Parker,usanchez@example.net,ES,2023-12-24
4910,Elizabeth,Perez,andersonkendra@example.net,DE,2025-05-15
4911,Ashley,Green,ywilson@example.org,DE,2024-04-13
4912,Elizabeth,Miller,coltonanderson@example.org,NL,2025-03-01
4913,Raymond,Bennett,jasonwhitaker@example.org,NL,2023-05-09
4914,Brenda,Pennington,mnelson@example.org,NL,2024-11-16
4915,Zachary,Johnson,austin81@example.com,DE,2024-07-26
4916,Krystal,White,amy93@example.net,NL,2025-05-08
4917,Jeremy,Rodriguez,owenssteven@example.org,ES,2024-03-31
4918,Michael,Booth,gbrown@example.org,BE,2024-04-06
4919,Roger,Moore,thomasrichard@example.com,FR,2025-07-21
4920,Briana,May,snguyen@example.net,BE,2023-04-05
4921,Kristy,Erickson,hullnathaniel@example.net,ES,2025-01-06
4922,Deborah,Reyes,nguyendavid@example.org,DE,2025-10-09
4923,Billy,George,josephbrown@example.com,NL,2023-05-28
4924,Helen,Burns,kellyhowell@example.net,DE,2023-10-05
4925,Dennis,Wheeler,combsjason@example.net,DE,2023-10-04
4926,Paul,Anderson,duanehensley@example.com,ES,2023-11-14
4927,Bryan,Mills,edecker@example.com,BE,2026-02-01
4928,Wendy,Mccann,mike62@example.net,NL,2024-08-25
4929,Brandon,Taylor,barbergabrielle@example.net,FR,2025-12-03
4930,Nicholas,Carter,ysuarez@example.net,BE,2024-08-16
4931,Brandon,Thomas,caseyallison@example.net,DE,2024-01-12
4932,Corey,Jackson,vbailey@example.org,DE,2025-05-06
4933,Lynn,Sutton,lewisbenjamin@example.com,BE,2024-10-23
4934,Daniel,Murray,herringrachel@example.org,BE,2025-05-23
4935,Jesus,Randolph,markclark@example.com,BE,2023-03-05
4936,Breanna,Jackson,blackwellrodney@example.net,NL,2024-11-23
4937,Jennifer,Powell,jwalker@example.com,ES,2024-10-12
4938,Valerie,Holmes,virginiawright@example.com,BE,2025-07-26
4939,Brittany,Jennings,ecarson@example.net,NL,2024-09-08
4940,Melinda,Jefferson,michael94@example.com,ES,2024-10-30
4941,Jamie,Payne,sarah46@example.org,DE,2025-04-12
4942,Dustin,Mullins,pratterika@example.com,NL,2025-01-13
4943,Eddie,Jackson,peggymoon@example.net,NL,2025-04-18
4944,Corey,Blevins,martinezanthony@example.com,FR,2025-12-23
4945,Karen,Robinson,phillipsjill@example.org,BE,2025-09-09
4946,Jonathan,Ford,rodneybrown@example.org,FR,2025-06-02
4947,Kirk,Mejia,lorilynn@example.net,DE,2025-08-10
4948,Rachel,Herrera,katiehuff@example.net,NL,2023-02-18
4949,Lindsay,Brock,dholmes@example.org,BE,2025-10-28
4950,Sharon,Garcia,richardbarr@example.net,NL,2023-12-31
4951,Kathy,Simmons,uwoods@example.org,BE,2025-05-27
4952,Donald,Rhodes,monicajackson@example.net,ES,2025-07-26
4953,Andrew,Blackwell,carlos63@example.net,FR,2024-10-27
4954,Ryan,Vance,sarah58@example.com,DE,2025-04-10
4955,Patricia,Brandt,mwest@example.net,ES,2025-10-14
4956,Judy,Miller,jeremy29@example.org,ES,2023-05-24
4957,Christopher,Huff,leewade@example.net,FR,2023-04-29
4958,Jorge,Woodward,mary03@example.net,DE,2025-10-12
4959,Lauren,Bell,taramills@example.com,ES,2024-10-26
4960,Samantha,Davis,joshuajacobs@example.org,ES,2024-07-10
4961,Taylor,Simmons,dburns@example.net,NL,2025-03-12
4962,Jane,Robles,morriskaitlin@example.com,ES,2024-04-06
4963,Joseph,Clark,christian78@example.net,BE,2023-12-24
4964,Sara,Lopez,marywalter@example.com,BE,2025-12-20
4965,Joshua,Williams,kimberlywebb@example.net,DE,2023-08-07
4966,Rebecca,Smith,sheri10@example.net,NL,2024-03-28
4967,Bryan,Davis,calderonmary@example.org,FR,2024-01-12
4968,William,Chapman,floresjerome@example.net,BE,2025-06-06
4969,Diana,Jennings,johnsonreginald@example.net,DE,2023-09-16
4970,David,Mcdonald,allen03@example.net,NL,2023-04-03
4971,Daniel,Hendricks,robert74@example.org,NL,2025-11-06
4972,David,Perez,josephhoffman@example.com,BE,2024-12-21
4973,Gregory,Gilbert,whill@example.net,NL,2024-02-19
4974,Troy,Henry,parrishchristopher@example.net,DE,2025-10-26
4975,Melanie,Beasley,ethan93@example.net,NL,2025-10-19
4976,Scott,Griffin,jacksonregina@example.net,FR,2025-12-28
4977,Steven,Cantu,rreyes@example.com,NL,2025-08-02
4978,Tiffany,Davidson,stevenscassandra@example.org,BE,2023-02-27
4979,John,Brooks,kingmichael@example.org,BE,2025-10-23
4980,Angel,Reese,wpotter@example.com,DE,2023-12-14
4981,Charles,Tran,vyoung@example.org,BE,2026-01-12
4982,Andrew,Melendez,qgrimes@example.org,FR,2024-03-28
4983,Sarah,Delacruz,danahall@example.net,NL,2023-08-08
4984,George,Garcia,emily90@example.net,ES,2023-08-22
4985,Emily,Gillespie,bookermatthew@example.net,ES,2024-09-01
4986,Sandra,Jordan,maria10@example.net,BE,2026-01-09
4987,Debra,Fuentes,reillyelizabeth@example.org,BE,2024-04-30
4988,Travis,Weber,brittany41@example.org,FR,2025-01-14
4989,Juan,Johnson,jerry33@example.org,DE,2023-12-02
4990,Jessica,Miles,mark35@example.net,FR,2025-07-31
4991,Wendy,Johnson,iclark@example.org,ES,2025-04-15
4992,Amber,Gonzalez,jamie37@example.com,BE,2025-06-01
4993,Katherine,Holloway,aliciathompson@example.net,BE,2023-08-14
4994,Julia,Torres,johnsonstacey@example.org,NL,2023-10-06
4995,Karen,Parker,betty82@example.net,FR,2023-02-08
4996,Laurie,Mcclure,pstevenson@example.org,BE,2024-01-21
4997,Angela,Nguyen,irussell@example.org,BE,2023-06-22
4998,Reginald,Henry,johnsonedward@example.com,NL,2024-04-26
4999,Tina,Kim,nichole88@example.com,FR,2023-09-04
5000,Jamie,Smith,jcooper@example.org,NL,2025-01-13
5001,Julia,Schroeder,daycarly@example.org,BE,2024-02-29
5002,Nancy,Bernard,robinrobinson@example.org,NL,2025-12-23
5003,Ricky,Henry,tami97@example.com,BE,2024-08-07
5004,Ashley,Trujillo,scott95@example.com,NL,2025-03-24
5005,Rebecca,Moody,jack56@example.com,FR,2024-12-28
5006,Tara,Wright,rebeccadavis@example.com,DE,2023-06-30
5007,Michael,Yoder,briannashepard@example.org,BE,2023-07-10
5008,William,Rice,bclark@example.com,ES,2024-11-30
5009,David,Jordan,christineroman@example.com,BE,2025-10-14
5010,George,Matthews,amber43@example.net,NL,2023-05-24
5011,Kevin,Price,ngarcia@example.org,BE,2024-11-26
5012,Richard,Pena,nfernandez@example.org,BE,2023-02-06
5013,Francisco,Larsen,martindiane@example.org,DE,2023-05-01
5014,Shawn,Davis,dylan73@example.net,NL,2024-08-01
5015,April,Booth,angelicacombs@example.org,FR,2023-12-01
5016,Ashley,Cortez,ericgiles@example.com,ES,2024-10-02
5017,Sara,Bradley,hallbenjamin@example.org,NL,2025-07-22
5018,Matthew,Phillips,hicksdavid@example.net,BE,2024-11-16
5019,Katherine,Barton,miguelgraham@example.com,DE,2025-01-12
5020,Alyssa,Mcgrath,quinnkim@example.net,FR,2024-05-12
5021,Ashley,York,kathryn90@example.com,FR,2025-10-06
5022,Joseph,Mahoney,sandrasmith@example.org,BE,2024-04-29
5023,Kayla,Shaw,annawood@example.org,NL,2025-12-11
5024,Michael,Morris,wilcoxkevin@example.org,DE,2025-07-25
5025,Dawn,Dodson,cookejack@example.com,ES,2025-02-01
5026,Linda,Williamson,gilbertkimberly@example.net,NL,2025-03-13
5027,Dominique,Bailey,michael70@example.com,ES,2025-02-11
5028,Virginia,Gutierrez,brianna98@example.com,BE,2025-08-02
5029,Christine,Nguyen,christinayoung@example.org,DE,2023-09-06
5030,Cathy,Sandoval,ruiztara@example.net,ES,2023-12-10
5031,Michael,Lamb,hermantom@example.com,NL,2025-11-03
5032,Stephanie,Johnson,michaeljordan@example.org,NL,2023-10-09
5033,Patricia,Smith,allenmaria@example.com,NL,2024-05-05
5034,Patricia,Schultz,tamaracoleman@example.com,DE,2025-09-23
5035,Debbie,Jones,christophermason@example.org,DE,2024-08-05
5036,Patricia,Martinez,pattersonlisa@example.net,NL,2025-10-28
5037,Kimberly,Thompson,ngutierrez@example.org,BE,2024-02-27
5038,Gabriel,Summers,jodylong@example.com,ES,2025-08-12
5039,Matthew,Duncan,qking@example.org,BE,2024-03-10
5040,James,Esparza,kevinsnow@example.net,BE,2024-06-03
5041,Marcia,Gregory,markjohnson@example.net,ES,2025-11-18
5042,Rhonda,Cherry,scottjames@example.org,FR,2026-01-26
5043,Jason,Jones,akaufman@example.org,DE,2025-03-25
5044,Thomas,Hall,christopher42@example.com,BE,2025-08-20
5045,Daniel,Swanson,buckrobyn@example.com,BE,2024-07-17
5046,Joshua,Miranda,valerie46@example.com,NL,2023-02-17
5047,Paul,Griffin,robin71@example.com,NL,2026-01-17
5048,Kelly,Patterson,thomasfreeman@example.org,BE,2023-06-07
5049,Frank,Hill,caseallison@example.net,NL,2025-08-14
5050,Teresa,Serrano,seaneaton@example.net,ES,2025-05-29
5051,Julie,Anderson,jenkinsjennifer@example.com,DE,2024-02-04
5052,Pam,Barrera,julie41@example.com,BE,2024-06-10
5053,Christopher,Rodriguez,hughesbryan@example.org,BE,2023-04-19
5054,Dustin,Smith,kiara67@example.net,DE,2025-11-25
5055,Richard,Pierce,robin11@example.com,NL,2025-02-11
5056,Victoria,Hall,kathrynsparks@example.net,FR,2023-03-05
5057,Patrick,Butler,campbellanthony@example.net,FR,2024-05-21
5058,Debra,Hammond,longmelody@example.net,NL,2024-02-23
5059,Anthony,Zimmerman,bryantcynthia@example.net,BE,2025-12-29
5060,Jasmine,Willis,freemanglenda@example.com,NL,2026-02-02
5061,Amy,Dixon,yellis@example.com,ES,2024-10-14
5062,Jessica,Moreno,kyle82@example.org,FR,2025-08-11
5063,Juan,Martin,yharris@example.org,ES,2024-02-16
5064,Gary,Bartlett,stevenflores@example.com,BE,2024-03-06
5065,Diana,Schneider,paulsanchez@example.com,FR,2023-03-20
5066,John,Mitchell,martinblake@example.com,NL,2026-01-28
5067,Hannah,Moore,nbriggs@example.org,ES,2025-12-02
5068,Victoria,Ray,jmorse@example.com,NL,2024-01-20
5069,Grant,Robinson,larsonjeffrey@example.org,FR,2023-10-12
5070,Tonya,Munoz,jasoncampbell@example.net,DE,2023-02-17
5071,Lindsey,Flores,martinlinda@example.org,NL,2023-05-01
5072,Bradley,Oliver,karen07@example.org,BE,2026-01-10
5073,Kelly,Ochoa,jodynelson@example.net,DE,2025-05-25
5074,Eric,Kane,stevenmartin@example.net,FR,2024-03-22
5075,Michele,Hall,barreramelanie@example.org,NL,2023-12-27
5076,Michelle,Chapman,nblack@example.net,ES,2024-03-21
5077,Rodney,Merritt,cruzmichael@example.org,NL,2025-06-03
5078,Gary,Harmon,foxandrew@example.com,FR,2024-04-09
5079,Jon,Mercado,william28@example.net,BE,2024-05-20
5080,Jose,George,hrichards@example.com,ES,2025-12-19
5081,Ashley,Miller,martinsarah@example.net,ES,2025-12-30
5082,Kelly,Gutierrez,karla19@example.org,DE,2024-12-15
5083,Carla,Smith,whitelaura@example.org,ES,2024-10-17
5084,Kenneth,Arroyo,copelandnancy@example.net,BE,2025-09-30
5085,James,Miller,emilyhunt@example.com,BE,2025-11-17
5086,David,Cooper,christineduke@example.org,NL,2025-12-03
5087,Travis,Simpson,nconley@example.org,ES,2025-12-12
5088,Samuel,Reynolds,brandonaustin@example.net,BE,2024-12-27
5089,Andrew,Carlson,sstone@example.org,DE,2024-08-24
5090,David,Dixon,xsantos@example.net,DE,2023-05-18
5091,Eric,Hanson,justin62@example.com,FR,2024-08-22
5092,Tonya,Moreno,allen59@example.net,NL,2024-07-23
5093,Vickie,Mathews,oross@example.org,BE,2024-11-07
5094,Eric,Murphy,gavinjackson@example.net,FR,2025-12-03
5095,Maria,Campbell,michelerodriguez@example.org,ES,2023-09-26
5096,Jennifer,Adams,nbarker@example.net,ES,2023-08-13
5097,Stacy,Wilson,umurphy@example.org,DE,2024-10-05
5098,Laurie,Ruiz,conwaysarah@example.net,ES,2023-02-11
5099,Richard,Young,marcusatkins@example.com,DE,2024-12-26
5100,Jeffrey,Stephens,kristennguyen@example.org,FR,2025-01-13
5101,Lisa,Johnson,lindseybrenda@example.org,FR,2023-09-29
5102,Robert,Miller,mcclainjustin@example.net,ES,2023-09-14
5103,Sandra,Richardson,harrisonjessica@example.org,FR,2024-01-16
5104,William,Higgins,gomezclifford@example.net,DE,2024-09-22
5105,Michael,Duke,hmcgrath@example.net,BE,2023-05-19
5106,Adam,Johnson,iscott@example.org,FR,2024-01-17
5107,Jenna,Coleman,ctaylor@example.com,ES,2025-03-25
5108,Jack,Hernandez,daniellelyons@example.net,FR,2023-09-12
5109,David,Forbes,sharonlopez@example.org,BE,2023-10-26
5110,Brittney,Roach,michellecalhoun@example.com,DE,2024-07-05
5111,Tamara,Norris,courtneyarmstrong@example.com,BE,2024-01-06
5112,John,Huff,bcunningham@example.org,BE,2023-09-29
5113,Tina,Richard,andrewparsons@example.org,BE,2023-02-27
5114,Stacy,Palmer,pamela64@example.org,NL,2024-02-25
5115,Kevin,Kirk,carolyn72@example.com,FR,2023-12-06
5116,Jesse,Wright,johnsonpaula@example.org,FR,2024-10-20
5117,Matthew,Hammond,janderson@example.com,DE,2023-06-21
5118,Shawna,Murphy,kathleen51@example.com,BE,2025-08-25
5119,Miranda,Johnson,bakerjoshua@example.com,ES,2023-02-10
5120,Patricia,Burns,williamscatherine@example.com,NL,2025-02-14
5121,Monica,Aguirre,bennettbrian@example.org,ES,2023-12-17
5122,Donna,Bridges,travis81@example.com,BE,2025-07-23
5123,Tracy,Lewis,carolynmcgrath@example.com,NL,2025-01-16
5124,Nicholas,Robertson,maria10@example.com,ES,2023-05-09
5125,Elizabeth,Shelton,adamsmakayla@example.org,DE,2023-06-09
5126,Jeffrey,Williams,whitetimothy@example.org,FR,2025-10-19
5127,Patricia,Thomas,grossbruce@example.org,FR,2024-08-29
5128,Michelle,Chavez,henry62@example.org,DE,2024-10-06
5129,Angela,Nelson,mallorypowell@example.com,DE,2025-04-21
5130,Thomas,Cooper,denisegutierrez@example.net,FR,2024-04-16
5131,Juan,Simon,kaitlin83@example.org,NL,2024-07-27
5132,David,Newman,sabrinahammond@example.com,NL,2024-08-08
5133,Richard,Davis,weaverdeborah@example.com,BE,2023-10-26
5134,Michelle,Nelson,dianaryan@example.com,BE,2023-07-30
5135,Monica,Walker,alan50@example.org,ES,2024-05-01
5136,Pamela,Jones,gharris@example.org,NL,2024-05-20
5137,Andrea,Reed,victoria08@example.com,NL,2024-06-11
5138,Scott,Garza,erica24@example.net,FR,2024-11-19
5139,Jamie,Cannon,qfarley@example.com,ES,2025-01-15
5140,Kevin,Douglas,ronald30@example.org,BE,2025-11-19
5141,Kristi,Johnson,yfuentes@example.com,ES,2025-07-16
5142,Leah,Curry,mgraves@example.com,NL,2025-08-17
5143,Bradley,Fitzgerald,johnrobertson@example.com,BE,2025-01-23
5144,Theresa,Anderson,carrolllarry@example.net,DE,2026-01-08
5145,Michelle,Johnson,danielalvarez@example.net,ES,2024-04-08
5146,Carmen,Howard,heatherknight@example.com,FR,2024-09-06
5147,Kimberly,Gonzales,evansrenee@example.net,FR,2024-06-11
5148,Wesley,Hickman,michellejones@example.org,DE,2023-04-08
5149,Samantha,Carpenter,harmondebbie@example.org,ES,2024-08-24
5150,Harold,Buckley,jenniferbaxter@example.org,DE,2023-08-13
5151,Erica,Hurley,tammysexton@example.org,FR,2024-07-01
5152,Sherri,Daniels,ricardo95@example.org,FR,2023-07-09
5153,Jennifer,White,douglas51@example.org,NL,2023-10-01
5154,Justin,Johnson,davidnunez@example.net,ES,2025-09-25
5155,Marc,Morales,equinn@example.com,DE,2023-12-14
5156,Ashley,Robinson,marissa49@example.com,NL,2025-04-01
5157,Maria,Owens,powersbrenda@example.com,NL,2024-05-08
5158,John,Michael,devindonovan@example.com,DE,2024-03-06
5159,Erica,Lewis,dmosley@example.com,FR,2025-08-29
5160,Larry,Miller,goldenkeith@example.net,DE,2024-10-01
5161,Janet,Johnson,dorseyveronica@example.com,BE,2025-09-19
5162,Connor,Payne,stephanie37@example.net,BE,2025-09-29
5163,Joseph,Kline,millerrobert@example.com,NL,2025-05-20
5164,John,Solis,katrinavargas@example.com,FR,2024-06-05
5165,Christine,Gonzalez,jasmineliu@example.org,FR,2023-08-15
5166,Stephen,Nelson,tamaraflores@example.com,NL,2023-05-12
5167,Benjamin,Anderson,rruiz@example.com,DE,2023-12-07
5168,Jim,Sanchez,kaitlyn11@example.net,DE,2023-08-26
5169,Alison,Johnson,jeffreymoore@example.org,ES,2025-04-02
5170,Ronald,Burns,stephenscindy@example.com,DE,2023-07-21
5171,Raymond,Boyle,lucasmurphy@example.com,ES,2025-02-11
5172,Leah,Coleman,walter13@example.org,ES,2024-11-26
5173,Karl,Mack,erictapia@example.com,ES,2024-04-06
5174,Danielle,Fisher,nicholehaas@example.com,BE,2025-08-05
5175,Lauren,Hansen,larry71@example.org,BE,2023-11-03
5176,Susan,Scott,tpowell@example.com,DE,2024-12-12
5177,Mark,Ball,mjacobs@example.net,NL,2023-12-31
5178,Sara,Fox,lori13@example.com,ES,2024-09-05
5179,Sherri,Cole,robinsonbrittney@example.com,DE,2025-06-24
5180,Keith,Gonzales,frank50@example.net,FR,2024-01-22
5181,Tom,Rangel,npittman@example.org,BE,2024-07-19
5182,Charles,Thompson,david50@example.org,NL,2025-04-22
5183,Vanessa,Jimenez,simmonsjason@example.net,DE,2025-07-26
5184,Kathleen,Peterson,cholmes@example.net,DE,2024-07-20
5185,Stacy,Hopkins,natalie15@example.net,FR,2023-09-15
5186,Cassandra,Arellano,slopez@example.org,NL,2023-02-19
5187,Roger,Myers,danielsjill@example.net,ES,2024-11-27
5188,Melissa,Gray,ugeorge@example.org,FR,2023-11-04
5189,Brandon,Rodriguez,vnielsen@example.org,ES,2024-05-15
5190,Tiffany,Sanford,jacob63@example.org,BE,2023-10-22
5191,Shelia,Foster,david31@example.net,BE,2024-08-23
5192,Luis,Wolfe,pearsonteresa@example.org,BE,2024-12-29
5193,Maria,Carlson,jonesjamie@example.org,NL,2024-03-17
5194,Rebecca,Jones,ucisneros@example.com,NL,2026-01-28
5195,Nicholas,Calderon,shelby76@example.org,DE,2024-02-24
5196,Scott,Dorsey,waltertimothy@example.com,ES,2024-10-12
5197,Michael,Fischer,vlindsey@example.com,BE,2024-10-14
5198,Jennifer,Herring,moorejeff@example.org,NL,2025-06-20
5199,Michelle,Howe,hallbrian@example.com,FR,2023-11-13
5200,Melissa,Hampton,ohill@example.com,FR,2023-04-15
5201,William,Whitehead,caitlyn37@example.net,DE,2024-08-22
5202,Donald,Potter,kyle94@example.org,FR,2024-12-09
5203,Larry,Ewing,cory70@example.com,FR,2025-12-01
5204,David,Woods,billy94@example.org,DE,2025-12-02
5205,Amanda,Cisneros,alejandro84@example.org,NL,2023-11-15
5206,Rebecca,Montgomery,festrada@example.com,FR,2024-01-12
5207,Cindy,Parker,brendahobbs@example.org,ES,2023-06-29
5208,Sarah,Stone,victor53@example.net,NL,2023-11-26
5209,Amy,Francis,douglas71@example.com,ES,2023-07-19
5210,Zachary,Gutierrez,amanda74@example.com,NL,2024-03-15
5211,Daniel,Sanchez,tbass@example.net,BE,2023-11-27
5212,Bryan,Williams,tiffanyhale@example.org,FR,2024-09-18
5213,Rose,Schultz,pwallace@example.com,FR,2024-01-28
5214,Cory,Russell,donaldcraig@example.com,DE,2025-04-05
5215,Adam,Phillips,annhunter@example.org,BE,2024-07-03
5216,Crystal,Gray,antoniowilson@example.net,BE,2025-12-21
5217,Sherry,Daniels,angelicacharles@example.net,ES,2023-07-25
5218,Dean,Key,zlawrence@example.net,ES,2025-10-03
5219,Patty,Hayes,angela00@example.com,NL,2023-12-07
5220,Jonathan,Holloway,michaelbaker@example.org,ES,2024-06-08
5221,Julie,Martinez,zlowe@example.com,FR,2023-12-21
5222,Nathaniel,Best,mitchellcourtney@example.net,FR,2023-12-01
5223,Leah,Drake,thobbs@example.org,NL,2024-11-23
5224,Michael,Roberts,annaherrera@example.org,ES,2023-02-15
5225,Brianna,Blevins,jeremyjohnson@example.org,DE,2024-01-21
5226,Jennifer,Frazier,moorealexander@example.com,DE,2023-04-29
5227,Vernon,Lopez,clawrence@example.net,BE,2023-08-11
5228,Mary,Green,martinandrew@example.net,BE,2025-03-24
5229,Tami,Rowe,cookandrew@example.org,ES,2023-05-16
5230,Nathan,Rodriguez,burkedouglas@example.net,DE,2024-06-28
5231,Alicia,Black,stevensheather@example.org,DE,2023-03-30
5232,Nicole,Kim,deleonnathan@example.org,NL,2023-04-13
5233,Cheryl,Nelson,castanedamackenzie@example.com,BE,2025-08-13
5234,Austin,Jones,sharon05@example.com,BE,2025-07-15
5235,Julie,Velez,zunigasheena@example.org,DE,2024-10-02
5236,Karen,Wilson,caintiffany@example.com,NL,2026-01-27
5237,James,Spears,jacobwilliams@example.com,FR,2024-12-24
5238,Danielle,Oliver,scottjackson@example.org,BE,2025-06-19
5239,Brandon,Barnett,shannon54@example.com,ES,2024-02-13
5240,Haley,Harris,moorematthew@example.net,DE,2025-03-17
5241,Christina,Martinez,jessica37@example.org,NL,2024-01-06
5242,Ana,Peters,barnescheryl@example.com,NL,2024-12-20
5243,Melanie,Graham,nicholaspatel@example.com,ES,2024-05-30
5244,Julie,Chen,millersusan@example.net,BE,2025-04-09
5245,Nicholas,Lloyd,jprice@example.net,DE,2024-12-14
5246,James,Graham,jason51@example.com,NL,2024-01-29
5247,Robert,Finley,wpalmer@example.com,ES,2024-05-01
5248,Paul,Jordan,katierollins@example.net,FR,2024-12-30
5249,Megan,Miller,savannah91@example.net,ES,2023-09-06
5250,Tyler,Martin,odonnellsamantha@example.org,FR,2025-01-18
5251,James,Weber,dawn74@example.org,NL,2025-07-02
5252,Deborah,Nguyen,brian33@example.net,ES,2024-08-09
5253,Laurie,Wise,acostaaaron@example.net,FR,2024-02-08
5254,Amanda,Conrad,schroederdavid@example.net,FR,2024-11-22
5255,James,Stanton,anneross@example.net,FR,2025-05-25
5256,Anna,Weber,pricejames@example.org,FR,2025-08-31
5257,Paul,Brown,phillipserik@example.net,NL,2025-07-23
5258,Matthew,Miles,jacksontran@example.com,DE,2025-01-07
5259,Debra,Cooper,lewisjames@example.org,NL,2023-03-05
5260,Brian,Byrd,jasminedavis@example.com,BE,2025-01-13
5261,Tammy,Taylor,carterjudith@example.org,NL,2025-06-26
5262,Meghan,Mendez,swhite@example.net,NL,2025-08-05
5263,Andrea,Harper,abeltran@example.org,DE,2024-12-17
5264,Glen,George,zsteele@example.com,ES,2023-07-16
5265,Destiny,Torres,brownjoseph@example.org,BE,2024-08-29
5266,Jason,Thompson,christine49@example.com,DE,2024-12-27
5267,Justin,Perez,teresa30@example.com,BE,2025-06-06
5268,Cindy,Morgan,nraymond@example.com,BE,2024-05-25
5269,Bethany,Thomas,crios@example.org,DE,2025-11-29
5270,Erik,Andersen,morrisdavid@example.com,FR,2025-08-04
5271,Stephanie,Green,whitneyjames@example.com,ES,2024-05-10
5272,Stephen,Johnson,xmclean@example.org,ES,2025-08-11
5273,Charlotte,Meyer,jasonsexton@example.com,DE,2025-07-05
5274,Jennifer,Carroll,diane99@example.org,DE,2024-01-30
5275,Robert,Harris,elizabeth05@example.net,DE,2025-08-08
5276,Gabrielle,Schaefer,greenrichard@example.org,BE,2025-09-11
5277,Michael,Shaw,klawrence@example.net,FR,2023-05-01
5278,David,Santana,xfox@example.org,NL,2024-05-29
5279,Clifford,Andrews,donald64@example.com,NL,2025-04-26
5280,Corey,Campos,emmabenjamin@example.org,NL,2024-08-31
5281,Linda,Taylor,urodriguez@example.com,BE,2023-05-26
5282,Zachary,Jones,alan88@example.net,ES,2025-06-13
5283,Rebecca,Moran,robertsonyvette@example.org,ES,2025-10-01
5284,Candace,White,randyyates@example.net,ES,2024-04-16
5285,Emily,Ward,robinyoder@example.com,BE,2024-03-16
5286,Karen,Hill,heathermorgan@example.com,ES,2024-06-19
5287,Stacy,Petersen,hharris@example.net,NL,2024-01-02
5288,Patricia,Bradshaw,samuelbarnes@example.com,NL,2023-09-10
5289,Ernest,Smith,lynn42@example.org,BE,2025-05-29
5290,Kelly,Conway,william70@example.com,NL,2024-07-27
5291,Brittany,Williams,deborah83@example.org,DE,2024-04-16
5292,Kylie,Hicks,jessemartinez@example.org,NL,2024-02-29
5293,Meredith,Fowler,william01@example.com,BE,2025-02-10
5294,Madison,English,smithpaula@example.org,ES,2024-05-04
5295,Austin,Martin,emilyhartman@example.org,NL,2024-11-22
5296,Lori,Odom,jonathan87@example.com,NL,2024-08-04
5297,Nicole,Woods,vhernandez@example.net,FR,2024-03-25
5298,Logan,Murray,walkerelizabeth@example.org,NL,2023-09-20
5299,Susan,Newman,brookscarolyn@example.net,NL,2024-11-12
5300,Renee,Avila,austindiaz@example.net,NL,2024-05-02
5301,Thomas,Garrison,thurley@example.org,ES,2025-04-01
5302,Brianna,Sullivan,robert01@example.net,NL,2023-11-19
5303,Mary,Brown,rgreen@example.net,DE,2024-04-04
5304,Erik,Morgan,brownandrea@example.org,DE,2023-09-19
5305,David,Coleman,lrobinson@example.net,BE,2025-08-16
5306,Jesse,Cruz,john39@example.com,BE,2023-04-11
5307,Robert,Zavala,laurahiggins@example.org,FR,2024-06-16
5308,Glenn,Morse,ecastillo@example.net,ES,2025-07-12
5309,Mindy,Gonzalez,jefferyhorn@example.org,FR,2025-10-29
5310,Joshua,Clayton,holmesjamie@example.org,BE,2024-11-13
5311,Jennifer,Tran,erinlewis@example.net,BE,2024-09-28
5312,Brandon,Brown,pittmansteven@example.net,FR,2025-01-29
5313,Shawn,Brown,jjones@example.org,FR,2025-09-18
5314,Brandon,Bryant,tylerfox@example.org,FR,2026-01-30
5315,Mark,Holden,bjenkins@example.org,BE,2024-03-11
5316,David,Branch,christianmikayla@example.net,DE,2025-03-02
5317,Sherry,Perez,jared46@example.net,BE,2023-08-17
5318,Zachary,Martin,jill92@example.com,ES,2024-10-11
5319,Phillip,Martin,richard22@example.com,NL,2025-09-12
5320,Michael,Kim,whorton@example.net,FR,2023-05-14
5321,Alexander,Blake,mariekim@example.net,NL,2026-02-02
5322,Ryan,Collins,millerkaitlyn@example.com,NL,2023-08-17
5323,Katrina,Hicks,michellejohnson@example.net,FR,2023-11-29
5324,Joseph,Frazier,edwinpayne@example.net,BE,2024-02-28
5325,William,Cisneros,pamela07@example.com,DE,2026-01-13
5326,Melanie,Bailey,barnesjennifer@example.org,DE,2024-04-25
5327,Chad,Moore,karen89@example.net,FR,2024-01-07
5328,Michelle,Gonzales,vchavez@example.net,DE,2024-03-21
5329,Lauren,Holmes,phillipspatricia@example.com,DE,2023-04-08
5330,Jerry,Smith,smithdonald@example.com,ES,2024-10-18
5331,Natalie,Khan,russelllong@example.net,BE,2024-01-05
5332,Tammy,Salazar,mcastro@example.net,ES,2023-06-21
5333,Wendy,Peterson,bskinner@example.org,FR,2025-11-30
5334,Thomas,Morgan,flambert@example.com,DE,2025-11-26
5335,Kelly,Green,boltonjason@example.net,ES,2025-04-27
5336,Jackie,Davis,christinadavis@example.org,ES,2023-05-30
5337,Anne,Clark,diamonddixon@example.net,ES,2025-04-04
5338,Fernando,Lee,meganbarber@example.net,FR,2024-02-10
5339,Christopher,Martin,vray@example.com,NL,2025-07-22
5340,Kayla,Reed,tracy37@example.org,DE,2023-10-24
5341,Diana,Jenkins,angelabentley@example.org,NL,2023-03-22
5342,Zachary,Hudson,lmccarthy@example.org,BE,2023-09-14
5343,David,Garcia,acabrera@example.com,ES,2024-01-18
5344,Calvin,Kirk,michelle94@example.com,FR,2024-03-02
5345,Alex,Ward,zhoward@example.com,BE,2023-04-18
5346,Latasha,Huynh,klewis@example.net,NL,2023-03-13
5347,David,Carter,stephensantos@example.net,ES,2025-02-09
5348,Shannon,Mccoy,imelendez@example.net,DE,2026-01-20
5349,Michelle,Brown,chandiane@example.org,ES,2025-06-25
5350,Patricia,Schneider,tamisnyder@example.com,NL,2023-03-30
5351,Eric,Moyer,latoya91@example.com,ES,2025-11-14
5352,Steven,Bailey,wareedward@example.net,BE,2025-06-02
5353,Misty,Bailey,danielle57@example.com,BE,2024-03-25
5354,Sarah,Sherman,angela00@example.org,ES,2024-12-18
5355,Melissa,Richardson,cohensharon@example.org,FR,2025-12-13
5356,Jenna,Nguyen,jennifershaw@example.org,NL,2023-10-17
5357,Rebecca,Jacobs,vwong@example.com,DE,2025-12-11
5358,April,Scott,rubiomatthew@example.com,NL,2025-04-04
5359,Margaret,Wallace,ashleyanderson@example.com,NL,2026-01-19
5360,Stephanie,Williams,michaelcummings@example.org,NL,2023-12-31
5361,Jessica,Landry,nicolehiggins@example.com,FR,2023-10-22
5362,Marilyn,Garcia,jonesmaria@example.org,FR,2023-12-08
5363,Brian,Lane,medinaemily@example.net,DE,2026-01-16
5364,Stephanie,Terrell,crystal82@example.com,FR,2025-12-31
5365,Jessica,Newman,joneskristin@example.org,BE,2023-08-11
5366,Derek,Hernandez,john86@example.net,DE,2025-04-17
5367,Samantha,Mckee,wking@example.org,DE,2024-04-13
5368,Robin,Garner,nmarquez@example.org,DE,2024-03-22
5369,Rachel,Kim,dsims@example.org,NL,2026-01-12
5370,Gary,Collins,pittshailey@example.org,DE,2024-01-20
5371,Kent,Fox,lmeadows@example.org,ES,2024-02-26
5372,Victoria,Clarke,zgonzalez@example.com,BE,2025-04-06
5373,Jeffrey,Gregory,stacy58@example.org,FR,2025-04-29
5374,Ronald,Casey,kathy76@example.org,BE,2023-09-30
5375,Christopher,Johnson,zwhite@example.com,BE,2023-05-18
5376,Richard,Ferguson,karenheath@example.org,BE,2025-07-29
5377,Rebecca,Huber,fwalker@example.com,BE,2026-01-18
5378,Susan,Sanchez,qdaniels@example.net,DE,2024-11-27
5379,Laura,Miller,brittany52@example.org,FR,2024-07-19
5380,Rebecca,Torres,barnesdavid@example.org,BE,2025-06-04
5381,Jennifer,Vega,laurenrobinson@example.org,BE,2024-10-08
5382,Brett,Hernandez,kristen71@example.net,DE,2024-03-16
5383,Kimberly,Keith,jthompson@example.com,NL,2023-02-28
5384,Tricia,Ortiz,mooreangela@example.org,ES,2024-06-22
5385,Nichole,Martinez,brianmerritt@example.net,NL,2024-11-20
5386,Melissa,Stone,lauravalentine@example.com,DE,2023-11-09
5387,Jasmine,Davis,tbarajas@example.net,BE,2024-05-13
5388,Rachel,Moore,christinemiller@example.com,NL,2023-08-22
5389,Samantha,Davis,dana38@example.net,BE,2024-07-09
5390,Christopher,Ramsey,brittanysweeney@example.com,FR,2024-07-25
5391,Charles,Brown,nicholasrocha@example.org,BE,2023-07-09
5392,Vincent,Johnson,wgreene@example.com,NL,2024-03-20
5393,John,Miller,michaela36@example.net,BE,2023-05-31
5394,Lisa,Vang,jamiegutierrez@example.com,BE,2025-04-25
5395,Lori,Owens,jesse25@example.com,FR,2025-10-20
5396,Tina,Lopez,christopher30@example.org,NL,2023-07-22
5397,Kimberly,Evans,margaret64@example.com,ES,2025-12-19
5398,Michael,Chandler,jason44@example.com,ES,2024-04-29
5399,Kelly,Combs,philipadams@example.com,DE,2023-11-23
5400,Robert,Reid,pparrish@example.com,BE,2024-03-24
5401,Anthony,Carter,sean23@example.org,ES,2025-01-31
5402,Patricia,Brown,herbert73@example.org,BE,2023-12-20
5403,Nicole,Mccullough,benjamintyler@example.net,FR,2023-12-28
5404,Caleb,Simmons,pattondaryl@example.com,NL,2024-08-24
5405,Erika,Wells,carmenproctor@example.org,ES,2023-04-24
5406,Julie,Pierce,michelle91@example.com,ES,2024-08-11
5407,Andrew,Welch,virginia13@example.org,ES,2025-08-09
5408,Cody,Kent,fdiaz@example.com,BE,2023-11-15
5409,Timothy,Frey,mary85@example.net,NL,2025-01-11
5410,David,Reynolds,smithjacob@example.org,NL,2024-01-26
5411,Megan,Perez,deborah35@example.org,DE,2024-07-14
5412,Randy,Davenport,rodriguezdaniel@example.com,FR,2025-03-22
5413,Walter,Hawkins,michelle50@example.com,DE,2025-12-09
5414,Sean,Perez,dunndeborah@example.com,NL,2024-06-07
5415,Frances,Griffin,morgan32@example.org,FR,2025-05-28
5416,April,Gallagher,roliver@example.net,NL,2024-07-09
5417,Lance,Klein,gomezaaron@example.net,NL,2024-05-01
5418,Debra,Thompson,josescott@example.org,ES,2025-01-27
5419,Keith,Jackson,hollyharvey@example.net,NL,2023-02-16
5420,William,Ashley,mitchelljordan@example.net,DE,2023-11-08
5421,Tammy,Jones,blackgarrett@example.net,ES,2025-02-03
5422,Christy,Mcgee,wmendez@example.com,ES,2025-04-15
5423,Melissa,Pitts,amy43@example.org,NL,2023-08-01
5424,Amy,Cordova,coreyhughes@example.org,FR,2023-11-10
5425,Lisa,Bonilla,robertlucero@example.org,FR,2024-07-08
5426,Jacob,Meyers,lchan@example.net,ES,2023-10-31
5427,Melvin,Herrera,mariobutler@example.net,ES,2024-05-17
5428,Dylan,Howard,robert75@example.org,DE,2023-03-11
5429,Sharon,Ortiz,phouse@example.com,BE,2025-07-21
5430,Rebecca,Lowe,brian14@example.org,BE,2025-05-03
5431,William,Smith,coopercollin@example.org,FR,2025-10-06
5432,John,Price,katrina79@example.net,DE,2023-04-15
5433,Amber,Lawson,brendamyers@example.net,FR,2025-08-16
5434,Shaun,Morris,alanwatson@example.org,DE,2025-11-14
5435,Danny,Mayo,idavis@example.net,NL,2023-12-28
5436,Rebecca,Chandler,tylerdonna@example.net,FR,2023-12-12
5437,Theresa,Weber,udelgado@example.net,ES,2024-08-30
5438,William,Phillips,umaxwell@example.com,ES,2025-12-27
5439,Andrea,Myers,melissafisher@example.org,DE,2025-04-15
5440,William,Hart,mary65@example.com,BE,2025-06-17
5441,Becky,Bell,jeremyhoward@example.net,DE,2024-06-01
5442,Tricia,Taylor,samuel00@example.org,BE,2024-02-16
5443,Janice,Chapman,ogarza@example.org,NL,2024-11-22
5444,Katrina,Morton,kristenreynolds@example.com,NL,2026-01-06
5445,John,Thompson,kdominguez@example.org,NL,2023-09-15
5446,Anna,Williams,alexandra23@example.org,DE,2024-09-06
5447,Christopher,Garrett,amandagarrison@example.net,DE,2025-01-31
5448,Diana,Johnston,snewman@example.org,ES,2025-10-03
5449,Victor,Tucker,sierra63@example.com,BE,2025-05-05
5450,Andrew,Sheppard,nelsonjason@example.org,ES,2023-10-09
5451,Joseph,Bolton,xwilliams@example.net,BE,2023-11-22
5452,Dustin,Hall,floreskathleen@example.com,FR,2025-03-08
5453,Paul,Warren,uwalker@example.com,BE,2023-07-01
5454,Lauren,Herrera,fjones@example.net,ES,2023-04-15
5455,Lacey,Hunter,haley63@example.net,BE,2025-05-11
5456,Andre,Foster,chad82@example.com,FR,2025-12-08
5457,Cindy,Huang,ifitzgerald@example.net,ES,2024-03-30
5458,Karen,Smith,svelazquez@example.org,FR,2024-03-11
5459,Stephen,Ellison,aimeeturner@example.net,FR,2023-04-04
5460,Teresa,Chan,alejandra57@example.org,ES,2025-12-04
5461,Christopher,Taylor,brandon23@example.net,FR,2023-10-21
5462,Christina,Johnson,mcobb@example.net,BE,2023-11-26
5463,John,Smith,reynoldslauren@example.org,FR,2025-03-25
5464,Alexandra,Dougherty,loneal@example.org,NL,2023-07-17
5465,Donna,Wong,porterstephen@example.org,BE,2025-05-28
5466,Kyle,Rodriguez,sharon83@example.com,FR,2023-09-20
5467,James,Ramirez,laurabaker@example.net,ES,2024-05-10
5468,Casey,Snyder,iortiz@example.com,BE,2024-10-30
5469,Brian,Carroll,brandonmckenzie@example.com,DE,2025-10-17
5470,Jacob,Hester,scottlara@example.com,FR,2025-04-19
5471,Lisa,Wood,icollier@example.org,NL,2024-04-17
5472,Joseph,Anderson,blakechad@example.org,ES,2023-04-08
5473,Ronald,Martin,meyerbethany@example.net,FR,2025-10-30
5474,Elijah,Stewart,harrisryan@example.com,BE,2025-06-13
5475,Ashley,Phillips,khunt@example.org,ES,2023-07-07
5476,David,Gregory,bcox@example.com,BE,2024-07-20
5477,Rachel,Collins,ronnieprice@example.org,NL,2024-09-13
5478,Laura,Williams,ichapman@example.net,DE,2023-08-09
5479,Zachary,Johnson,gmunoz@example.net,ES,2025-09-23
5480,Daniel,Gilmore,robertmccarthy@example.com,NL,2023-10-23
5481,Jason,Hall,william39@example.com,BE,2025-09-22
5482,Cathy,Murphy,flynnjohn@example.com,BE,2025-05-01
5483,Tyler,Lin,uthompson@example.org,FR,2024-11-01
5484,James,Adams,kennethfuller@example.com,DE,2023-08-15
5485,Kelli,Adams,lucasamy@example.net,FR,2024-06-02
5486,Emily,Hensley,serranothomas@example.com,BE,2023-02-04
5487,Jacob,Williams,ashleykeith@example.org,NL,2025-03-09
5488,Anthony,Cole,joshuakennedy@example.net,ES,2025-11-03
5489,Jennifer,Boyd,john58@example.net,FR,2023-06-14
5490,Kathy,Sandoval,kathrynfrench@example.org,BE,2025-11-09
5491,Andrea,Davis,omarsh@example.com,DE,2024-06-13
5492,Diana,Cervantes,trevorchavez@example.org,BE,2024-01-23
5493,Maria,Cochran,martindean@example.org,BE,2023-03-04
5494,Marissa,Holloway,sandra33@example.org,FR,2025-11-21
5495,Craig,Crawford,rachaelhowe@example.com,FR,2024-05-12
5496,Edward,Munoz,johnsonmelinda@example.com,BE,2024-12-28
5497,Laura,George,ashleyanderson@example.net,DE,2024-12-02
5498,Katie,Armstrong,geraldgreen@example.com,NL,2023-06-02
5499,Danny,Johnson,karismith@example.org,FR,2025-03-08
5500,Michelle,Drake,megan62@example.org,BE,2025-12-26
5501,Jeffrey,Hart,albert54@example.com,BE,2024-12-03
5502,Mark,Dunn,foleyjulie@example.org,ES,2023-05-26
5503,Jessica,Doyle,josephglover@example.net,FR,2024-06-01
5504,Donna,Green,kdyer@example.net,ES,2024-08-19
5505,Ashley,Shah,lisa08@example.org,ES,2024-02-10
5506,Tracy,Middleton,linda49@example.com,FR,2025-10-16
5507,Steve,Wade,robert35@example.com,NL,2025-10-06
5508,Jody,Rogers,amanda07@example.com,NL,2025-05-13
5509,Benjamin,Tate,stacyreed@example.net,BE,2023-05-02
5510,James,Adams,pamowen@example.net,DE,2025-06-09
5511,Thomas,Ritter,cwhitehead@example.org,BE,2025-12-29
5512,Veronica,Johnson,matthew75@example.net,ES,2024-12-27
5513,William,Baker,mitchellrobinson@example.net,ES,2024-02-11
5514,Bryan,Cole,danielskimberly@example.com,FR,2025-08-01
5515,Kelly,Rodriguez,dgalloway@example.net,NL,2024-07-22
5516,Victoria,Chang,fsparks@example.net,ES,2023-04-02
5517,Jim,Williams,donaldbrooks@example.net,FR,2025-03-05
5518,Courtney,Moore,colegregory@example.com,BE,2023-05-14
5519,Mark,Hall,ischultz@example.org,BE,2023-03-04
5520,Nathaniel,Sloan,nathan32@example.net,ES,2024-08-26
5521,Damon,Wright,joseph16@example.net,FR,2024-01-22
5522,Erika,Miller,jennifergarcia@example.net,DE,2023-02-07
5523,Anthony,Gay,nelsonwalter@example.com,ES,2023-07-05
5524,Tracy,Torres,carolyn69@example.net,FR,2024-06-17
5525,Molly,Parks,costasamantha@example.com,ES,2024-01-01
5526,Nicholas,Nguyen,deannahunt@example.com,BE,2025-08-18
5527,Travis,Singh,patriciahenry@example.com,FR,2025-07-21
5528,Gina,Williams,robertsmaria@example.com,NL,2025-02-20
5529,Kayla,Smith,monicabaldwin@example.com,DE,2025-07-18
5530,Amanda,Collins,xphillips@example.net,FR,2025-09-05
5531,Sharon,Garcia,eberry@example.org,DE,2025-01-10
5532,Kevin,Smith,tara06@example.com,ES,2026-01-18
5533,Brittany,Harris,brianellis@example.org,NL,2025-02-02
5534,Alicia,Higgins,mlowery@example.net,ES,2023-10-25
5535,Adam,Reed,larsonmichelle@example.org,DE,2024-07-03
5536,Jamie,Johnson,thompsonrandall@example.com,ES,2025-06-11
5537,Erica,Nguyen,campbelltimothy@example.net,DE,2023-09-28
5538,Alyssa,Gutierrez,bakermike@example.net,ES,2024-10-26
5539,Robert,Rose,daniellepowers@example.org,FR,2025-03-29
5540,Heather,Reed,fsimmons@example.com,DE,2023-07-27
5541,Tina,Byrd,josephkennedy@example.org,BE,2025-04-15
5542,Brenda,Martin,webbdonald@example.org,NL,2024-07-30
5543,Donna,Hughes,allisonmorgan@example.org,FR,2024-06-18
5544,Benjamin,Holt,wcarson@example.net,BE,2024-07-21
5545,Heather,Cook,adrianjohnson@example.com,DE,2023-03-27
5546,Sabrina,Pitts,nicholsonchelsea@example.net,NL,2024-11-22
5547,Christine,Wood,diazmarcus@example.net,NL,2023-10-24
5548,William,Nguyen,ble@example.com,BE,2024-10-14
5549,Ashley,Thompson,georgemason@example.org,BE,2026-01-21
5550,Dale,Howell,brownpatty@example.org,ES,2023-12-13
5551,Mark,Thompson,lawrencescott@example.com,ES,2023-11-29
5552,Jason,Wilson,qdougherty@example.com,ES,2023-04-16
5553,Jacob,Roth,clewis@example.org,BE,2024-10-08
5554,Jonathan,Cross,thomaszamora@example.net,DE,2024-09-28
5555,Stephen,King,nathan78@example.org,ES,2023-12-17
5556,Jill,Jones,suzanne03@example.org,FR,2023-03-16
5557,Julie,Calderon,weberwesley@example.com,DE,2023-03-01
5558,Heather,Sullivan,kcardenas@example.net,BE,2024-01-24
5559,Jamie,Mclaughlin,qvega@example.org,DE,2024-07-22
5560,Michael,Flynn,carlamayo@example.org,BE,2024-02-28
5561,Jason,Frederick,wilsonautumn@example.com,DE,2025-09-03
5562,Julia,Sosa,maureen34@example.com,ES,2024-06-21
5563,Joseph,Noble,ggriffin@example.org,NL,2024-10-12
5564,Maria,Kirby,alicia28@example.org,ES,2023-12-24
5565,Brian,King,pamelameyer@example.net,DE,2025-02-18
5566,Felicia,Benton,pclark@example.org,NL,2024-06-21
5567,Margaret,Kennedy,terri87@example.org,FR,2024-06-25
5568,Jasmine,Morrow,jared79@example.net,FR,2023-04-15
5569,Brittany,Foley,nrusso@example.org,FR,2025-02-04
5570,Jack,Miller,ncarpenter@example.org,BE,2024-09-11
5571,Lisa,Strickland,aliciaarnold@example.net,NL,2023-12-03
5572,Rachel,Parker,hbooker@example.net,BE,2024-01-13
5573,Tonya,Sullivan,jacobgomez@example.net,BE,2023-05-08
5574,Brandon,Lee,tnavarro@example.org,NL,2025-03-28
5575,Zachary,Leonard,hernandezcarl@example.org,BE,2023-03-23
5576,James,Braun,wbuck@example.com,FR,2023-09-07
5577,Matthew,Jones,daniel65@example.com,DE,2024-06-20
5578,Kylie,Esparza,myerswilliam@example.com,FR,2023-02-11
5579,Joshua,Brown,jbernard@example.net,FR,2026-01-09
5580,Linda,Ryan,bentonjerry@example.com,DE,2025-05-16
5581,Rachel,Wilson,michellegardner@example.com,BE,2025-03-19
5582,Patrick,Perkins,arielsmith@example.net,DE,2023-03-29
5583,Wanda,White,mmcdonald@example.com,BE,2023-10-05
5584,Brent,Hernandez,connie56@example.com,ES,2025-04-27
5585,Robert,Davis,nicole00@example.net,FR,2025-01-03
5586,James,Harris,tamarachristian@example.net,ES,2024-02-22
5587,James,Morgan,kbarnes@example.com,DE,2025-12-17
5588,Sharon,Huber,aprilgreer@example.net,DE,2023-06-26
5589,David,Park,qlynch@example.org,DE,2025-12-05
5590,Karen,Mcclure,nsnow@example.net,BE,2025-12-07
5591,Nicole,Smith,kim96@example.net,ES,2023-04-30
5592,Angela,Ramirez,vsteele@example.com,DE,2025-12-01
5593,Edward,Fritz,webbjoseph@example.org,NL,2024-02-28
5594,Elizabeth,Boone,cooperjames@example.org,ES,2024-08-29
5595,Mark,Rivera,christophermatthews@example.org,BE,2025-08-11
5596,Wendy,Anderson,harperstephen@example.org,FR,2024-06-08
5597,Marc,Thomas,vwilliamson@example.com,ES,2024-03-15
5598,Craig,Herrera,dawnjones@example.com,FR,2023-10-31
5599,Nicole,Paul,alexiswilliams@example.net,ES,2024-01-26
5600,Alexa,Hardy,casearthur@example.org,ES,2025-10-04
5601,Catherine,Martinez,marquezjohn@example.com,DE,2025-04-14
5602,David,Craig,christian85@example.net,BE,2023-12-21
5603,Michael,Edwards,dixondanny@example.com,FR,2025-11-08
5604,Manuel,Fitzgerald,mcdonaldsusan@example.org,FR,2023-06-14
5605,Christina,Sims,howardcaitlyn@example.org,DE,2024-04-11
5606,Sonia,Rogers,cdillon@example.org,ES,2024-06-20
5607,Katrina,Gonzalez,austinking@example.com,DE,2024-12-03
5608,Dakota,Wright,leedavid@example.org,FR,2024-04-20
5609,Sara,Hunt,danielsmith@example.org,NL,2025-04-11
5610,Pamela,Casey,rodriguezdavid@example.com,BE,2023-12-08
5611,Christopher,Taylor,acostawendy@example.net,DE,2026-01-17
5612,Douglas,Montes,tammy92@example.org,NL,2023-08-16
5613,Amber,Mendoza,danielstammy@example.com,DE,2023-07-31
5614,Ryan,Smith,melaniestone@example.com,DE,2025-07-19
5615,Tammy,Khan,davistommy@example.net,ES,2023-10-16
5616,Valerie,Mckenzie,carla91@example.net,FR,2024-08-07
5617,Lisa,Smith,xriley@example.net,BE,2024-11-08
5618,Benjamin,Griffin,danieldavidson@example.net,ES,2023-11-29
5619,James,Cook,christopher17@example.com,DE,2023-09-17
5620,Ethan,Allen,taylortaylor@example.com,DE,2025-05-16
5621,Kara,Armstrong,jill67@example.net,FR,2024-01-23
5622,Christopher,Brown,dphelps@example.com,DE,2023-07-23
5623,Kelly,Ramirez,bboone@example.com,NL,2024-09-07
5624,Tina,Palmer,hkim@example.org,ES,2023-02-22
5625,Andrew,George,melvin63@example.com,DE,2023-02-25
5626,Michael,Padilla,efitzgerald@example.net,NL,2023-02-10
5627,Katherine,Adams,dholden@example.org,FR,2024-03-18
5628,Sheila,Smith,dixonthomas@example.com,BE,2025-06-17
5629,Timothy,Short,chandlerjames@example.org,BE,2025-08-12
5630,Kayla,Holloway,joseph48@example.net,NL,2023-12-09
5631,Joshua,Rivas,tylerjohnston@example.org,NL,2023-05-25
5632,Jessica,Jones,lopezjesus@example.net,FR,2023-12-13
5633,Cheryl,Blake,oscar91@example.net,DE,2024-04-26
5634,John,Gould,jeffreyphillips@example.com,DE,2023-05-18
5635,Tara,Gordon,bartoneric@example.com,DE,2023-05-04
5636,Billy,Hernandez,dana46@example.org,BE,2023-03-06
5637,David,Kennedy,jennifer26@example.net,FR,2024-12-08
5638,Todd,Dickson,howardxavier@example.org,ES,2023-12-02
5639,Hector,Watson,sjones@example.org,NL,2024-03-13
5640,James,Gutierrez,daviddean@example.com,ES,2025-07-13
5641,Andrew,Price,marymendez@example.net,DE,2024-08-21
5642,Amy,Weeks,isaiah66@example.com,ES,2023-07-28
5643,Ronald,Shaw,katherinecortez@example.com,NL,2024-12-23
5644,Ryan,Rodriguez,cory29@example.net,ES,2024-12-28
5645,Dorothy,Fisher,erojas@example.com,FR,2023-12-09
5646,Brandy,Martinez,fosterjoseph@example.com,ES,2023-05-08
5647,Joan,Green,ruizclaudia@example.org,NL,2025-08-14
5648,Stephanie,Hall,yyoung@example.org,BE,2025-05-04
5649,Andrew,Sandoval,abigailreynolds@example.com,ES,2023-08-28
5650,Samantha,Smith,suzannepowers@example.net,BE,2025-01-22
5651,April,Cole,timothydavis@example.net,BE,2024-01-01
5652,Andrew,Mckenzie,bryanhammond@example.org,FR,2024-10-22
5653,Nicholas,Bennett,ehoover@example.net,DE,2026-01-21
5654,Craig,Simpson,lbarr@example.net,BE,2023-04-22
5655,Julia,Espinoza,connieenglish@example.com,ES,2025-01-10
5656,Marissa,Scott,tara69@example.org,NL,2025-06-10
5657,Jacqueline,Soto,kayla32@example.org,FR,2025-02-03
5658,Melissa,Harris,steven71@example.com,ES,2023-06-15
5659,Patrick,White,ypierce@example.net,NL,2024-10-30
5660,Allison,Jenkins,amyjones@example.net,DE,2023-02-24
5661,Cathy,Cooper,oscar87@example.org,DE,2023-02-25
5662,Adriana,Freeman,eric30@example.net,DE,2023-05-03
5663,Lonnie,Howard,lori48@example.net,BE,2025-05-27
5664,Virginia,Young,crystal00@example.net,FR,2023-03-13
5665,Jonathan,Gallagher,patrick43@example.com,FR,2024-12-10
5666,Christopher,Allen,dhuber@example.org,ES,2023-08-25
5667,Misty,Spencer,sgarrett@example.org,BE,2023-11-06
5668,Scott,Washington,ndavis@example.org,DE,2025-04-13
5669,Christopher,Soto,mcconnellmarc@example.com,ES,2024-06-25
5670,Sharon,Mcneil,johnhill@example.org,NL,2025-01-21
5671,Sara,Henry,christine31@example.org,FR,2023-12-28
5672,Bethany,Thompson,xwest@example.net,DE,2025-02-14
5673,Isaiah,Sanders,nathanchristensen@example.net,NL,2024-03-18
5674,Katherine,Taylor,brendajackson@example.com,ES,2025-02-15
5675,Chris,Mcintosh,johnsonrichard@example.org,NL,2023-06-09
5676,Kim,Medina,john41@example.com,ES,2025-01-11
5677,Grace,Morton,mollychristian@example.net,BE,2024-06-05
5678,Jose,Mcclain,mooreabigail@example.net,BE,2025-11-06
5679,Jose,Larson,tlopez@example.com,BE,2024-12-02
5680,Sherry,Hawkins,lindseyramsey@example.com,DE,2025-02-18
5681,Tara,Richards,kellertracy@example.org,FR,2023-06-23
5682,Rachel,Lewis,jmelton@example.org,NL,2023-06-18
5683,Shaun,Martin,bferguson@example.org,ES,2024-04-08
5684,Olivia,Romero,thompsontroy@example.net,BE,2024-05-18
5685,Dennis,Martin,smithlauren@example.org,NL,2025-05-02
5686,Rhonda,Hicks,erik93@example.net,BE,2023-07-21
5687,Joshua,Estrada,michaellang@example.com,BE,2024-07-03
5688,Angela,Campos,timothy19@example.org,NL,2025-01-06
5689,Alexis,Gonzalez,jschultz@example.org,ES,2024-08-12
5690,Barbara,Gutierrez,madisondecker@example.net,NL,2023-03-04
5691,Joan,Carpenter,krausemelinda@example.com,ES,2023-11-07
5692,Jason,Rose,boyersherry@example.com,FR,2023-04-08
5693,Shannon,Farrell,collinshannah@example.com,BE,2023-10-28
5694,Andrew,Pacheco,veronicawhite@example.com,BE,2025-06-04
5695,Marie,Lopez,matthewsalazar@example.org,ES,2025-07-31
5696,Jared,Butler,carsonkayla@example.com,ES,2025-09-23
5697,Craig,Miller,timothyblack@example.net,DE,2025-09-15
5698,Matthew,Young,castilloamanda@example.org,BE,2025-06-06
5699,Megan,Hudson,thomassanchez@example.com,NL,2025-11-02
5700,Marilyn,Peterson,rileyjoseph@example.org,ES,2024-08-21
5701,Brittany,Duke,coxangela@example.com,BE,2025-12-31
5702,Darlene,Rivera,raymondward@example.org,BE,2023-02-20
5703,Michael,Garcia,loridiaz@example.org,NL,2026-01-13
5704,Dominique,Santana,falexander@example.com,DE,2025-01-21
5705,Jennifer,Martinez,sotorodney@example.net,NL,2024-08-08
5706,George,Alvarado,jodybriggs@example.org,FR,2025-07-26
5707,Allison,Miller,steven66@example.com,ES,2024-06-26
5708,Eric,Jones,tiffany71@example.net,DE,2025-07-17
5709,Vicki,Wu,christinemedina@example.org,FR,2023-05-03
5710,Michael,Fletcher,kadams@example.net,DE,2024-11-02
5711,Charlotte,Reyes,robinknight@example.org,FR,2024-10-25
5712,Brett,Foster,madison67@example.org,DE,2023-02-05
5713,Christopher,Alexander,mark52@example.org,NL,2023-06-20
5714,Alexis,Lawrence,nichole47@example.org,FR,2024-02-29
5715,Derrick,Clarke,kimberlykim@example.com,DE,2024-05-31
5716,Rachel,Jackson,catherinebaker@example.net,NL,2025-11-30
5717,Andrew,Davis,scottadams@example.org,DE,2023-10-15
5718,Alexis,Mosley,amoses@example.org,DE,2023-08-04
5719,Justin,Wang,angelgraham@example.com,NL,2023-05-20
5720,Autumn,Johnson,mitchelltammy@example.com,ES,2023-11-29
5721,Joseph,Coleman,cellis@example.org,BE,2025-02-15
5722,Ricardo,Charles,kylewagner@example.net,NL,2024-11-20
5723,Kevin,Hensley,owensrhonda@example.net,BE,2024-03-15
5724,Kimberly,Yang,dallen@example.net,BE,2024-10-15
5725,Glen,Greene,melanie94@example.com,ES,2025-06-30
5726,Rhonda,Rogers,vmorgan@example.com,BE,2026-02-01
5727,Randall,Peck,cindy64@example.org,FR,2024-07-19
5728,Dale,Barron,marshallzachary@example.net,ES,2024-08-31
5729,Rhonda,Bell,lflores@example.org,NL,2023-12-18
5730,John,Smith,lhorne@example.org,BE,2024-03-30
5731,Lisa,Payne,mccarthydaniel@example.net,FR,2024-05-20
5732,John,Allen,brendaacosta@example.org,ES,2023-07-25
5733,Hannah,Pineda,preynolds@example.com,BE,2023-07-12
5734,Shane,Esparza,richardsonrebecca@example.net,BE,2025-12-24
5735,Lisa,Coffey,jeromeolson@example.com,NL,2024-10-01
5736,Melinda,Smith,tina37@example.net,BE,2024-10-09
5737,Juan,Wilson,uhernandez@example.com,ES,2025-06-29
5738,Stacy,Horne,johnsonrobert@example.net,NL,2023-11-16
5739,Nicole,Allen,keithmunoz@example.org,ES,2024-06-15
5740,Raymond,Fisher,andrewwells@example.net,ES,2024-06-06
5741,Sean,Webb,jacqueline94@example.org,ES,2023-04-10
5742,Edwin,Rose,acevedoamy@example.org,ES,2023-04-12
5743,Joseph,Fields,james14@example.com,BE,2025-01-15
5744,Yvette,Sandoval,gerald55@example.org,NL,2024-03-25
5745,Angela,Davis,kennethbrandt@example.net,ES,2023-08-22
5746,Aaron,Simpson,courtney21@example.net,FR,2023-02-25
5747,Ian,Oconnor,padillasherri@example.org,BE,2024-02-02
5748,Deanna,Lane,arichardson@example.com,NL,2023-02-20
5749,Thomas,Smith,davidscott@example.com,FR,2023-11-27
5750,Wayne,Dickson,ktorres@example.com,NL,2023-07-05
5751,David,Barnett,derrickgilbert@example.org,DE,2025-03-08
5752,Tracey,Wright,nathanmills@example.org,DE,2025-11-02
5753,Chelsey,Malone,timothyschultz@example.com,BE,2023-11-03
5754,Kelsey,Adams,garciaariel@example.com,NL,2025-12-19
5755,Melissa,Padilla,jose10@example.com,DE,2023-11-21
5756,Nicholas,Fowler,sharmon@example.org,FR,2024-01-07
5757,Katie,Keller,burnsamber@example.org,BE,2023-12-18
5758,Jose,Allen,ublevins@example.com,ES,2025-02-14
5759,Mark,Donovan,jane31@example.org,BE,2024-01-03
5760,Elizabeth,Coleman,vmoreno@example.net,DE,2024-06-16
5761,Michelle,Webb,tbailey@example.net,NL,2023-09-01
5762,Kelli,Goodwin,dcampbell@example.net,FR,2025-01-17
5763,Patrick,Gardner,kchase@example.com,DE,2025-03-24
5764,Blake,Williams,iho@example.com,BE,2025-07-03
5765,David,Vang,michelle92@example.net,DE,2023-10-12
5766,Caleb,Miller,teresavincent@example.net,FR,2023-10-06
5767,Marcia,Daniel,ashleydelgado@example.org,NL,2024-06-02
5768,Patricia,Johnson,kcrane@example.org,FR,2023-09-21
5769,Christopher,Walsh,jameshanson@example.com,FR,2024-06-14
5770,Holly,Jackson,rwest@example.org,BE,2024-02-19
5771,Nathan,Pacheco,egray@example.org,ES,2023-11-20
5772,Cheryl,Miller,michaelbarnett@example.com,ES,2024-03-27
5773,Andrew,Thompson,coleklein@example.net,FR,2023-07-19
5774,Nicole,Martinez,hprince@example.org,FR,2023-03-07
5775,Patrick,Fox,brookehall@example.com,ES,2023-12-30
5776,Brian,Ponce,ncoleman@example.net,NL,2024-03-18
5777,Meghan,Gonzalez,zlopez@example.com,FR,2023-05-06
5778,Zoe,Williams,xhanson@example.org,NL,2024-10-10
5779,Amanda,Thomas,tiffanyflores@example.com,BE,2025-02-05
5780,Dana,Guerrero,cherylmiller@example.com,ES,2024-08-08
5781,Olivia,Howard,matthew90@example.com,FR,2023-03-31
5782,Tyler,Black,hansenisaiah@example.net,BE,2023-11-02
5783,Maria,Griffith,goodwinjennifer@example.com,DE,2025-05-07
5784,Kristina,Bell,trevor48@example.org,BE,2023-08-13
5785,Jamie,Anderson,drichards@example.net,BE,2024-09-26
5786,Michelle,Ochoa,smithshawn@example.org,FR,2025-01-04
5787,David,Kemp,cbauer@example.net,ES,2024-01-09
5788,Charles,Valdez,edwardsmichael@example.com,DE,2023-05-29
5789,Eric,Lee,ronaldchoi@example.com,BE,2025-07-17
5790,Charles,Perez,susandaniels@example.net,ES,2023-11-04
5791,Jasmine,Lowe,stevenberg@example.net,NL,2025-11-06
5792,Jenna,Green,jdaniel@example.net,ES,2025-07-25
5793,Jacqueline,Jenkins,chelsea67@example.com,ES,2023-05-14
5794,Joel,Knapp,vschneider@example.net,NL,2023-10-16
5795,Trevor,Wagner,christopher86@example.com,NL,2024-01-01
5796,Deborah,Phillips,daniellenicholson@example.com,DE,2025-09-26
5797,Russell,Simpson,richard02@example.net,BE,2025-04-02
5798,Eric,Allen,ianstevens@example.org,NL,2025-10-01
5799,Jennifer,Terrell,rodriguezdylan@example.com,DE,2025-10-24
5800,Thomas,Parker,howardrick@example.net,BE,2025-09-28
5801,Dustin,Gentry,abigailsmith@example.net,DE,2024-07-18
5802,Angela,Perry,adamphillips@example.com,NL,2023-08-23
5803,Curtis,Carlson,barbara12@example.com,DE,2023-05-10
5804,Rhonda,Williams,riggsdaniel@example.org,ES,2026-01-05
5805,Jasmine,Byrd,sharon33@example.net,NL,2025-07-02
5806,Katelyn,Garcia,karenevans@example.com,BE,2024-12-04
5807,Felicia,Gibson,stanleybrandon@example.com,BE,2024-06-04
5808,Dennis,Pugh,jordanmelinda@example.net,NL,2025-08-01
5809,Janet,Larson,olucero@example.com,BE,2025-12-30
5810,Daniel,Cox,justin76@example.net,ES,2023-06-14
5811,Alexis,West,sharibaker@example.com,DE,2023-04-03
5812,Alice,Walker,molly71@example.com,ES,2024-02-29
5813,Tracy,Hudson,sonyamiller@example.net,ES,2023-07-04
5814,Travis,Scott,dbenjamin@example.org,BE,2023-08-20
5815,Michelle,Miller,patrick18@example.org,DE,2023-03-18
5816,Emma,White,econner@example.com,FR,2023-02-15
5817,Ann,Clark,dolson@example.org,BE,2025-10-03
5818,Anthony,Webb,zjones@example.org,NL,2024-10-30
5819,Christine,Burgess,abarrera@example.net,DE,2025-08-12
5820,Stephanie,Ellis,matthew98@example.net,ES,2025-03-27
5821,Joy,Bennett,htaylor@example.com,BE,2024-07-30
5822,Erin,Carter,shirley44@example.com,NL,2024-08-31
5823,Steve,Ponce,villarobert@example.net,ES,2024-08-05
5824,John,Campbell,torrescynthia@example.com,ES,2023-09-15
5825,Sarah,Robinson,ashleygardner@example.org,DE,2025-08-24
5826,Tim,King,michaelwells@example.com,DE,2026-01-08
5827,Michael,Stephens,efields@example.net,BE,2025-07-24
5828,Jared,Sanchez,cherylthomas@example.org,DE,2025-07-23
5829,Matthew,Lee,jason76@example.org,DE,2024-04-02
5830,Connor,Jimenez,stephaniebrown@example.net,BE,2025-01-22
5831,Karen,Sanchez,rosalesnicholas@example.com,NL,2025-02-22
5832,James,Moore,crobinson@example.net,ES,2025-07-24
5833,Victoria,Russo,rushfrederick@example.org,NL,2024-12-27
5834,John,Mckinney,monicamorrow@example.org,FR,2024-05-23
5835,Raymond,Robinson,dlloyd@example.org,ES,2023-03-15
5836,Blake,Price,matthewrussell@example.com,NL,2023-04-22
5837,Denise,Jimenez,thomasaaron@example.com,BE,2025-07-31
5838,Melissa,Callahan,lisa95@example.net,DE,2024-08-22
5839,Taylor,Young,gregorychristensen@example.com,NL,2025-05-13
5840,Joseph,Gordon,gabrielle81@example.org,BE,2023-02-21
5841,Linda,Miller,sharpmelissa@example.com,FR,2023-10-09
5842,William,Sandoval,jordanbrandon@example.com,ES,2023-09-29
5843,Christopher,White,moonsabrina@example.com,NL,2025-08-26
5844,David,Singleton,nicholssherry@example.org,BE,2023-05-28
5845,Jamie,Rodriguez,marie13@example.com,BE,2023-06-28
5846,John,Mason,calebpruitt@example.org,FR,2024-03-31
5847,Kimberly,Durham,cole68@example.com,DE,2024-01-13
5848,Erin,Cruz,joy63@example.com,ES,2023-03-17
5849,Gwendolyn,Robinson,stephanieramirez@example.com,DE,2023-11-05
5850,Sergio,Robinson,ericramos@example.org,ES,2024-07-08
5851,Darlene,Rodriguez,christophergay@example.com,ES,2024-01-26
5852,David,Brewer,timothy11@example.net,ES,2024-09-03
5853,Wanda,Mueller,kevin02@example.org,ES,2025-03-01
5854,Duane,Walker,faith11@example.net,NL,2025-08-06
5855,Carrie,Garcia,angela61@example.net,FR,2023-07-12
5856,Sarah,Williams,eric51@example.net,NL,2024-09-29
5857,Heather,Singleton,qavila@example.com,DE,2024-10-01
5858,Steven,Gay,phillipscarmen@example.net,DE,2025-06-24
5859,Patricia,House,stonemorgan@example.org,DE,2025-01-23
5860,Sabrina,Johnson,davidbecker@example.org,DE,2024-12-19
5861,Craig,Newton,maddenjoshua@example.org,NL,2025-06-10
5862,Gregory,Sandoval,srogers@example.net,FR,2023-03-12
5863,Barbara,Howell,tony40@example.org,BE,2025-06-08
5864,Christopher,Stevens,michaelpowell@example.net,NL,2024-04-24
5865,Jamie,Trujillo,ericwebb@example.net,ES,2024-08-18
5866,Robert,Matthews,megansantiago@example.org,BE,2023-07-11
5867,Mark,Mosley,rsanders@example.org,ES,2025-06-04
5868,Jessica,Brown,randywheeler@example.com,NL,2024-05-12
5869,Paul,Anderson,anthony74@example.net,BE,2024-08-01
5870,Shawn,Lewis,barrettrobert@example.org,BE,2025-05-22
5871,Desiree,Walter,laurennichols@example.net,NL,2024-06-28
5872,Valerie,Adams,michelle63@example.org,NL,2025-02-21
5873,Michele,Stokes,henrysmith@example.org,FR,2025-02-17
5874,Michael,Spencer,rjohnson@example.net,NL,2024-11-25
5875,Stacy,Barnes,brandon01@example.org,ES,2024-06-12
5876,Paul,Pruitt,gpotter@example.net,FR,2023-11-18
5877,Andrew,Smith,mckenzietracy@example.net,NL,2025-09-30
5878,Lori,Martinez,jacob38@example.net,FR,2023-11-01
5879,Jenny,Collier,jasonbryant@example.net,FR,2026-01-06
5880,Shelby,Smith,bruce39@example.org,ES,2025-07-18
5881,Allen,Casey,snorris@example.org,FR,2025-09-16
5882,Karen,James,benjamin94@example.net,FR,2024-02-21
5883,Kimberly,Ramirez,vharris@example.com,FR,2023-09-20
5884,Christine,Miller,fgomez@example.org,NL,2023-04-12
5885,Christopher,Dominguez,amanda55@example.net,BE,2025-07-18
5886,Abigail,Taylor,coffeyrobert@example.org,NL,2023-04-03
5887,Heather,Garcia,bradley84@example.com,BE,2024-11-23
5888,Jordan,Soto,ethan55@example.com,NL,2024-12-15
5889,Tina,Ryan,petersonrenee@example.net,BE,2025-03-06
5890,Paul,Hale,delgadogabriel@example.net,DE,2024-05-20
5891,Madison,Wong,gillespiepaige@example.org,BE,2024-04-16
5892,Christopher,Smith,feliciacannon@example.net,DE,2023-06-26
5893,Erik,Butler,daniel61@example.com,NL,2025-02-04
5894,Julie,Rodriguez,evansstephanie@example.com,DE,2023-05-27
5895,Hayley,Hansen,pcharles@example.com,ES,2023-08-31
5896,Julie,Graves,wendy74@example.org,FR,2025-10-14
5897,Ryan,Scott,turnerraymond@example.org,ES,2024-01-17
5898,Katie,Adkins,laurenbailey@example.net,FR,2023-11-05
5899,Tara,Pena,allenbobby@example.com,DE,2024-08-24
5900,Tyler,Pham,carrillokatie@example.com,NL,2024-01-06
5901,Karen,Powers,benjamin18@example.com,FR,2023-10-24
5902,Mitchell,Brooks,egonzalez@example.org,NL,2024-04-10
5903,Donna,Lewis,lambertcassandra@example.com,NL,2024-11-02
5904,James,Glenn,xcastillo@example.com,NL,2025-09-23
5905,Wendy,Sullivan,porterjoshua@example.org,ES,2023-06-14
5906,Ruben,Martinez,timothyruiz@example.com,ES,2024-02-19
5907,Alexandra,Edwards,watkinsconnor@example.com,ES,2024-01-15
5908,Samuel,Hanson,christopher73@example.net,NL,2024-12-29
5909,Daniel,Gregory,smurphy@example.org,ES,2024-01-09
5910,Grant,Elliott,michellemiller@example.com,NL,2023-06-25
5911,Carrie,Ware,foxsummer@example.org,NL,2024-05-27
5912,Michael,Maynard,fordsarah@example.com,DE,2025-05-25
5913,Randall,Chen,kelseyallen@example.org,ES,2023-05-19
5914,Lisa,Johnson,chelsearussell@example.net,FR,2024-02-11
5915,Michael,Ramsey,cnorton@example.org,NL,2024-08-30
5916,Caitlin,White,christopherallen@example.com,FR,2025-04-15
5917,Richard,Ferguson,williamsdanielle@example.com,DE,2025-03-22
5918,Carla,Mcpherson,smithdesiree@example.org,ES,2025-05-23
5919,Robert,Price,heather63@example.com,NL,2025-03-23
5920,Rhonda,Freeman,jeffery27@example.com,BE,2025-04-17
5921,Eric,Smith,wilsonnatalie@example.org,FR,2023-05-30
5922,Melissa,Gonzalez,amber40@example.org,BE,2025-02-14
5923,John,Myers,zpayne@example.com,BE,2024-10-05
5924,Raymond,Tyler,christina03@example.org,BE,2024-09-20
5925,Mary,Nunez,sarah95@example.org,NL,2024-10-12
5926,Julie,Barnes,lorijones@example.org,BE,2023-09-05
5927,Michael,Walls,davidsullivan@example.net,BE,2023-07-20
5928,Michael,Klein,leachjames@example.com,FR,2024-01-09
5929,Edward,Peterson,carol54@example.com,BE,2023-03-28
5930,Christina,Ellis,annettesmith@example.net,FR,2023-02-11
5931,Leslie,Brown,nicolecruz@example.net,BE,2025-11-30
5932,John,Cooper,lfranklin@example.org,NL,2023-12-04
5933,Jeffrey,Briggs,hillmichaela@example.com,ES,2024-03-24
5934,Tami,Campbell,samuellee@example.com,NL,2024-02-27
5935,David,Mills,ashlee93@example.org,DE,2023-10-12
5936,Justin,Perez,donald02@example.net,BE,2024-10-06
5937,Joshua,Prince,lauren49@example.net,DE,2023-04-22
5938,William,Hayes,smithchristina@example.org,ES,2023-05-01
5939,Edward,Williams,varroyo@example.net,NL,2025-12-16
5940,Sarah,Russell,timothypatterson@example.com,DE,2026-01-16
5941,Peter,Cox,joshualong@example.net,DE,2024-05-06
5942,Sierra,Zhang,rroach@example.net,NL,2025-09-30
5943,Vanessa,Bradley,thomasdaniel@example.com,BE,2025-09-18
5944,Pamela,Lewis,peterwilliams@example.net,NL,2023-03-29
5945,David,French,anthonyolson@example.org,ES,2025-12-18
5946,Nancy,Lucas,jason04@example.org,FR,2026-01-22
5947,Seth,Evans,xrogers@example.org,ES,2023-09-06
5948,April,Cohen,brianpena@example.org,ES,2024-05-07
5949,Alexander,Webb,matthew21@example.org,BE,2024-02-24
5950,Jay,Rojas,zespinoza@example.org,BE,2024-06-21
5951,Debra,Thomas,lshort@example.net,NL,2025-08-29
5952,William,Parker,iantaylor@example.com,FR,2024-07-25
5953,Jonathan,Thomas,cannoncristina@example.com,BE,2025-01-15
5954,Kelsey,Williams,lhernandez@example.com,NL,2024-06-02
5955,Fred,Tran,reedashley@example.net,ES,2025-11-10
5956,Kyle,Lee,nathanphelps@example.net,BE,2024-03-29
5957,Lisa,Luna,jessica77@example.net,FR,2024-04-13
5958,Tracy,Moore,monicamccormick@example.com,DE,2023-09-11
5959,Angela,Dean,xstone@example.net,BE,2023-07-06
5960,Scott,Simpson,tmartinez@example.org,ES,2024-12-20
5961,Joseph,Johns,desiree50@example.org,DE,2024-12-03
5962,Maxwell,Keller,samanthafoster@example.com,ES,2024-01-20
5963,Gail,Smith,xwalter@example.com,FR,2025-10-14
5964,Robin,Jimenez,vmiller@example.net,NL,2023-05-31
5965,Jose,Roy,proctorevan@example.net,FR,2025-11-05
5966,Lee,Hampton,charles87@example.com,NL,2023-03-14
5967,Philip,Hall,lisa77@example.org,DE,2023-05-21
5968,Dylan,Murphy,gregory95@example.net,FR,2024-11-08
5969,Patricia,Wright,kburnett@example.net,NL,2025-04-06
5970,Kyle,Dougherty,johnsonpaul@example.com,BE,2024-04-07
5971,Joel,Bennett,james15@example.org,ES,2023-04-11
5972,Stephanie,White,zdavis@example.com,FR,2024-06-27
5973,Jennifer,Walker,baldwinmichelle@example.com,FR,2025-05-15
5974,Heather,Saunders,prestonsmith@example.com,NL,2024-05-23
5975,Cheryl,Aguilar,ohayden@example.org,BE,2024-05-27
5976,Kimberly,Berger,lesliebaldwin@example.org,FR,2026-01-18
5977,Cassandra,Johnson,esmith@example.org,DE,2023-12-31
5978,Cathy,Graham,louis27@example.net,ES,2023-08-18
5979,Mary,Mullen,dannyklein@example.net,NL,2023-03-22
5980,Troy,Schmidt,steven32@example.com,NL,2024-01-02
5981,Sheri,Anderson,mclaughlinjohn@example.org,DE,2024-01-26
5982,Matthew,Smith,aford@example.org,FR,2023-02-08
5983,Melissa,Acosta,eparrish@example.com,ES,2023-09-02
5984,Rachel,Bryant,reynoldsjulia@example.org,BE,2026-01-21
5985,Craig,Harrison,kimberly18@example.com,NL,2023-08-24
5986,Natasha,Lewis,sydneycaldwell@example.org,DE,2023-02-26
5987,David,Martinez,malikgill@example.net,DE,2023-08-15
5988,Brandon,Jackson,matthewrodriguez@example.net,DE,2023-06-22
5989,Katherine,Hurst,scottlewis@example.com,FR,2024-09-26
5990,Tonya,Larson,myerspaul@example.net,BE,2024-02-23
5991,Justin,Flores,zcarlson@example.net,NL,2023-12-13
5992,David,Roman,michael57@example.com,DE,2024-09-22
5993,Veronica,Brown,fburch@example.com,ES,2025-08-29
5994,Joy,Ortiz,lisa83@example.net,NL,2025-09-16
5995,Autumn,Soto,ycook@example.net,BE,2023-10-24
5996,Deborah,Knox,hayesmonica@example.net,FR,2024-12-06
5997,Shelley,Case,umills@example.org,BE,2025-05-18
5998,Stephen,Simpson,beverlypayne@example.org,BE,2024-05-05
5999,James,Rose,emily99@example.org,BE,2023-05-29
6000,Andres,Wilson,websterlauren@example.net,BE,2025-01-08
6001,David,Berry,williampaul@example.org,NL,2024-02-09
6002,Jonathan,Brewer,rlewis@example.net,FR,2023-06-03
6003,Roberto,Sanchez,uibarra@example.org,DE,2024-01-08
6004,Brittany,Davis,darren75@example.net,ES,2025-05-16
6005,Chelsea,Martinez,evansjose@example.com,DE,2025-10-29
6006,Crystal,White,johnnichols@example.com,BE,2025-11-10
6007,Kathleen,Miller,wallaceelizabeth@example.com,NL,2024-05-24
6008,Luis,Le,biancaeverett@example.net,BE,2025-01-20
6009,Hayley,Smith,jjimenez@example.com,FR,2024-05-19
6010,Edward,Martin,ryansmith@example.org,BE,2024-12-13
6011,Maria,Pham,megan52@example.com,DE,2024-02-07
6012,Holly,Montoya,coreyallen@example.net,BE,2024-12-20
6013,Justin,Banks,daniellemartin@example.org,FR,2023-12-09
6014,Jonathan,Mitchell,andersonchristopher@example.org,DE,2025-06-05
6015,Susan,Romero,james93@example.com,BE,2025-06-01
6016,Jason,Miller,tsampson@example.net,BE,2024-07-14
6017,Jesse,Brown,danielsmadeline@example.com,NL,2025-12-23
6018,Andrea,Hill,larsontanya@example.com,NL,2023-07-13
6019,Shelley,Burgess,gward@example.com,NL,2024-05-20
6020,Olivia,Clark,dylanstokes@example.net,NL,2025-09-25
6021,Jennifer,Rollins,nicole09@example.com,BE,2025-12-24
6022,Holly,Hawkins,woodmark@example.net,FR,2024-01-17
6023,Elizabeth,Cervantes,carolyn41@example.com,DE,2023-02-27
6024,Valerie,Moreno,derrickjacobson@example.org,ES,2025-04-07
6025,Christian,Gray,maryphillips@example.com,BE,2024-02-22
6026,Courtney,Becker,ycollier@example.org,DE,2024-10-18
6027,Scott,Robertson,jonathan09@example.com,ES,2025-06-24
6028,Robert,Martin,donna02@example.org,ES,2023-02-26
6029,Nancy,Nixon,joseph42@example.net,BE,2024-03-20
6030,Andrew,Gonzalez,hmartinez@example.net,NL,2024-06-02
6031,Donna,Ibarra,cindywalton@example.com,NL,2025-05-18
6032,Richard,Haas,reillywilliam@example.org,DE,2025-10-11
6033,Ian,Navarro,arellanodavid@example.org,FR,2024-11-25
6034,Matthew,Miller,cgibbs@example.net,FR,2025-09-20
6035,John,Ingram,mgibson@example.org,NL,2024-12-05
6036,Christopher,Morgan,austinkimberly@example.org,NL,2025-05-22
6037,Steven,Brewer,vnicholson@example.org,DE,2025-04-20
6038,Brandy,Hardy,pageheather@example.net,NL,2024-03-21
6039,Jennifer,Wood,cherylbrown@example.net,NL,2023-05-29
6040,Pamela,Montoya,gblake@example.net,BE,2024-09-04
6041,Jacqueline,Hodges,velasqueznicholas@example.org,FR,2025-04-07
6042,Jim,Campbell,taylorbrown@example.net,ES,2023-06-21
6043,Cassandra,Perez,lynn75@example.org,BE,2024-08-07
6044,Maria,Holloway,hoffmanelizabeth@example.org,FR,2024-09-25
6045,Mark,Soto,andre93@example.org,DE,2025-03-16
6046,Lisa,Wright,joel84@example.com,FR,2024-06-30
6047,Hannah,Williams,kingmitchell@example.com,BE,2023-11-01
6048,John,Aguirre,lisa37@example.com,NL,2024-02-01
6049,Amber,Wilson,lcollins@example.org,BE,2023-03-09
6050,Christina,Wyatt,jennajacobs@example.net,NL,2023-06-23
6051,Daniel,Nicholson,allisonperez@example.org,BE,2023-03-28
6052,Jaclyn,Harris,jason09@example.com,ES,2025-12-16
6053,Misty,Munoz,christinahorne@example.net,NL,2023-08-07
6054,Martin,Lindsey,jill55@example.com,BE,2024-12-05
6055,Sherri,Williams,whiteshannon@example.org,ES,2023-03-28
6056,Christopher,Wagner,josephlopez@example.net,BE,2025-09-13
6057,Leon,Wang,rogersjennifer@example.net,ES,2023-08-08
6058,Gregory,Gardner,angela05@example.net,NL,2023-02-13
6059,Susan,Wilson,katrina74@example.org,NL,2024-12-06
6060,Amber,Fernandez,vkaiser@example.com,ES,2025-03-27
6061,Cassandra,Allen,hilljohn@example.org,FR,2023-10-03
6062,Victoria,Vargas,mayergregory@example.com,NL,2025-09-16
6063,Tracy,Armstrong,patriciabuchanan@example.com,FR,2025-06-19
6064,Gina,Pratt,qbaker@example.com,ES,2024-09-09
6065,Peggy,Carson,pmunoz@example.net,DE,2023-02-07
6066,Robert,Hahn,ana24@example.com,BE,2024-11-12
6067,Ryan,Richards,thomasrita@example.net,ES,2023-11-27
6068,Jessica,Pham,mary28@example.net,DE,2025-09-14
6069,Stacey,Ryan,edwin86@example.com,DE,2025-02-05
6070,Alexis,Benson,piercejudy@example.com,FR,2025-01-02
6071,Heather,Nielsen,chaserivera@example.org,NL,2026-01-01
6072,Michele,Wright,genebarr@example.net,NL,2023-06-09
6073,Frank,Morrison,jonhawkins@example.org,FR,2024-05-17
6074,Penny,Davis,rachelbrady@example.net,DE,2025-09-27
6075,Laurie,Hampton,lbell@example.net,DE,2026-01-23
6076,Kevin,Williams,colenicole@example.com,FR,2024-02-17
6077,Danielle,Jenkins,tamaramurray@example.org,NL,2024-08-27
6078,Ralph,Herring,kruegersara@example.com,BE,2023-12-11
6079,Sarah,Velasquez,beckybell@example.net,DE,2024-10-19
6080,Andrea,Long,tatkinson@example.net,DE,2023-12-14
6081,Rachel,Garcia,wjackson@example.org,NL,2024-03-09
6082,Rebecca,Young,cody93@example.org,FR,2025-02-18
6083,Jason,Burns,michaelspencer@example.net,BE,2023-08-26
6084,Angel,Richardson,howellhunter@example.net,FR,2023-10-08
6085,Mary,Price,clarkmelanie@example.com,BE,2024-01-06
6086,Alexandra,Perez,cathystone@example.net,DE,2024-11-28
6087,Paul,Hernandez,richard08@example.org,FR,2024-12-03
6088,Amanda,Campbell,lindamartin@example.com,NL,2025-12-14
6089,Whitney,Lopez,murraystephen@example.net,FR,2024-04-21
6090,Ashley,Scott,nhill@example.org,FR,2025-01-31
6091,Phillip,Gilbert,gonzalezmelanie@example.com,NL,2023-09-09
6092,Christine,Miller,wrightlisa@example.net,NL,2024-09-03
6093,Thomas,Green,williamsjessica@example.net,BE,2024-02-24
6094,Jessica,Bird,murphykelly@example.org,BE,2023-12-31
6095,Craig,Forbes,jon72@example.com,ES,2024-02-04
6096,Pamela,Malone,ralexander@example.net,NL,2025-01-19
6097,Chase,Newman,qhanson@example.net,NL,2024-02-17
6098,Rachel,Mcgrath,frankcoleman@example.org,FR,2024-11-28
6099,Troy,Khan,victor39@example.net,DE,2024-05-25
6100,Trevor,Reed,ryan42@example.org,ES,2023-10-09
6101,Jacqueline,Torres,rwaters@example.net,ES,2024-02-14
6102,Ronnie,Lutz,jacquelineray@example.net,NL,2024-07-18
6103,Kelly,Reed,wrighttonya@example.com,DE,2023-04-29
6104,John,Dickerson,john47@example.com,ES,2024-02-04
6105,Linda,Diaz,lauren25@example.org,NL,2024-03-14
6106,Cheryl,Rubio,ccampos@example.com,NL,2023-11-15
6107,Sheena,Guerrero,rcase@example.org,DE,2023-09-18
6108,Allison,Boyle,brittanyyoder@example.net,BE,2025-03-09
6109,Amanda,Douglas,donaldgonzalez@example.net,DE,2023-08-28
6110,Kenneth,Leonard,rogersscott@example.com,ES,2023-06-10
6111,Jennifer,Cole,robersonsarah@example.com,DE,2024-05-26
6112,Andrew,Barnett,renee19@example.org,NL,2025-05-20
6113,Melissa,Smith,stewartjessica@example.com,NL,2025-10-11
6114,Jack,Hernandez,nnelson@example.com,DE,2023-06-04
6115,Clinton,Harper,angela29@example.net,FR,2023-11-30
6116,Ashley,Duran,sarawilkins@example.net,DE,2024-04-30
6117,Aaron,Calderon,jacqueline79@example.net,DE,2024-03-08
6118,Jeffrey,Esparza,tristan43@example.org,BE,2025-09-13
6119,Gabriel,Jones,paulafoster@example.org,ES,2023-12-16
6120,Joshua,Pham,oliviamays@example.org,FR,2024-04-20
6121,Jessica,Kennedy,ijefferson@example.org,BE,2025-11-19
6122,William,Young,barry40@example.com,ES,2023-04-04
6123,Franklin,Carey,taylorsylvia@example.org,BE,2025-01-14
6124,Samantha,Mcdonald,wattsbrianna@example.net,NL,2024-02-28
6125,Jillian,Jones,mbryant@example.org,BE,2024-11-06
6126,James,Velasquez,hillkimberly@example.net,BE,2023-05-20
6127,Susan,Robbins,tgray@example.net,BE,2025-11-18
6128,Melissa,Moreno,williamcortez@example.org,ES,2024-03-24
6129,Kimberly,Kramer,wreyes@example.net,FR,2023-09-19
6130,Victoria,Coleman,marie31@example.com,ES,2024-01-02
6131,Adriana,George,justin07@example.com,FR,2023-02-19
6132,Scott,Johnson,batesgeorge@example.org,FR,2024-10-25
6133,Michelle,Thompson,wilcoxjoshua@example.org,BE,2024-09-05
6134,Michael,Arnold,lopezhelen@example.net,NL,2023-12-28
6135,John,Williamson,umayo@example.net,FR,2025-06-26
6136,Whitney,Anderson,raygraves@example.net,ES,2024-11-19
6137,Steven,Owens,travishamilton@example.com,NL,2025-05-13
6138,Julie,Hicks,michaelchen@example.org,DE,2025-02-22
6139,Travis,Maxwell,jblackburn@example.net,ES,2023-02-21
6140,Sarah,Brown,smithgloria@example.org,FR,2025-01-26
6141,Tamara,Ochoa,reneewhite@example.org,ES,2023-03-15
6142,Glen,Parker,christensendonald@example.org,BE,2024-06-22
6143,Melanie,Singh,scott49@example.org,BE,2023-07-03
6144,Pamela,Burns,patricksimpson@example.net,DE,2025-10-30
6145,Michael,Garcia,harrellsabrina@example.com,ES,2023-04-25
6146,Paula,Mccormick,gonzalezkathryn@example.com,FR,2024-03-10
6147,Michael,Carpenter,montgomeryzachary@example.net,NL,2024-09-21
6148,Randy,Flores,veronica70@example.com,NL,2025-10-04
6149,David,Montgomery,eric32@example.net,NL,2024-07-19
6150,Timothy,Moyer,conleyangela@example.org,FR,2023-10-25
6151,Cindy,Johnson,bridget88@example.com,NL,2024-11-05
6152,Christopher,Mccullough,oconnorcrystal@example.org,BE,2023-06-15
6153,Shannon,Green,darrell07@example.net,BE,2024-06-01
6154,John,Kelley,jenniferclark@example.net,BE,2024-06-26
6155,Taylor,Rivers,brian16@example.com,FR,2024-02-08
6156,Elizabeth,Vang,robert30@example.net,ES,2025-11-17
6157,Stephanie,Ferguson,briggsgrace@example.org,NL,2023-12-14
6158,Joshua,Rogers,gaguirre@example.org,BE,2023-11-23
6159,Michael,Smith,tasha50@example.org,FR,2025-09-29
6160,Kelly,Short,sullivanrachel@example.org,NL,2025-06-24
6161,Nancy,Mcknight,goodmankristen@example.org,BE,2025-11-30
6162,Beverly,Wheeler,thompsonmary@example.org,ES,2024-12-12
6163,Miguel,Miller,smithchad@example.net,NL,2024-05-31
6164,Sherry,Johnson,sullivanelizabeth@example.com,DE,2025-02-14
6165,Jennifer,Clark,raylaura@example.net,BE,2024-03-03
6166,Mary,Mahoney,kwelch@example.org,DE,2023-10-08
6167,Patrick,Hernandez,veronica77@example.com,FR,2023-03-16
6168,Stephanie,Rojas,emily92@example.org,NL,2023-03-21
6169,Adam,Ortiz,jennifersawyer@example.com,BE,2025-04-11
6170,Andrew,Rivera,pamela29@example.net,DE,2023-05-23
6171,Crystal,Hayes,zsullivan@example.com,FR,2025-08-24
6172,Jason,Hancock,steven34@example.org,BE,2025-09-29
6173,Luis,Reese,munozcharles@example.org,NL,2025-10-22
6174,Chad,Orr,emilyherrera@example.com,FR,2023-11-28
6175,Steven,Montgomery,ialvarez@example.com,FR,2023-04-25
6176,Alvin,Jones,zgriffin@example.com,BE,2024-12-17
6177,Tracy,Smith,jessicacarlson@example.com,DE,2023-11-23
6178,Mark,White,danielsedgar@example.org,DE,2023-09-19
6179,Jesus,Park,rhondasimmons@example.net,NL,2024-12-10
6180,Renee,Martin,tonymartin@example.net,FR,2024-10-15
6181,Susan,Patrick,jason05@example.com,ES,2023-07-10
6182,David,Freeman,veronica25@example.com,FR,2025-08-04
6183,Anthony,Ayala,brian15@example.net,ES,2024-02-09
6184,Elizabeth,Richards,codydurham@example.net,NL,2024-10-10
6185,Joel,Young,micheleallen@example.org,NL,2023-06-10
6186,Darren,Knight,whitneymarquez@example.com,FR,2025-10-04
6187,Tami,Mcclure,martinezroberta@example.net,NL,2026-01-17
6188,Michael,Wise,crawfordronald@example.org,NL,2023-12-22
6189,Lee,Porter,jessica78@example.net,FR,2024-02-25
6190,Lucas,Clark,spencertammy@example.org,BE,2023-12-15
6191,Casey,Strickland,kiarasingh@example.org,ES,2023-09-26
6192,Daniel,Yang,angelajordan@example.net,NL,2023-04-12
6193,Jordan,Wheeler,francisco59@example.net,DE,2025-06-14
6194,Maria,Mcdonald,gyoung@example.org,DE,2024-11-19
6195,Stephanie,Tucker,andrewbaxter@example.net,BE,2023-09-26
6196,Natasha,Coleman,jarias@example.org,NL,2023-03-07
6197,Samuel,Gonzales,jgarcia@example.net,FR,2024-09-07
6198,John,Robinson,alexandria74@example.com,DE,2025-11-21
6199,Vanessa,Terry,carriesantiago@example.org,DE,2025-06-24
6200,Linda,Ochoa,stevenfrancis@example.com,FR,2024-02-15
6201,Joshua,Myers,catherineholloway@example.com,ES,2023-03-26
6202,Eric,Thomas,michaelroman@example.org,DE,2025-04-20
6203,Alicia,Thompson,lesliegomez@example.net,BE,2025-10-30
6204,Cody,Martinez,jhenderson@example.com,FR,2024-04-18
6205,Jennifer,Allen,benjaminrodriguez@example.net,FR,2025-10-23
6206,Joshua,Burnett,tina23@example.org,NL,2024-05-20
6207,Megan,Carroll,qanderson@example.net,NL,2025-07-08
6208,Danielle,Thomas,courtneyanderson@example.org,FR,2024-03-24
6209,Kevin,Carr,bakerheather@example.com,DE,2026-01-27
6210,Rachel,Byrd,debrawilliams@example.com,NL,2024-03-28
6211,Anita,Jones,benjaminhernandez@example.org,FR,2025-01-17
6212,Natasha,Adams,sarah48@example.net,DE,2023-10-19
6213,Paul,Robles,brian19@example.org,NL,2024-12-27
6214,Amanda,Floyd,dixonjoshua@example.net,ES,2024-06-30
6215,Walter,Jones,allen28@example.net,ES,2023-06-05
6216,Don,Warren,bradleyfields@example.net,ES,2024-01-27
6217,Kelly,Lin,jacob66@example.net,ES,2024-05-01
6218,Jeffrey,Johnson,duncanjacob@example.org,NL,2024-02-23
6219,Thomas,Gomez,robbinsjonathan@example.com,DE,2025-03-06
6220,Jerry,Martin,joshualucas@example.org,ES,2023-03-10
6221,Michael,Adams,hutchinsonstephen@example.com,BE,2023-08-01
6222,Betty,Jones,ugregory@example.net,DE,2023-06-24
6223,Jennifer,Michael,dbauer@example.com,NL,2024-06-27
6224,Mitchell,Miller,thomasstephanie@example.net,NL,2025-08-02
6225,Nicholas,Garcia,colemanalicia@example.com,ES,2024-04-01
6226,Kelsey,Perez,xhutchinson@example.net,DE,2025-08-05
6227,Paul,Edwards,jeffreymontgomery@example.net,ES,2023-03-29
6228,Michael,Vasquez,emmaflores@example.org,NL,2024-11-19
6229,Gina,Reyes,berickson@example.org,NL,2024-09-26
6230,Cassandra,Myers,tlane@example.com,ES,2023-11-21
6231,Jessica,Green,kevinlee@example.org,DE,2024-01-19
6232,Jerry,Young,shelbyhinton@example.org,NL,2023-05-25
6233,Brandon,Steele,dianawilliams@example.net,NL,2023-10-07
6234,Robert,Williams,stephanie92@example.org,DE,2023-04-21
6235,Andrew,Smith,nicole87@example.org,BE,2026-01-25
6236,Joshua,Sawyer,vruiz@example.org,ES,2023-09-19
6237,Amy,Benjamin,shirley62@example.net,BE,2024-10-28
6238,Eric,Nelson,rhester@example.org,FR,2025-03-28
6239,Marcus,Norris,troberts@example.net,NL,2023-12-24
6240,Joseph,Thomas,randall33@example.com,NL,2025-08-24
6241,Renee,Charles,laurendaniels@example.org,BE,2025-10-28
6242,James,Torres,gbishop@example.org,ES,2023-07-28
6243,Antonio,Gray,aevans@example.org,NL,2023-02-14
6244,Tyler,Hester,anthonyhughes@example.net,DE,2025-01-04
6245,Todd,Anderson,scottmark@example.org,DE,2025-05-21
6246,Courtney,Anderson,dillonmichelle@example.org,BE,2025-03-25
6247,Alyssa,Espinoza,jameslucas@example.com,NL,2025-11-08
6248,Megan,Williams,desireefoster@example.com,FR,2023-12-11
6249,Raymond,James,gilbert02@example.com,DE,2025-11-24
6250,Erica,Gardner,ocochran@example.org,NL,2023-08-12
6251,James,Lopez,litammy@example.org,FR,2024-03-18
6252,Bryan,Thompson,sparksdonald@example.net,BE,2024-03-08
6253,Harold,Lopez,uelliott@example.org,DE,2023-06-11
6254,Kimberly,Rodriguez,kgoodman@example.org,NL,2023-06-20
6255,Kathryn,Williamson,nguyenaaron@example.com,ES,2024-02-07
6256,Kevin,King,brian48@example.com,DE,2025-08-06
6257,Sharon,Carlson,ryan23@example.com,ES,2024-04-14
6258,Jared,Stanley,tuckerjody@example.org,ES,2025-05-26
6259,Christopher,Evans,eflores@example.com,DE,2023-09-25
6260,Marc,Serrano,jasonwoodward@example.com,ES,2024-12-19
6261,Johnathan,Smith,bensonjonathon@example.org,DE,2024-11-22
6262,William,Archer,khatfield@example.net,BE,2023-06-23
6263,Jason,Mendoza,davidwright@example.net,NL,2024-09-01
6264,John,Powers,jwilliams@example.org,DE,2025-03-28
6265,Kimberly,Lynn,yrusso@example.net,ES,2025-06-09
6266,John,Roberts,pmoreno@example.com,DE,2023-09-24
6267,Matthew,Walsh,emilystafford@example.net,BE,2023-06-10
6268,Lawrence,Vasquez,georgedana@example.org,DE,2024-11-21
6269,Brandy,Miller,bradley95@example.org,FR,2024-06-25
6270,Blake,Garcia,morganhelen@example.net,BE,2024-04-11
6271,Jessica,Carroll,upalmer@example.org,BE,2024-06-04
6272,Kristen,Johnson,abenson@example.com,ES,2024-05-23
6273,James,Brown,diane98@example.com,DE,2023-09-05
6274,Mary,Meyer,desiree89@example.com,BE,2025-07-29
6275,Micheal,Good,duncantimothy@example.org,DE,2025-06-17
6276,Andres,Flores,melindastewart@example.com,NL,2023-06-28
6277,Jacqueline,Lindsey,wbernard@example.net,FR,2025-02-25
6278,Cynthia,Moore,parknicholas@example.net,FR,2023-03-21
6279,Aaron,Perez,qclark@example.net,FR,2025-07-29
6280,Katherine,Parrish,kathleenkelly@example.org,FR,2024-03-09
6281,Tammy,Moore,shawnyu@example.net,BE,2025-01-20
6282,Christy,Diaz,natalieduncan@example.org,ES,2023-05-04
6283,Andrew,Gonzalez,nancy22@example.com,ES,2024-02-20
6284,Andrea,Benton,wrightshawn@example.com,ES,2023-12-27
6285,Lisa,Huff,hyoung@example.net,BE,2025-10-01
6286,Kevin,Carr,racheljohnson@example.net,BE,2025-08-30
6287,Sarah,Rivera,taylorknapp@example.org,ES,2023-03-10
6288,Aaron,Thompson,james73@example.com,ES,2023-10-23
6289,Rick,Perkins,phamjoseph@example.net,DE,2025-11-24
6290,Adam,Gates,qmason@example.net,DE,2023-03-10
6291,Lisa,Green,stephaniewashington@example.net,BE,2024-08-06
6292,Keith,Mitchell,matthewwest@example.com,FR,2025-03-16
6293,James,Wilson,brittanyanderson@example.com,FR,2024-06-27
6294,Mary,Gutierrez,kevin11@example.com,NL,2025-06-22
6295,Tanner,Chapman,zbaker@example.com,NL,2024-08-12
6296,Jacob,Sanders,shelley78@example.com,ES,2025-02-20
6297,Adam,Jackson,jennifer68@example.org,NL,2024-04-10
6298,Kyle,Robbins,pzuniga@example.net,ES,2023-12-29
6299,Tammy,Cobb,dennis49@example.net,BE,2024-12-05
6300,Deborah,Bentley,villamatthew@example.org,DE,2025-07-26
6301,Alex,Castro,mullenchristine@example.org,NL,2023-10-30
6302,George,Harding,zcarey@example.com,ES,2023-07-05
6303,John,Byrd,ylewis@example.com,ES,2025-05-31
6304,Brian,Craig,davidrivera@example.org,NL,2025-07-17
6305,Eddie,Moore,hughesshawn@example.net,FR,2025-04-07
6306,Lisa,Chapman,tperez@example.net,DE,2024-08-25
6307,Carla,Walker,smccann@example.org,DE,2024-09-19
6308,Juan,Torres,sjones@example.net,DE,2023-03-26
6309,Jacob,Black,sfrost@example.com,NL,2023-04-05
6310,Jason,Harvey,fday@example.org,DE,2024-09-14
6311,Alexander,Cohen,pattersonmichelle@example.net,ES,2023-09-26
6312,Randy,Finley,huertamegan@example.org,DE,2024-09-04
6313,Daniel,Morales,adrian66@example.com,DE,2023-12-15
6314,Kathleen,Vincent,marissa60@example.com,NL,2023-11-15
6315,Miranda,Scott,julie31@example.org,ES,2023-06-19
6316,David,Cobb,hcohen@example.net,NL,2023-12-27
6317,Nichole,Drake,tylergrimes@example.com,DE,2024-10-25
6318,Michael,Winters,kylie81@example.com,BE,2024-06-27
6319,Dorothy,White,gperkins@example.org,ES,2024-10-24
6320,Jennifer,Valenzuela,monicajones@example.com,FR,2024-07-28
6321,Brian,King,bryan49@example.net,FR,2024-07-20
6322,Cory,Rivera,willisfernando@example.com,FR,2024-01-13
6323,Melanie,Parks,ssutton@example.net,BE,2023-11-03
6324,Robert,Bailey,kathryn35@example.org,FR,2025-05-09
6325,Julie,Carpenter,johndaniels@example.com,DE,2023-05-05
6326,Melissa,Ward,connersteven@example.com,BE,2025-02-17
6327,Alyssa,Martin,nelsonbrenda@example.org,ES,2023-09-25
6328,Michael,Brock,hamiltonshawn@example.net,ES,2024-08-29
6329,Daniel,Brown,bjackson@example.com,BE,2025-02-11
6330,Kristin,Higgins,dpatterson@example.org,FR,2024-12-02
6331,Cameron,Harrison,stacy19@example.com,DE,2025-07-16
6332,Cory,Keller,robert62@example.com,DE,2024-02-03
6333,Michael,Lowe,gilbertcatherine@example.com,BE,2025-09-29
6334,Alice,Phillips,nbennett@example.org,ES,2023-05-15
6335,Heather,Powell,smithhaley@example.org,BE,2024-12-05
6336,Belinda,Chavez,xbenton@example.com,DE,2024-03-05
6337,Gregory,Marquez,tinaavila@example.net,ES,2024-10-12
6338,Emily,Shepard,sarahkidd@example.org,BE,2025-12-22
6339,Daniel,Alvarez,jesusmoore@example.com,BE,2025-07-15
6340,Dawn,Reed,thomas68@example.net,FR,2023-04-21
6341,Brian,Morrison,olong@example.net,DE,2024-02-18
6342,Christina,Clark,susan47@example.net,NL,2025-10-20
6343,Paul,Porter,leenancy@example.com,ES,2025-06-20
6344,Timothy,Johnson,colemanjohn@example.org,ES,2023-10-28
6345,Linda,Graham,perrycollins@example.org,ES,2025-04-25
6346,Karen,Fleming,denise34@example.net,DE,2025-01-04
6347,David,Hess,kelly33@example.com,BE,2024-08-21
6348,Natalie,Garcia,cbarber@example.net,ES,2025-03-25
6349,Roger,Wright,richardharrington@example.net,ES,2023-05-10
6350,Erica,Scott,scottpayne@example.net,ES,2024-10-01
6351,Patrick,Phillips,sarah56@example.com,DE,2025-11-09
6352,Rodney,Choi,huynhjeanne@example.org,ES,2024-11-13
6353,Brooke,Moss,michelespencer@example.com,DE,2025-10-17
6354,Luis,Beasley,xboone@example.com,NL,2025-02-21
6355,Andrew,Jones,kellyking@example.net,DE,2024-06-18
6356,Danielle,Liu,craig70@example.org,DE,2024-07-07
6357,Walter,Kennedy,barbararobinson@example.com,BE,2025-07-13
6358,Shelby,Anderson,nrussell@example.net,DE,2025-10-09
6359,Anthony,Lyons,ronald38@example.org,ES,2025-04-01
6360,Duane,Walsh,obyrd@example.com,NL,2024-07-31
6361,Kathleen,Baker,rhonda86@example.com,FR,2025-01-19
6362,Henry,Baldwin,jaclyn92@example.com,ES,2026-01-14
6363,Austin,Moore,loganjessica@example.net,DE,2023-11-26
6364,Curtis,Allison,ewise@example.org,FR,2024-09-01
6365,Robert,Jones,gclark@example.net,FR,2025-08-22
6366,Adam,Brown,elizabeth36@example.org,FR,2024-08-12
6367,Elizabeth,Hall,silvaphillip@example.com,DE,2025-11-17
6368,Donna,Young,wilsonnicholas@example.net,FR,2025-02-09
6369,Amanda,Barnett,josemorgan@example.net,BE,2025-11-25
6370,Megan,Chapman,janetlong@example.net,DE,2025-05-19
6371,Paula,Lam,bmurphy@example.org,DE,2024-06-23
6372,Judith,Allen,obradley@example.org,FR,2023-04-06
6373,Brandon,Hensley,smithjames@example.org,ES,2025-11-25
6374,Chad,Ross,james07@example.com,ES,2025-06-03
6375,Rachel,Hayes,lanedavid@example.org,DE,2026-01-11
6376,Kristine,Coleman,georgedavid@example.net,FR,2023-05-03
6377,Anna,Anderson,christophermiller@example.com,BE,2023-06-25
6378,Deborah,Kemp,jlee@example.org,DE,2024-08-22
6379,William,Fox,leedenise@example.com,BE,2024-10-09
6380,Kelsey,Richmond,dawnrhodes@example.org,DE,2025-06-27
6381,Richard,Lewis,zmerritt@example.org,BE,2024-04-12
6382,Albert,Herman,aaronavila@example.com,BE,2023-03-12
6383,Stephen,Wells,jessicakennedy@example.net,FR,2024-06-25
6384,Nancy,Williams,clarkeelizabeth@example.com,FR,2024-11-05
6385,Richard,Dominguez,heidi44@example.org,ES,2024-03-28
6386,Jessica,Johnson,chavezdanielle@example.org,NL,2025-03-09
6387,Kelli,Bird,rebeccafowler@example.net,DE,2025-04-30
6388,Colton,Evans,josephwilson@example.net,NL,2024-09-21
6389,Nicholas,Davenport,williamsjulia@example.org,NL,2024-10-29
6390,Michelle,Martin,randallcollins@example.org,FR,2025-06-01
6391,Jack,Rogers,kevin20@example.org,FR,2025-01-07
6392,Timothy,Atkinson,candacecruz@example.com,ES,2023-02-08
6393,Ronald,Johnson,angelasherman@example.com,NL,2025-02-27
6394,Isaac,Perez,dale84@example.com,NL,2025-06-01
6395,Karen,Ward,petertaylor@example.net,BE,2023-12-03
6396,Ricardo,Oliver,hessandrew@example.net,NL,2023-06-27
6397,Evan,Blanchard,jackiepeterson@example.org,FR,2025-06-14
6398,Amber,Morgan,ruizsean@example.com,ES,2024-04-12
6399,Nicholas,Riggs,dlewis@example.org,ES,2023-06-28
6400,Laura,Dennis,michellestewart@example.net,ES,2023-05-10
6401,Mark,Ramirez,jennifer51@example.net,DE,2025-02-09
6402,Michael,Nelson,belinda92@example.org,BE,2024-03-26
6403,Donald,Carr,timothyjones@example.net,NL,2024-04-16
6404,Dean,Gonzalez,joshuaarias@example.com,BE,2023-04-28
6405,Anne,White,william67@example.net,BE,2023-06-15
6406,Richard,Simon,figueroachristopher@example.org,DE,2025-10-16
6407,Sandra,Webb,wilsonjavier@example.net,BE,2024-08-03
6408,Carol,Roberts,dblack@example.org,ES,2025-08-20
6409,Kristie,Kramer,melanieavery@example.com,FR,2024-09-13
6410,Dana,Fischer,christopherparker@example.net,ES,2023-12-30
6411,Brittany,Sanchez,nortonjacob@example.net,FR,2023-10-03
6412,Kenneth,Morrow,chris54@example.com,NL,2025-02-03
6413,Scott,Harrington,jordanmargaret@example.com,FR,2023-12-01
6414,Robert,Frazier,craigsmith@example.org,NL,2023-02-18
6415,Lauren,Nguyen,nathanochoa@example.net,ES,2023-04-27
6416,Deanna,Morgan,megangraham@example.org,ES,2025-03-16
6417,Alyssa,Wise,nicolelewis@example.com,ES,2023-12-25
6418,Joshua,Bennett,yreese@example.org,NL,2024-11-08
6419,Taylor,Matthews,christina50@example.org,FR,2023-02-26
6420,Brittney,Huang,twatson@example.com,FR,2026-01-19
6421,Dan,Erickson,matthew59@example.org,DE,2023-03-02
6422,Lisa,Holt,robert47@example.org,NL,2025-11-24
6423,Justin,Sawyer,ahammond@example.org,DE,2023-12-03
6424,Dorothy,Gonzalez,zamorarebecca@example.org,DE,2025-02-26
6425,Becky,Rodriguez,lori54@example.com,DE,2024-11-24
6426,Joseph,Baker,gina57@example.net,BE,2023-03-22
6427,Cynthia,Fisher,kmckenzie@example.net,NL,2024-09-08
6428,Ruben,Jackson,joshua06@example.com,DE,2023-05-30
6429,Melissa,Warren,gfreeman@example.net,ES,2023-10-23
6430,Laura,Martin,medinarenee@example.org,NL,2025-08-16
6431,Amanda,Ayala,qdavila@example.com,FR,2024-08-07
6432,Melanie,Miller,christopher48@example.org,NL,2023-03-15
6433,Brian,Bennett,brandon91@example.com,ES,2023-08-16
6434,Jeremy,Newman,kmosley@example.org,BE,2025-04-02
6435,Dale,Brown,jgarcia@example.org,DE,2024-12-04
6436,Rodney,Poole,dyersheila@example.org,NL,2025-03-19
6437,James,Moore,sarah41@example.org,ES,2023-05-11
6438,Michael,Smith,richardmccarthy@example.net,ES,2024-01-05
6439,Robert,Medina,thompsonandrea@example.org,NL,2023-10-26
6440,Jessica,Carter,esosa@example.org,ES,2023-05-07
6441,Lauren,Rodriguez,karenzavala@example.net,BE,2024-09-07
6442,Tiffany,Davis,justin54@example.com,ES,2025-12-04
6443,Emily,Mendoza,elizabethbrooks@example.com,ES,2023-11-16
6444,Leah,Baker,ethansimmons@example.net,DE,2023-04-08
6445,Andrew,Johnson,ijohnson@example.com,DE,2024-11-07
6446,Benjamin,Schultz,zroberts@example.org,FR,2025-06-02
6447,Veronica,Serrano,jennifertaylor@example.com,NL,2024-05-14
6448,Richard,Hansen,emoore@example.net,FR,2024-06-05
6449,Johnny,Carrillo,jacqueline19@example.net,FR,2024-06-12
6450,Dawn,Sutton,rebecca40@example.net,BE,2025-08-06
6451,Annette,Griffin,bpowell@example.net,FR,2024-05-28
6452,Kathleen,Anderson,wendy84@example.com,NL,2025-05-13
6453,Paul,Taylor,waltercharles@example.net,BE,2024-08-23
6454,Ariel,Shaw,qanderson@example.org,BE,2026-01-25
6455,David,Farmer,martinjessica@example.com,BE,2025-03-23
6456,Shelby,Green,chelseylane@example.org,NL,2025-01-28
6457,Keith,Gomez,seangilbert@example.org,BE,2025-10-17
6458,Autumn,Moreno,drice@example.org,FR,2025-07-26
6459,Maria,Lucas,sandovalderek@example.org,DE,2023-06-29
6460,Tara,Roth,scottnicholas@example.com,NL,2023-02-28
6461,Amanda,Young,rmays@example.com,ES,2023-11-26
6462,Nathan,Wilson,bellmarissa@example.com,DE,2025-01-22
6463,Devin,Perez,cooperkimberly@example.org,FR,2024-03-23
6464,Timothy,Alexander,cmoore@example.com,BE,2023-10-19
6465,Jon,Moore,owensolivia@example.com,NL,2025-12-03
6466,Charles,Clark,donna56@example.org,BE,2025-09-17
6467,Theresa,Rodgers,victoriarodriguez@example.com,BE,2023-12-21
6468,Kimberly,Singleton,foxnicole@example.com,ES,2025-09-08
6469,Nichole,Murphy,wbright@example.com,NL,2026-01-26
6470,Teresa,Price,julienguyen@example.com,NL,2025-05-15
6471,Denise,Bryan,kimberly52@example.net,DE,2024-03-05
6472,Gwendolyn,Stein,nicolesmith@example.net,DE,2023-09-23
6473,Beth,Jones,watersgina@example.com,NL,2024-01-02
6474,Julie,Marquez,hickmanmary@example.org,FR,2023-05-14
6475,Lisa,Oneal,amber75@example.net,DE,2023-03-16
6476,Monique,Duncan,adriancobb@example.com,DE,2025-11-21
6477,Chad,Thompson,wagnerjames@example.net,BE,2025-03-29
6478,Debra,Gibson,gcrawford@example.org,BE,2025-01-27
6479,Rebecca,Hudson,twilson@example.org,BE,2023-08-21
6480,Randy,Kane,uhill@example.net,ES,2024-01-27
6481,Maria,Bridges,mckenziesonya@example.com,BE,2024-04-10
6482,Christopher,Hays,christy45@example.org,BE,2025-03-23
6483,Jessica,Merritt,bondthomas@example.com,FR,2024-12-14
6484,Lisa,Gonzalez,teresa56@example.net,FR,2023-10-03
6485,Tina,Escobar,christine76@example.net,DE,2024-01-22
6486,Edward,Smith,mccalljesse@example.com,DE,2023-08-17
6487,Steven,Arellano,ramirezevan@example.org,BE,2025-07-09
6488,Crystal,Garcia,laneandrew@example.net,FR,2023-08-25
6489,Sarah,Padilla,karenholloway@example.com,BE,2023-04-28
6490,Laura,Brooks,nmiller@example.org,NL,2024-06-20
6491,Brian,Lucas,christopherorr@example.com,FR,2024-08-23
6492,Robert,Camacho,anthony13@example.net,NL,2025-03-13
6493,Ryan,Howell,chambersamanda@example.net,DE,2025-07-16
6494,Vicki,Moore,nicole98@example.net,BE,2024-02-28
6495,Keith,Haynes,paynethomas@example.com,BE,2025-02-21
6496,Lindsey,Kelly,alexisharrell@example.net,DE,2025-04-19
6497,Colin,Miles,caldwellamanda@example.com,BE,2023-11-12
6498,Misty,Melendez,bjohnson@example.com,NL,2023-04-17
6499,Derek,Fowler,casey45@example.com,ES,2023-05-26
6500,Amanda,Salazar,davisdouglas@example.com,ES,2025-05-15
6501,Juan,Reyes,peggy04@example.net,BE,2024-02-25
6502,April,Graves,rojassteven@example.net,ES,2023-03-10
6503,Chad,Ford,kim38@example.com,DE,2023-05-20
6504,Kyle,Williams,gina20@example.com,FR,2023-08-04
6505,Brandon,Watson,smithnathaniel@example.com,FR,2024-03-02
6506,Richard,Nelson,tgriffin@example.org,BE,2025-08-28
6507,Ryan,White,peter47@example.net,DE,2026-01-03
6508,Kimberly,Vazquez,michael85@example.net,BE,2023-10-22
6509,Angela,White,oschultz@example.com,BE,2024-01-17
6510,Tyler,Rogers,nathan88@example.com,ES,2024-07-08
6511,Bradley,Vincent,manningjoshua@example.com,ES,2023-12-04
6512,Jeanne,Hernandez,kbell@example.com,BE,2024-09-26
6513,Lisa,Garcia,luischristensen@example.org,FR,2026-01-22
6514,Nicholas,Smith,barbarajackson@example.net,BE,2023-08-06
6515,Micheal,Sanders,wstrickland@example.com,NL,2026-02-02
6516,Felicia,Sandoval,clintonjohnston@example.com,DE,2023-12-28
6517,Melinda,Foster,marychavez@example.net,DE,2023-05-08
6518,Laura,Reynolds,barrymiller@example.net,ES,2024-12-14
6519,Heather,Leach,wallselizabeth@example.com,ES,2025-04-02
6520,Bradley,Turner,joshuaraymond@example.com,FR,2025-07-19
6521,Nicole,Meyer,anguyen@example.net,BE,2025-01-07
6522,Alexandra,Brady,richardsonsamantha@example.com,BE,2024-08-16
6523,James,Nelson,kimberlycobb@example.net,DE,2025-07-30
6524,Robin,Shields,kristenpruitt@example.com,ES,2024-01-11
6525,Ronald,Chavez,jbrown@example.org,BE,2024-11-29
6526,Elizabeth,Beltran,tday@example.net,NL,2023-09-28
6527,Rebecca,Kelly,dustin90@example.com,NL,2023-10-01
6528,Matthew,Velazquez,colleenmathews@example.com,FR,2024-10-15
6529,Daniel,Smith,jwatson@example.com,ES,2025-03-18
6530,Stephen,Garcia,huertageorge@example.org,DE,2024-08-12
6531,Jodi,Henson,jordanjerry@example.com,FR,2023-09-02
6532,Debbie,Howard,victornewman@example.net,FR,2024-08-10
6533,Jennifer,Williams,kayla27@example.com,DE,2024-09-15
6534,Christina,Wilson,lmalone@example.com,FR,2024-09-15
6535,Robert,Wood,karenwilliams@example.org,BE,2023-04-18
6536,Eric,Adams,hurleyjessica@example.org,FR,2023-06-17
6537,Shawn,Jacobs,roywilson@example.net,NL,2023-02-14
6538,Russell,Mcintosh,perezcharles@example.org,ES,2023-06-23
6539,Monica,Smith,leejennifer@example.org,DE,2023-12-15
6540,Todd,Clark,crystal60@example.com,FR,2025-12-29
6541,Christian,Mccall,pattonryan@example.com,FR,2024-02-24
6542,Stephen,Williams,bwoods@example.org,BE,2024-04-19
6543,Lisa,Mooney,munderwood@example.com,FR,2026-01-06
6544,Sheena,Joseph,barreralaurie@example.net,ES,2025-01-08
6545,Nicole,Garcia,thomasfrances@example.net,FR,2024-04-22
6546,Michael,Martin,whall@example.com,ES,2025-11-27
6547,John,Orr,ashleywheeler@example.org,ES,2024-05-16
6548,Denise,Douglas,rosejulie@example.net,BE,2025-07-05
6549,Tara,Jones,fayala@example.org,BE,2024-07-16
6550,Tiffany,Hanson,tina00@example.net,FR,2024-06-17
6551,Sara,Jordan,wagnergregory@example.net,FR,2023-02-10
6552,Emily,Martinez,tiffany16@example.com,DE,2025-04-05
6553,Vincent,Skinner,anthony46@example.net,NL,2025-09-30
6554,Emily,Moran,davidwells@example.com,BE,2025-07-23
6555,Cynthia,Marshall,taylortonya@example.net,DE,2026-01-14
6556,Felicia,Sloan,cliffordanderson@example.org,BE,2024-09-10
6557,Jill,Holmes,cobbbrady@example.org,DE,2025-04-06
6558,Corey,Middleton,larsonjoseph@example.net,ES,2024-03-17
6559,Leonard,Barker,bblair@example.net,FR,2024-09-18
6560,Michael,Richardson,ibartlett@example.com,BE,2023-12-17
6561,Phillip,Vang,christopher64@example.com,BE,2023-10-04
6562,Katherine,Spencer,vbutler@example.net,DE,2024-01-26
6563,Justin,Gonzalez,rileybauer@example.org,FR,2024-05-22
6564,Krista,Clark,deckereileen@example.org,ES,2023-02-21
6565,Peter,Carter,michelle13@example.com,ES,2024-07-17
6566,Monique,Higgins,ldaniel@example.com,ES,2024-04-07
6567,Amanda,Kelly,owenjohn@example.org,DE,2023-12-09
6568,Jennifer,Olson,kristenbishop@example.com,FR,2023-11-03
6569,Crystal,Lopez,morrowjesse@example.net,NL,2024-08-24
6570,Vanessa,Henderson,kwatson@example.net,ES,2024-09-11
6571,Steven,Wilkerson,reynoldsjulie@example.com,ES,2023-12-01
6572,Leah,Kelley,christinamurphy@example.net,BE,2024-08-20
6573,Maria,Lang,hcruz@example.com,ES,2023-08-19
6574,Andrea,Johnson,rgood@example.org,NL,2023-11-06
6575,Robert,Reed,alexandriaoliver@example.org,DE,2024-11-15
6576,Jack,Bell,brianberg@example.net,NL,2024-12-03
6577,Barry,Hernandez,kimberlyallen@example.com,FR,2023-02-17
6578,Mary,Barry,qhanson@example.com,NL,2025-08-06
6579,Paul,Smith,kcameron@example.org,BE,2025-07-19
6580,James,Rhodes,ryanreed@example.org,DE,2025-04-02
6581,Rodney,Lawson,fmontes@example.net,BE,2023-08-09
6582,Charles,Hall,tjohnson@example.com,FR,2025-09-07
6583,Tina,Delgado,lambnicole@example.com,FR,2024-05-10
6584,Lisa,Drake,jamesjohn@example.com,NL,2026-01-26
6585,Victoria,Hayes,samantha68@example.org,FR,2024-09-27
6586,John,Estes,madison56@example.com,DE,2023-05-30
6587,Laurie,Johnson,alexander98@example.net,NL,2025-07-23
6588,Wanda,Gomez,tscott@example.com,NL,2023-05-12
6589,Steven,Brown,mclaughlinrobert@example.com,ES,2025-08-02
6590,Sean,Morris,jon15@example.org,ES,2024-07-20
6591,Veronica,Campbell,tcain@example.org,ES,2025-07-05
6592,Maria,Bray,jessicabennett@example.net,FR,2025-01-31
6593,Alexander,Hawkins,kristin91@example.net,DE,2023-09-27
6594,Amanda,Leach,david20@example.org,BE,2024-04-03
6595,Jeffrey,Rhodes,newmannina@example.net,BE,2025-03-11
6596,Brad,Gay,christine61@example.org,DE,2025-03-31
6597,David,Lopez,gmeza@example.org,NL,2023-08-05
6598,Bobby,Sullivan,matthewbarajas@example.net,NL,2024-07-14
6599,Matthew,Wood,shafferpatrick@example.org,NL,2024-07-30
6600,Joseph,Peterson,wendysnyder@example.net,BE,2025-09-26
6601,Wayne,Turner,robertrodriguez@example.org,NL,2024-04-04
6602,Kevin,Mitchell,bpaul@example.net,BE,2024-08-18
6603,Benjamin,Gonzales,kenneth58@example.net,FR,2025-11-17
6604,Stephanie,Gonzales,brittanydurham@example.org,BE,2025-06-25
6605,David,Miranda,jacob85@example.com,ES,2023-06-15
6606,Megan,Ellis,alicerogers@example.com,DE,2026-01-21
6607,Craig,Patterson,tholmes@example.net,ES,2025-02-19
6608,Vincent,Martinez,yangsylvia@example.net,ES,2023-08-23
6609,Michael,Sanders,brenda95@example.com,NL,2023-08-19
6610,Christopher,Harvey,katherinefox@example.org,NL,2025-04-28
6611,Lindsey,Jones,zoe24@example.com,NL,2024-10-15
6612,Michael,Soto,mmoore@example.org,NL,2025-06-18
6613,Robert,Thompson,dillonjonathan@example.com,FR,2024-01-11
6614,Jessica,Miller,zblankenship@example.net,BE,2025-09-17
6615,Donald,Mcdonald,smiller@example.net,DE,2023-11-08
6616,Brandon,Roberson,kingsteven@example.net,ES,2024-03-05
6617,Jessica,Caldwell,petergarcia@example.org,NL,2023-10-10
6618,Brian,James,peterflores@example.net,BE,2024-10-29
6619,Allison,Moore,jeffrey17@example.com,FR,2024-06-12
6620,Laura,Mccarthy,scottharris@example.com,DE,2024-07-16
6621,Jim,Carney,paul79@example.com,NL,2024-10-20
6622,Brenda,Hernandez,yharmon@example.com,BE,2025-06-02
6623,Bonnie,Carroll,deannalawrence@example.com,ES,2024-11-25
6624,Michael,Ball,sandramiller@example.net,FR,2024-04-10
6625,Kristen,Meadows,levineemily@example.net,ES,2024-07-12
6626,John,Wilson,flowerscassandra@example.com,ES,2025-01-12
6627,Jane,Cruz,elizabeth21@example.org,BE,2025-03-03
6628,David,Mcmillan,foxlucas@example.com,BE,2025-11-19
6629,Robert,Taylor,nwallace@example.com,NL,2024-06-27
6630,Ashley,Webb,carlosbartlett@example.com,BE,2025-11-05
6631,Lori,Weiss,seancarr@example.com,ES,2023-03-11
6632,Rebecca,Huffman,catherinegutierrez@example.org,ES,2023-06-20
6633,Victor,Ruiz,youngjesse@example.com,ES,2023-07-18
6634,Johnathan,Douglas,sheena49@example.org,ES,2023-08-24
6635,Christopher,Nguyen,andrewsanchez@example.net,BE,2025-12-26
6636,Katie,Thomas,leslie45@example.com,BE,2023-05-26
6637,Rachel,Archer,russelllogan@example.net,BE,2025-03-12
6638,Richard,Webb,twheeler@example.org,NL,2025-04-05
6639,Paul,Davis,curtishoward@example.net,ES,2024-11-26
6640,John,Jacobs,shelbycain@example.net,NL,2023-02-16
6641,John,Walton,fcollins@example.com,ES,2023-05-25
6642,Lisa,Fowler,fgreen@example.com,DE,2025-07-06
6643,Sara,Nguyen,amymccormick@example.org,FR,2025-12-22
6644,Maria,Rubio,carterfrank@example.org,FR,2025-09-09
6645,Johnny,Jimenez,ramosstanley@example.net,BE,2025-11-14
6646,Aaron,Blackburn,ashleybrown@example.net,ES,2023-12-09
6647,Keith,Davidson,emily34@example.com,BE,2025-04-17
6648,Dawn,Hernandez,natalie94@example.org,DE,2025-02-21
6649,Monica,Daniels,diazsandra@example.org,FR,2024-04-04
6650,Shelby,Garcia,ftorres@example.net,ES,2023-03-06
6651,Patricia,Fleming,kcolon@example.com,FR,2023-04-24
6652,Katherine,Wagner,rowlandjoseph@example.com,ES,2024-08-26
6653,Natasha,Brown,elewis@example.org,NL,2023-08-01
6654,Todd,Kelly,herbertgeorge@example.net,ES,2024-05-03
6655,Laura,Hubbard,michelle56@example.com,DE,2025-01-30
6656,Michael,Charles,michael16@example.com,FR,2023-03-27
6657,Laura,Griffin,lynchanthony@example.org,NL,2024-10-04
6658,Jonathan,Huang,markhampton@example.org,NL,2025-06-14
6659,Tammy,Diaz,allentroy@example.org,ES,2024-06-22
6660,Susan,Briggs,elizabethalexander@example.org,ES,2024-12-18
6661,Renee,Obrien,lopezmatthew@example.org,FR,2024-11-05
6662,Robert,Brown,carol53@example.com,DE,2024-11-21
6663,Julie,Smith,hbean@example.com,ES,2025-04-23
6664,Curtis,Lee,huffdavid@example.org,ES,2023-04-20
6665,William,Guerrero,burchsamantha@example.org,DE,2023-04-18
6666,Jeffrey,Montes,meganproctor@example.com,BE,2024-07-19
6667,Larry,Torres,misty75@example.org,NL,2026-01-17
6668,Brandon,Wilson,pwatson@example.net,NL,2023-07-03
6669,Joseph,Rangel,kelly58@example.org,FR,2024-10-10
6670,Robert,Payne,wflynn@example.com,FR,2025-09-27
6671,Joseph,Perez,bmarsh@example.org,ES,2023-08-06
6672,Joann,Mitchell,dianawang@example.com,NL,2025-03-09
6673,Sandy,Oconnell,jwalters@example.com,ES,2025-04-19
6674,Robin,Cohen,wadams@example.com,DE,2023-12-09
6675,Billy,Good,brianna35@example.net,BE,2025-05-30
6676,Wesley,Melton,hessjulia@example.net,ES,2024-08-31
6677,Megan,Bradshaw,judith35@example.org,DE,2023-10-18
6678,George,Harmon,norriscrystal@example.org,NL,2025-02-12
6679,Anna,Rodriguez,laurie23@example.org,ES,2024-07-08
6680,Hannah,Scott,erikacummings@example.net,NL,2025-03-06
6681,Jennifer,Swanson,richardthomas@example.net,FR,2023-12-22
6682,Joseph,Roberts,paul00@example.org,ES,2024-10-28
6683,Anthony,Stephens,savannah36@example.org,ES,2024-06-20
6684,Kathy,Acevedo,traviscollins@example.net,BE,2024-08-24
6685,Laura,Hartman,alvaradowilliam@example.com,ES,2023-11-23
6686,Sydney,Bennett,robertmendez@example.org,BE,2025-05-27
6687,Matthew,Barr,williamstimothy@example.com,DE,2024-12-28
6688,Audrey,Perez,kellylaura@example.com,BE,2024-03-18
6689,Elizabeth,Mahoney,hannah83@example.com,NL,2025-01-05
6690,Brian,Hickman,valeriebender@example.org,ES,2025-12-24
6691,Frank,Serrano,garzanicholas@example.com,DE,2025-06-13
6692,Paul,Li,award@example.org,FR,2024-05-09
6693,Daniel,Manning,jenny71@example.com,BE,2024-04-06
6694,Patty,Bryant,csantana@example.org,ES,2023-09-08
6695,Jessica,Peters,barbara52@example.org,FR,2023-10-24
6696,Mary,Price,geoffreysmith@example.com,ES,2024-05-01
6697,Tommy,Smith,tyler49@example.net,FR,2024-12-09
6698,Gabriel,Anderson,jennifer31@example.com,ES,2023-07-04
6699,Joseph,Gregory,lbonilla@example.net,BE,2026-01-02
6700,Brett,Malone,cheryl01@example.com,FR,2024-05-27
6701,Courtney,Cordova,alexanderarmstrong@example.net,FR,2024-08-05
6702,Amanda,Esparza,othomas@example.org,ES,2023-04-03
6703,Lisa,Campbell,jim41@example.net,FR,2023-05-23
6704,Jo,Castillo,richard40@example.com,FR,2025-12-01
6705,Amy,Stewart,hernandezcharles@example.net,FR,2023-11-13
6706,Jared,Dunn,belljared@example.com,ES,2023-02-06
6707,Maria,Burke,xgreen@example.com,NL,2025-07-10
6708,Carl,Riley,kanderson@example.com,FR,2024-06-05
6709,Albert,Taylor,mhughes@example.com,ES,2023-05-01
6710,Timothy,Smith,swest@example.com,BE,2023-10-18
6711,Teresa,Allen,joneswillie@example.com,NL,2025-08-04
6712,Kelly,Cole,moonedward@example.org,BE,2024-01-04
6713,Megan,Shah,valenciapamela@example.com,FR,2025-08-20
6714,Scott,Grant,elizabethowen@example.com,ES,2023-11-12
6715,Kristen,Ellison,davila@example.net,DE,2026-01-20
6716,Jose,Bowers,kimberlymcgee@example.org,DE,2025-08-08
6717,Matthew,Bennett,josephwhite@example.org,FR,2025-12-15
6718,Benjamin,Logan,andrea16@example.net,ES,2025-08-06
6719,Katherine,Garcia,elizabeth22@example.org,BE,2024-12-25
6720,Matthew,Nelson,fprice@example.org,FR,2024-08-14
6721,Jesse,Johnson,patelashley@example.com,NL,2024-12-09
6722,Brooke,Edwards,karenkelley@example.org,BE,2023-02-27
6723,Anthony,Johnson,eperez@example.net,NL,2025-07-13
6724,Nathaniel,Henry,wanderson@example.net,FR,2023-11-16
6725,Catherine,Horton,ajackson@example.org,FR,2023-10-03
6726,Sophia,Perez,dhurst@example.com,BE,2024-05-09
6727,Steven,Peters,schambers@example.com,ES,2023-08-18
6728,Ethan,Beck,millscarlos@example.net,FR,2023-05-08
6729,Travis,Ramos,rosejeremy@example.com,BE,2023-05-11
6730,Steve,Adams,johnbyrd@example.net,NL,2023-05-10
6731,Paul,Patton,pmoreno@example.net,NL,2023-12-09
6732,Mary,Espinoza,david97@example.com,ES,2024-01-23
6733,Anthony,Alexander,jennifer21@example.org,DE,2025-05-06
6734,Nicholas,Thomas,teresadavis@example.com,FR,2025-06-13
6735,William,Flores,ohunter@example.com,DE,2024-12-27
6736,Melissa,Copeland,normanmitchell@example.com,BE,2025-11-15
6737,Annette,Caldwell,aaron55@example.com,ES,2023-10-07
6738,Whitney,Garcia,frankbarr@example.com,NL,2024-12-15
6739,Amanda,Harvey,xlivingston@example.net,ES,2024-11-07
6740,Jake,Aguilar,grodriguez@example.net,FR,2025-03-10
6741,James,Mckinney,nathan67@example.com,NL,2026-01-06
6742,Nicholas,Duran,davidnorris@example.com,FR,2023-07-19
6743,David,Carney,kevinwalter@example.com,BE,2024-08-10
6744,Robert,Thomas,taylorlaura@example.net,NL,2025-06-23
6745,Susan,Barnes,joseph30@example.net,ES,2025-04-05
6746,Kevin,Graves,jacob39@example.org,ES,2023-09-07
6747,Anthony,Harris,breed@example.com,ES,2023-12-15
6748,Melody,Murillo,michellebrown@example.net,ES,2023-07-20
6749,Sarah,Price,stephen93@example.net,BE,2025-03-06
6750,Mark,Tran,davidfletcher@example.net,NL,2024-08-13
6751,Ashley,Rhodes,xthompson@example.org,FR,2024-09-21
6752,William,Reynolds,marquezbrenda@example.com,FR,2023-10-13
6753,David,Gomez,davisjohnny@example.com,FR,2024-06-30
6754,Sarah,Campbell,davisshawn@example.org,ES,2023-11-04
6755,Jerry,Chan,craigmurray@example.com,ES,2023-10-30
6756,Alicia,Stanley,patriciaharris@example.net,NL,2024-05-22
6757,Donna,Smith,jessica22@example.org,FR,2023-10-11
6758,Kelly,Parsons,daltonbrandon@example.net,ES,2024-11-19
6759,Wendy,Johnson,evansgregory@example.net,NL,2024-05-21
6760,Kenneth,Miller,courtney05@example.org,ES,2024-11-26
6761,Nancy,Marquez,gfrey@example.com,FR,2025-01-29
6762,Mark,Mora,ganderson@example.com,ES,2023-03-10
6763,Wayne,Larsen,jo72@example.net,ES,2025-05-30
6764,James,Roy,sawyerrobert@example.net,BE,2023-10-08
6765,Lisa,Schultz,showard@example.net,DE,2023-03-20
6766,Kendra,Martin,taralopez@example.org,DE,2023-12-30
6767,Michael,York,nathanchambers@example.net,NL,2025-02-10
6768,Christina,Obrien,tammy75@example.org,NL,2024-04-13
6769,Nancy,Roberts,johnsonjohn@example.org,DE,2024-07-05
6770,Miranda,Gonzalez,hoganlisa@example.net,FR,2025-08-01
6771,Stacy,Wright,hlucas@example.com,NL,2025-04-10
6772,Jessica,Hampton,fshepard@example.org,BE,2024-09-02
6773,Riley,Williams,tammythompson@example.org,NL,2024-09-11
6774,Jonathan,Owens,plopez@example.org,BE,2023-07-12
6775,Nancy,Carroll,jerry71@example.com,ES,2025-07-30
6776,Tony,Johnson,michaelhill@example.com,NL,2024-02-09
6777,Connie,Graves,kevinjohnson@example.net,BE,2025-04-23
6778,Lisa,Tran,gshelton@example.org,ES,2025-05-28
6779,Brittany,Horne,barrerateresa@example.net,ES,2023-10-26
6780,Rachel,Moss,kristinaevans@example.org,ES,2023-10-01
6781,Karen,Tyler,christopher68@example.org,FR,2023-12-20
6782,Christopher,Rodriguez,phillipdunlap@example.net,NL,2024-12-27
6783,William,Bishop,melissa75@example.org,NL,2025-05-18
6784,William,Hicks,paulperez@example.net,FR,2024-11-15
6785,Katherine,Rice,gpowell@example.net,DE,2025-10-31
6786,Jeremy,Adams,collinscourtney@example.com,BE,2023-10-19
6787,Priscilla,Morris,amygarrett@example.com,FR,2025-10-06
6788,Karen,Cooper,xmitchell@example.org,FR,2023-11-17
6789,Stephanie,Santana,karla32@example.com,BE,2024-11-15
6790,Alexander,Thomas,cheryl63@example.net,DE,2024-12-17
6791,Bradley,Nelson,gbarrera@example.org,BE,2023-07-08
6792,Melanie,Alexander,allenchristy@example.com,BE,2025-11-16
6793,Anita,Buck,mary36@example.org,ES,2025-05-09
6794,Paige,Evans,emilygarcia@example.org,NL,2023-05-02
6795,Sonya,Smith,melissa12@example.com,ES,2024-12-02
6796,Terry,Zamora,benjamin20@example.org,BE,2024-05-05
6797,Derek,Washington,shanegreen@example.com,ES,2023-04-13
6798,Kyle,Vargas,frank87@example.com,DE,2023-12-21
6799,James,Saunders,elizabethjohnson@example.net,BE,2025-02-23
6800,Tina,Barker,ynelson@example.net,DE,2025-11-08
6801,Patricia,Dunn,larrynguyen@example.com,BE,2023-02-14
6802,Tammy,Powell,jennifer50@example.net,BE,2025-04-09
6803,Tiffany,Andrews,mcculloughcarol@example.org,BE,2025-01-10
6804,Brittany,Miller,joseph97@example.net,NL,2024-03-16
6805,Michael,Stephens,ryanbaldwin@example.net,BE,2025-08-08
6806,Martin,Byrd,bwatson@example.net,DE,2025-08-25
6807,Brooke,Herring,susan33@example.net,NL,2024-10-01
6808,Carlos,Jones,tracy16@example.com,BE,2024-05-10
6809,Joshua,Jones,morrisamber@example.net,BE,2025-03-26
6810,Cory,Wilson,pwilliams@example.com,NL,2025-03-18
6811,Rodney,Kelly,roberttorres@example.org,ES,2024-06-19
6812,Joseph,Conway,benjaminmcgrath@example.org,DE,2023-11-01
6813,Jennifer,Sparks,lcarter@example.org,DE,2025-02-27
6814,Julia,Hernandez,dnelson@example.org,ES,2023-06-07
6815,Dustin,Clark,michael36@example.org,FR,2023-07-14
6816,Bradley,Phillips,andreavargas@example.com,ES,2023-08-18
6817,Stephanie,Brown,kevingarcia@example.org,NL,2023-09-06
6818,Scott,Miller,smassey@example.com,ES,2023-06-01
6819,Julie,Davis,juliamiller@example.com,ES,2023-08-11
6820,Jonathan,Burns,nathanielflores@example.org,FR,2025-03-28
6821,Erica,Shepherd,bjoyce@example.com,NL,2023-08-04
6822,Brian,Hill,velasquezfrank@example.net,BE,2023-12-24
6823,Alex,Castro,evanscott@example.com,ES,2025-08-27
6824,Charles,Glover,kylemiranda@example.org,DE,2023-11-03
6825,Jennifer,Vega,aguirregarrett@example.net,BE,2025-08-01
6826,Julian,Martinez,robertsjoseph@example.org,DE,2024-02-29
6827,Bryan,Johnson,vdominguez@example.net,DE,2024-04-15
6828,Anita,Forbes,rachelvaldez@example.net,DE,2023-11-13
6829,Christine,Brown,dakota42@example.com,DE,2025-05-13
6830,Deanna,Vasquez,andersonrandy@example.net,NL,2024-02-17
6831,Christopher,Parks,emilybauer@example.com,NL,2024-07-23
6832,Jonathan,Jones,espinozabrandy@example.org,FR,2024-04-21
6833,Robert,Brown,rachel80@example.org,DE,2025-06-01
6834,Nancy,Armstrong,fadams@example.org,BE,2023-05-19
6835,Amy,West,odiaz@example.com,NL,2024-12-02
6836,Natasha,Wilson,johnhernandez@example.org,BE,2024-06-18
6837,Jeremy,Galloway,chandarren@example.net,NL,2024-08-19
6838,Travis,Banks,matthewparks@example.com,DE,2024-06-28
6839,Matthew,Weaver,connortaylor@example.org,FR,2024-01-01
6840,Kaylee,Yates,curtisbrewer@example.org,FR,2023-08-18
6841,Christine,Mcdowell,stevenkaiser@example.org,FR,2023-08-22
6842,Kelly,Bennett,jamie62@example.com,DE,2025-10-31
6843,Christina,Kelley,albert51@example.org,DE,2024-12-15
6844,Cynthia,Franco,wmiranda@example.net,FR,2025-02-06
6845,Julie,Miller,janicemiller@example.net,NL,2025-09-28
6846,Kevin,Riley,dorseychristopher@example.org,NL,2024-03-07
6847,James,Mcguire,danagibson@example.org,NL,2025-08-28
6848,Sarah,Chambers,velezaustin@example.org,ES,2023-08-22
6849,Stephen,Freeman,ernestcuevas@example.com,NL,2025-01-15
6850,Sara,Stanley,daniel40@example.org,FR,2024-08-31
6851,Holly,Huerta,staceyrichardson@example.org,FR,2024-10-21
6852,Cynthia,Holland,andre67@example.net,NL,2024-05-26
6853,Pamela,Thomas,darlenesmith@example.org,DE,2023-04-22
6854,Jacob,Ross,ana93@example.net,DE,2023-12-17
6855,Anthony,Phillips,zcarson@example.net,FR,2024-11-06
6856,Eric,Jenkins,kevin59@example.com,FR,2024-11-08
6857,Michelle,Bell,clarknicole@example.org,NL,2023-09-18
6858,Lori,Blake,patriciareynolds@example.com,DE,2023-03-06
6859,Ashley,Lane,gloria57@example.com,FR,2024-07-30
6860,Jennifer,Kelley,kellertroy@example.net,FR,2025-05-01
6861,Jonathan,Reynolds,lisahickman@example.org,BE,2024-07-16
6862,Michael,Smith,jyoung@example.net,DE,2024-08-31
6863,Juan,Brennan,masseyanthony@example.com,NL,2025-06-13
6864,James,Gay,trujillosamuel@example.org,DE,2025-01-14
6865,Chris,Baker,cortezkylie@example.com,DE,2025-10-27
6866,Terri,Long,jessicavazquez@example.org,NL,2026-01-23
6867,Jason,Carlson,jamiejohnson@example.com,ES,2023-08-11
6868,Zachary,Glenn,peterstyler@example.net,BE,2023-03-01
6869,Lisa,Richard,jose70@example.net,FR,2025-06-12
6870,Michael,Henderson,susancarter@example.net,DE,2023-06-25
6871,Sandra,Anderson,blackbarbara@example.org,NL,2023-12-30
6872,William,Wright,daniel56@example.org,BE,2023-12-11
6873,Jill,Flores,kendraharvey@example.net,DE,2023-06-14
6874,Perry,Harris,nelsonpeter@example.com,DE,2025-10-31
6875,Cynthia,Obrien,andrewsjonathan@example.org,NL,2024-09-11
6876,Bruce,Mcdonald,jeffrey68@example.net,FR,2024-12-15
6877,Charles,Caldwell,jordandorothy@example.com,ES,2023-02-19
6878,Shelby,Harrell,ahall@example.org,FR,2023-05-14
6879,Ashley,Jones,ihall@example.net,ES,2023-03-01
6880,Gregory,Smith,lynnpreston@example.com,NL,2025-09-20
6881,Kimberly,Berry,petersonelizabeth@example.org,DE,2025-02-10
6882,Joseph,Cantu,carlos68@example.net,ES,2023-04-29
6883,Oscar,Clark,vgillespie@example.org,FR,2025-01-02
6884,Noah,Ponce,ashley33@example.org,DE,2023-08-22
6885,Joseph,Long,thompsonkatrina@example.com,BE,2024-07-15
6886,Jacqueline,Buchanan,taylorgail@example.com,NL,2024-08-26
6887,Melanie,Watson,dixonlinda@example.net,FR,2024-11-11
6888,Christopher,Drake,billy97@example.net,BE,2025-04-07
6889,Charles,Butler,traviscurtis@example.net,DE,2024-01-17
6890,Joseph,Vasquez,ohendrix@example.org,ES,2023-02-25
6891,Erin,Moore,lisaolson@example.org,BE,2025-05-27
6892,Michelle,Kim,diana14@example.com,DE,2023-11-07
6893,John,Rogers,maria97@example.com,NL,2025-06-21
6894,Michelle,Vega,kendra43@example.net,FR,2025-01-04
6895,Daniel,Lopez,jennifer11@example.com,NL,2024-01-06
6896,Mark,Butler,bholmes@example.com,BE,2024-01-21
6897,Hunter,Dawson,fcampbell@example.com,FR,2023-12-22
6898,Steven,Mullen,aliciadavid@example.net,FR,2023-09-27
6899,David,Sheppard,steven22@example.net,BE,2025-01-16
6900,Daniel,Guerrero,morganryan@example.net,FR,2023-11-11
6901,Jonathan,Alexander,castrologan@example.net,FR,2024-06-28
6902,Gabriel,Mitchell,bthompson@example.org,ES,2023-03-01
6903,Bobby,Johnson,coxrussell@example.com,ES,2024-05-05
6904,Laurie,Ramos,rogerstaylor@example.net,ES,2025-01-15
6905,Rebecca,Newton,alexander46@example.com,NL,2023-09-19
6906,Andre,Johnson,adrian05@example.com,ES,2025-09-22
6907,Sarah,Mooney,courtney55@example.net,ES,2023-12-28
6908,David,Fisher,robin72@example.org,FR,2024-02-29
6909,Edward,Holmes,hatfieldjeffrey@example.com,ES,2023-09-12
6910,Carrie,Navarro,williamsrhonda@example.org,NL,2025-10-17
6911,Alyssa,Davis,harold59@example.com,NL,2024-07-19
6912,Jennifer,Sanford,xadams@example.org,NL,2025-04-30
6913,Jeffrey,Moore,johnsmith@example.net,NL,2023-03-07
6914,Chris,Jackson,robert26@example.net,FR,2024-08-17
6915,Scott,Hernandez,lisamendoza@example.net,FR,2023-02-09
6916,Charles,Padilla,matthew97@example.org,ES,2023-07-18
6917,Andrea,Vasquez,smithtina@example.net,NL,2024-08-21
6918,Christopher,Adkins,mariarandolph@example.com,NL,2025-04-19
6919,Adam,Williams,yfrazier@example.com,ES,2025-10-31
6920,Timothy,Sanchez,jillbradley@example.net,NL,2025-04-24
6921,Brittany,Booth,butlerriley@example.org,BE,2025-10-11
6922,Joshua,White,thomasthompson@example.net,DE,2024-03-07
6923,Jared,Ward,qpreston@example.org,NL,2023-04-14
6924,Marcus,Yates,brittany61@example.net,BE,2024-03-07
6925,Micheal,Ortiz,isaac11@example.org,BE,2023-08-04
6926,Sarah,Wiley,laurengordon@example.com,BE,2024-04-06
6927,Shannon,Robbins,stephaniebell@example.org,NL,2025-03-20
6928,Kristy,King,hintonclifford@example.net,NL,2024-12-11
6929,Briana,Choi,karen94@example.net,ES,2023-10-15
6930,Ross,Walker,merrittkelly@example.net,ES,2024-09-24
6931,Regina,Thomas,duanecoffey@example.com,DE,2023-08-14
6932,Diamond,Reese,megan90@example.com,BE,2024-07-08
6933,Danielle,Gibson,harrismary@example.org,BE,2025-10-25
6934,Mark,Mccarthy,patrick75@example.com,NL,2025-09-10
6935,Ralph,Rogers,renee54@example.net,DE,2023-10-25
6936,Thomas,Mitchell,jameslopez@example.com,NL,2025-03-03
6937,Marcus,Bennett,michael95@example.net,DE,2023-12-07
6938,Angelica,Hodges,wagnerbeth@example.com,DE,2023-09-26
6939,Kenneth,Fowler,martinkyle@example.net,FR,2025-09-21
6940,Robert,Beck,brian99@example.com,FR,2025-11-06
6941,Gary,Coleman,theresa59@example.com,ES,2023-07-08
6942,Andrea,Mahoney,charlesjones@example.com,NL,2023-06-30
6943,Brandi,Mercer,rogerstewart@example.org,DE,2026-01-14
6944,Roberta,Williams,pierceamber@example.com,BE,2024-12-17
6945,Andrew,Smith,pcampbell@example.net,NL,2025-06-21
6946,Matthew,Berry,stephaniecastro@example.net,DE,2023-12-19
6947,Lynn,Harrington,alyssameza@example.net,DE,2024-01-10
6948,Megan,Hampton,ricebrandon@example.net,ES,2025-02-27
6949,Kyle,Barton,chandlerrenee@example.com,FR,2024-06-27
6950,Kathleen,Williams,edwardsallison@example.net,ES,2025-04-23
6951,Tina,Dawson,cmanning@example.net,ES,2024-12-29
6952,Erik,Pineda,thomas23@example.org,NL,2025-01-03
6953,Melissa,Fuller,tracy24@example.net,NL,2024-08-28
6954,Diane,Burnett,troyfreeman@example.net,DE,2025-05-31
6955,William,Wilson,powellsheri@example.net,BE,2026-01-23
6956,Patricia,Malone,kristin95@example.net,BE,2024-06-10
6957,Keith,Newman,ryandrake@example.com,DE,2024-09-05
6958,Corey,Harris,fosterjason@example.org,BE,2025-09-14
6959,Michael,Cook,jessicaflores@example.org,DE,2025-02-26
6960,Anthony,Cameron,leenatalie@example.com,FR,2023-08-23
6961,Brandi,Blackwell,sean39@example.com,ES,2024-10-13
6962,Jacqueline,Wright,brenda98@example.com,DE,2024-02-09
6963,Natasha,Underwood,williamramos@example.net,NL,2024-12-28
6964,Peter,Murray,beangary@example.org,BE,2023-10-15
6965,Amy,Bryant,yking@example.net,ES,2024-07-06
6966,Sherri,Brown,steeleeric@example.com,NL,2025-11-15
6967,Amber,Morales,cwarner@example.com,ES,2025-04-15
6968,Roger,Thomas,christopherjohnson@example.net,NL,2024-05-30
6969,Rodney,Payne,ybolton@example.org,BE,2024-03-12
6970,Joseph,Harris,ann06@example.org,DE,2025-04-14
6971,Lynn,Williams,zbean@example.net,BE,2024-08-30
6972,Matthew,Horton,edwardnicholson@example.com,BE,2023-02-23
6973,Thomas,Price,thenderson@example.org,ES,2024-10-11
6974,Jerry,Martin,amanda92@example.org,DE,2025-01-07
6975,Brittney,Leach,bramirez@example.org,BE,2023-10-03
6976,Denise,Wood,ballgloria@example.com,FR,2024-05-01
6977,Robert,Boyd,laurabarker@example.org,FR,2023-06-29
6978,Erica,Johnson,kacevedo@example.net,ES,2024-02-28
6979,Carly,Dennis,jacksonlarry@example.com,NL,2025-03-17
6980,Daniel,Roberts,alvarezkenneth@example.net,BE,2024-08-31
6981,Warren,Dunn,dreyes@example.org,BE,2025-06-14
6982,Nicole,Moore,melendezantonio@example.com,DE,2024-12-31
6983,Robin,West,klewis@example.org,BE,2023-12-19
6984,David,Perkins,peggy31@example.net,ES,2025-11-26
6985,Yolanda,Hubbard,xsanford@example.com,ES,2024-05-23
6986,Kenneth,Marshall,kramerwillie@example.com,NL,2025-06-30
6987,Andrew,Johnson,dstafford@example.com,DE,2024-06-30
6988,Barbara,Clay,victor24@example.net,FR,2023-03-18
6989,Angela,Collins,qhawkins@example.org,FR,2025-10-30
6990,Sandra,Graham,ekirk@example.net,FR,2024-09-06
6991,Maureen,Jackson,wilsonjulia@example.com,BE,2023-09-10
6992,Michael,Smith,xsmith@example.org,ES,2025-12-01
6993,Lisa,Simmons,tapiakatherine@example.com,DE,2026-01-19
6994,Scott,Hicks,benitezmichael@example.com,ES,2023-06-17
6995,Debra,Patel,kevinmartin@example.org,BE,2023-09-13
6996,April,Lopez,gatesstephen@example.org,BE,2025-08-03
6997,Craig,Bailey,elizabeth01@example.net,ES,2025-07-25
6998,Alison,Santiago,sherrysnyder@example.net,ES,2023-03-13
6999,Janice,Becker,garciacheryl@example.com,NL,2024-09-21
7000,Shannon,Evans,lbennett@example.org,FR,2024-06-26
7001,Angela,Pratt,mtrevino@example.net,ES,2025-09-12
7002,Michael,Wood,william62@example.com,DE,2025-03-17
7003,Amy,Cole,amber04@example.net,ES,2023-11-17
7004,Katherine,Hester,randy41@example.com,NL,2024-07-19
7005,John,Moore,shelby30@example.net,DE,2024-03-28
7006,David,Shelton,wbrandt@example.net,NL,2026-01-17
7007,Marie,Smith,blackjulie@example.org,BE,2025-04-15
7008,Jennifer,Diaz,paula63@example.com,NL,2023-11-08
7009,Kristine,Gray,michelle85@example.net,FR,2023-06-27
7010,Scott,Wilson,raymondwilson@example.org,NL,2023-05-28
7011,Stephen,Underwood,kimberly34@example.net,DE,2025-05-21
7012,Mary,Miller,kchoi@example.org,DE,2024-11-25
7013,Ryan,Griffin,susan70@example.org,DE,2024-11-12
7014,Thomas,Bell,davidmorales@example.org,NL,2025-03-27
7015,Juan,Dixon,jasonlong@example.net,BE,2024-11-01
7016,Jon,Goodman,cindygarcia@example.com,BE,2025-08-23
7017,Brenda,Fleming,nicholas76@example.net,FR,2024-08-24
7018,Megan,Schroeder,mclaughlinregina@example.com,ES,2025-12-10
7019,Jamie,Moore,khanson@example.org,BE,2025-05-08
7020,James,Stewart,andersonphilip@example.org,ES,2024-05-20
7021,Keith,Miranda,maria12@example.org,FR,2025-11-13
7022,Katherine,Bradley,marcus19@example.org,BE,2024-08-09
7023,Shelby,Sims,brownerik@example.com,NL,2025-01-22
7024,Nicholas,White,kshepherd@example.com,BE,2025-09-07
7025,Chris,Lawson,stevenlandry@example.net,DE,2023-06-18
7026,Jacob,Bradley,uwagner@example.net,ES,2024-08-06
7027,Nicholas,Perez,kelleymaria@example.net,NL,2025-02-27
7028,Donald,Novak,michellecontreras@example.com,ES,2025-03-16
7029,Jeffrey,Jackson,david83@example.net,BE,2025-07-31
7030,Kenneth,Watkins,matthewreyes@example.org,DE,2024-10-19
7031,Christine,Brown,maurice59@example.net,NL,2023-07-11
7032,Jonathon,White,cmyers@example.com,FR,2023-06-11
7033,Ronald,Wise,jade99@example.com,ES,2025-12-30
7034,Allen,Schneider,jenna10@example.com,NL,2024-12-18
7035,Jacob,Diaz,brookskristen@example.net,NL,2024-03-26
7036,Jennifer,Reed,jonathan33@example.org,ES,2024-08-02
7037,Craig,Baker,gonzaleskimberly@example.net,NL,2025-02-14
7038,Amanda,Freeman,joannedavis@example.com,NL,2026-01-31
7039,Monica,Miller,whitechristopher@example.org,BE,2024-09-30
7040,Richard,Porter,sullivanalicia@example.org,NL,2024-10-13
7041,Katie,Barajas,nmercado@example.net,BE,2025-03-17
7042,Christopher,Tran,whitemaria@example.org,DE,2023-09-01
7043,Katie,Deleon,lisakramer@example.net,BE,2024-04-29
7044,Rachel,Calhoun,scotttammy@example.com,ES,2023-03-05
7045,Desiree,Anderson,harttimothy@example.com,NL,2023-09-10
7046,Robert,Smith,rebecca45@example.net,FR,2024-08-17
7047,Jessica,Williams,harold36@example.net,BE,2024-11-18
7048,Brittany,Rodriguez,nevans@example.net,NL,2024-04-18
7049,Lawrence,Hopkins,william45@example.org,BE,2023-05-07
7050,Amber,Gonzalez,kkelley@example.com,ES,2024-03-01
7051,Jennifer,Fischer,pcohen@example.net,NL,2024-08-09
7052,Miguel,Serrano,susancross@example.net,NL,2025-08-08
7053,Andrew,Avila,bill57@example.net,ES,2025-07-29
7054,Jennifer,Marquez,troynewman@example.net,NL,2024-07-20
7055,Tina,Cook,mendezemily@example.net,FR,2024-11-14
7056,Michael,Whitaker,debrahamilton@example.com,BE,2025-09-18
7057,Johnny,Reid,jamesnichols@example.com,BE,2024-06-29
7058,Mckenzie,Williams,greg92@example.org,ES,2024-03-06
7059,Michelle,Levy,dconner@example.com,ES,2023-06-07
7060,Veronica,Hudson,paularios@example.org,DE,2024-07-11
7061,Chelsey,Williams,martinezwesley@example.net,FR,2024-04-30
7062,Paul,Nunez,gberry@example.org,ES,2023-04-24
7063,Lindsay,Ibarra,wardshelby@example.com,BE,2023-06-27
7064,Shaun,Rodriguez,joneskathryn@example.org,BE,2024-03-21
7065,Brittney,Johnson,browncrystal@example.com,ES,2025-10-03
7066,Thomas,Davis,lutzkaren@example.org,ES,2025-07-12
7067,Mary,Francis,brian97@example.net,BE,2023-09-22
7068,April,Sanchez,kathleen35@example.org,FR,2023-05-20
7069,Christina,Decker,amy84@example.org,BE,2024-07-23
7070,Debbie,Ward,lcoleman@example.org,DE,2025-07-06
7071,Tamara,Howell,fdelacruz@example.org,DE,2024-04-03
7072,James,Lee,juarezrhonda@example.com,NL,2023-12-08
7073,Peggy,Johnson,pamela59@example.com,NL,2024-12-20
7074,Jason,Pace,wesleyfields@example.com,FR,2025-10-22
7075,Tabitha,Wilson,brownjody@example.net,ES,2023-07-09
7076,Amy,Wolf,linda52@example.net,NL,2024-08-02
7077,David,Roberts,fclark@example.org,NL,2025-06-22
7078,Benjamin,Morris,hogantina@example.org,FR,2023-05-23
7079,Jamie,Young,knightjennifer@example.net,NL,2024-02-29
7080,Jennifer,Vasquez,michael09@example.org,FR,2025-10-02
7081,Alexandra,Carrillo,joel19@example.com,ES,2025-07-24
7082,Mason,Jones,leemichael@example.org,FR,2024-08-30
7083,Victor,Fuentes,rick58@example.com,NL,2024-05-06
7084,Shane,Cuevas,brookerodriguez@example.net,FR,2023-03-08
7085,Aimee,Nunez,johnnyturner@example.org,ES,2024-11-04
7086,Brianna,Rodriguez,schavez@example.com,DE,2024-03-12
7087,Jesse,Case,kimberlyhansen@example.net,BE,2023-03-24
7088,Dawn,Terry,haileywallace@example.net,NL,2023-06-10
7089,Ann,Sellers,carlajenkins@example.com,FR,2025-10-06
7090,Heather,Robinson,krystal29@example.org,DE,2024-03-05
7091,Jonathan,Craig,davischristopher@example.com,FR,2024-05-19
7092,Tammy,Collins,adam34@example.org,BE,2025-08-06
7093,Paul,Jackson,christopher70@example.org,FR,2026-01-25
7094,Christopher,Hernandez,gavinrodriguez@example.net,ES,2024-10-26
7095,James,Mitchell,morgannguyen@example.net,DE,2025-05-03
7096,Adam,Gardner,jesseschmidt@example.org,FR,2024-09-23
7097,Jason,Farley,danielwatson@example.net,ES,2024-03-16
7098,Bradley,Smith,wintersjamie@example.org,BE,2024-02-13
7099,Jennifer,Boyd,ywalker@example.org,NL,2026-01-31
7100,Stacy,Dickson,bennettjill@example.org,NL,2025-10-24
7101,April,Cunningham,vwelch@example.net,ES,2025-12-11
7102,Diane,Wilson,hardytiffany@example.net,ES,2023-05-16
7103,Juan,Kerr,johnsongloria@example.net,NL,2025-02-26
7104,Matthew,Carey,kevin98@example.net,NL,2025-03-03
7105,Daniel,Nelson,taylor74@example.org,ES,2025-03-05
7106,Robert,Greene,smithricardo@example.com,BE,2024-04-16
7107,Ronnie,Diaz,leeamy@example.com,FR,2025-04-05
7108,Melissa,Hall,adam05@example.net,BE,2025-08-21
7109,Brittany,Mckinney,andrewsdavid@example.com,FR,2023-05-06
7110,William,Watts,jeffrey66@example.net,NL,2023-05-11
7111,Patrick,Jones,bryanjohnson@example.net,NL,2023-04-29
7112,Katie,Hardy,johnjacobson@example.com,ES,2024-04-13
7113,Catherine,Buchanan,dixonkatelyn@example.net,BE,2025-11-17
7114,Lisa,Warner,colleen29@example.org,FR,2025-02-19
7115,Jessica,Moore,jpowell@example.net,ES,2023-04-22
7116,Lisa,Clark,robinwood@example.com,FR,2025-04-28
7117,Jacqueline,Simpson,brian89@example.net,NL,2025-12-22
7118,Jennifer,Hall,kellychristopher@example.com,BE,2024-02-25
7119,Kayla,Spencer,brenda80@example.com,DE,2025-11-12
7120,Carrie,Martinez,boydjulie@example.org,NL,2025-02-14
7121,Joyce,Day,brooksheather@example.net,BE,2024-02-20
7122,Patricia,Newton,qgarcia@example.com,NL,2023-07-13
7123,Tracy,Ingram,snowtaylor@example.org,FR,2023-08-24
7124,Jesse,Shea,christopher80@example.net,NL,2024-12-04
7125,Tiffany,Kelly,megan00@example.net,ES,2025-04-29
7126,Clinton,Castillo,grantchristina@example.org,ES,2025-07-08
7127,Crystal,Turner,erica66@example.net,NL,2025-10-31
7128,Samuel,Gomez,lguzman@example.com,FR,2024-07-09
7129,Tiffany,May,rstanley@example.com,FR,2023-03-23
7130,Frank,Jacobs,krystalbryant@example.com,FR,2024-07-05
7131,Jessica,Wilson,troystark@example.com,NL,2023-11-18
7132,Elizabeth,Garcia,danny61@example.com,DE,2026-01-28
7133,Jamie,Williams,mosleymartin@example.net,BE,2024-02-05
7134,Lorraine,Mcdowell,victor76@example.com,FR,2025-05-28
7135,Kimberly,Irwin,timothy94@example.com,NL,2024-09-09
7136,Connor,Sparks,cwise@example.org,FR,2025-10-15
7137,Danielle,Martin,seanjackson@example.org,BE,2025-09-16
7138,Julia,Jimenez,ftaylor@example.com,FR,2024-02-25
7139,Kenneth,Carpenter,gina15@example.com,NL,2023-10-17
7140,Timothy,Scott,gregory49@example.com,ES,2025-06-28
7141,Elizabeth,Singh,christopherschultz@example.net,ES,2023-06-14
7142,Patricia,Weaver,jacquelinelara@example.net,ES,2024-02-13
7143,Richard,Edwards,aaronestrada@example.net,BE,2024-12-13
7144,Beth,Hill,rodriguezjuan@example.org,DE,2025-12-24
7145,Tammy,Moore,owenjulia@example.net,NL,2025-01-29
7146,Valerie,Williams,peterskevin@example.com,BE,2026-02-02
7147,Madison,Turner,palmerdonald@example.com,DE,2023-08-20
7148,Jennifer,Walker,dayrobert@example.net,DE,2025-06-01
7149,Jason,Hernandez,strongjessica@example.com,ES,2025-01-13
7150,Tiffany,Anderson,jenna23@example.net,FR,2025-04-24
7151,Whitney,Rodriguez,darryl21@example.net,DE,2024-03-04
7152,Joshua,Morales,smithmark@example.org,ES,2023-12-12
7153,Brian,Anderson,qstewart@example.org,DE,2024-08-30
7154,Scott,Church,iball@example.net,ES,2023-12-09
7155,Donna,Tate,claire16@example.com,DE,2023-11-24
7156,Michelle,Coleman,lisa12@example.org,DE,2024-01-23
7157,Robert,Perez,nlam@example.com,BE,2025-04-08
7158,Matthew,Young,melaniemorales@example.net,BE,2023-11-12
7159,Raymond,Nelson,khall@example.com,ES,2025-09-20
7160,Kevin,Day,fisherjuan@example.net,ES,2024-02-04
7161,Lori,Combs,noahsmith@example.org,NL,2025-01-07
7162,William,Powers,holdergeorge@example.com,FR,2025-03-21
7163,Megan,Watkins,copelandtanya@example.net,DE,2025-02-17
7164,Elizabeth,Patterson,iharris@example.com,BE,2023-04-22
7165,Steven,Robinson,devonjimenez@example.org,FR,2023-11-22
7166,Robin,Holmes,tjones@example.org,DE,2024-01-17
7167,Paul,Carter,jill49@example.net,DE,2024-03-18
7168,Wendy,Jones,annalewis@example.com,NL,2023-10-31
7169,Roy,Brooks,cody88@example.org,ES,2024-06-21
7170,William,Munoz,gthomas@example.org,NL,2024-04-18
7171,James,Turner,ryanjones@example.org,BE,2023-07-05
7172,Cassie,Rosario,kellyquinn@example.net,DE,2023-06-19
7173,Kylie,Miller,john62@example.com,DE,2024-10-20
7174,Sarah,Porter,blacksteven@example.org,NL,2024-05-25
7175,Steven,Molina,pnorris@example.com,ES,2025-12-18
7176,Theresa,Boone,emartin@example.org,NL,2024-12-24
7177,Kevin,Vargas,hendrickscharles@example.org,BE,2024-11-29
7178,Aimee,Hunt,parkerdylan@example.org,DE,2024-04-02
7179,Felicia,Pratt,adriangilbert@example.com,FR,2025-03-19
7180,Emily,Brown,cathythompson@example.org,NL,2023-05-15
7181,Heather,Meyers,linda11@example.net,DE,2025-11-27
7182,Sandra,Roberts,mahoneyjames@example.org,BE,2023-07-16
7183,Darin,Warner,ashleylewis@example.net,FR,2024-05-19
7184,Margaret,Lynch,millerkatie@example.org,BE,2025-01-07
7185,Taylor,Reynolds,henryrandall@example.com,NL,2024-11-29
7186,Jennifer,Hunt,harmonwilliam@example.net,NL,2024-01-17
7187,Laura,Harrington,colleengray@example.org,ES,2023-10-23
7188,Kristen,Hughes,ihuang@example.com,DE,2025-09-18
7189,Amy,Gonzalez,linda08@example.net,ES,2026-01-31
7190,Kristen,Arnold,hgray@example.com,DE,2025-02-11
7191,Anne,Mcdonald,robertpayne@example.org,FR,2024-05-14
7192,Trevor,Gilmore,walterrogers@example.org,BE,2024-06-24
7193,Brian,Bailey,chapmannatalie@example.net,FR,2025-07-19
7194,Christopher,Bryant,patrick72@example.org,BE,2025-09-21
7195,Kelly,Washington,jennifer09@example.com,NL,2023-09-25
7196,Lisa,Richardson,james44@example.com,NL,2025-12-09
7197,Kara,Taylor,peterdavis@example.net,ES,2025-05-25
7198,Jeremy,Anderson,jimmy05@example.org,ES,2024-02-10
7199,Alison,Smith,leondaniel@example.org,FR,2023-06-02
7200,Christopher,Shaw,darren43@example.net,BE,2025-03-02
7201,Maria,Smith,smorales@example.net,BE,2024-01-24
7202,Felicia,Garza,ygalloway@example.org,ES,2025-08-10
7203,Shannon,Contreras,thomasgeorge@example.com,FR,2024-04-24
7204,Danielle,Scott,phamkevin@example.com,BE,2023-07-12
7205,Tammy,Carpenter,ybarker@example.org,DE,2024-07-23
7206,Michael,Preston,owhitehead@example.org,NL,2025-12-07
7207,Corey,Holloway,taylortim@example.net,FR,2026-01-24
7208,Austin,Osborne,morganbennett@example.com,FR,2024-08-24
7209,Kelly,Martin,inavarro@example.org,FR,2024-06-30
7210,Ruth,Patel,andersonelizabeth@example.org,NL,2023-03-23
7211,Sarah,Lewis,zandrade@example.net,DE,2023-04-07
7212,Chase,Benson,ctaylor@example.net,BE,2023-09-25
7213,Joseph,Burnett,tammyhernandez@example.org,FR,2024-02-17
7214,Julie,Eaton,brenda53@example.net,ES,2023-12-23
7215,Gregg,Hicks,larsenshannon@example.org,FR,2023-07-25
7216,Haley,Lutz,robertsteresa@example.com,NL,2025-10-05
7217,Allison,Thompson,emilyhayes@example.org,DE,2023-07-17
7218,Tammy,Kramer,carolyn49@example.com,NL,2025-02-06
7219,Matthew,Henry,ylyons@example.net,NL,2024-03-19
7220,John,Rogers,andrewgilbert@example.com,DE,2024-11-16
7221,Jennifer,Tucker,jill23@example.org,ES,2024-10-05
7222,Lisa,Kelley,jenkinssusan@example.com,NL,2024-08-13
7223,Randall,Sellers,johnbrown@example.net,NL,2023-04-05
7224,Charles,Shelton,pcopeland@example.net,ES,2024-03-17
7225,Rachel,Ellis,washingtongloria@example.net,DE,2023-09-12
7226,Christina,Taylor,christophershannon@example.net,DE,2025-11-15
7227,Edward,Jefferson,lauren78@example.org,NL,2025-04-05
7228,Phillip,Walker,kimberly67@example.com,NL,2023-03-29
7229,Samuel,Gonzalez,mromero@example.org,NL,2025-10-11
7230,Olivia,Vargas,daniellemcdonald@example.org,DE,2024-11-03
7231,Lisa,Rodriguez,smithbenjamin@example.net,FR,2025-01-01
7232,Susan,Wolfe,cruzheather@example.org,DE,2024-04-08
7233,Michael,Buck,hwilkins@example.com,DE,2023-03-25
7234,Christopher,Cardenas,aprilcoleman@example.net,DE,2024-08-13
7235,Tracy,Anderson,michael20@example.org,NL,2025-10-24
7236,Chelsea,Ayala,sheltoncolleen@example.org,NL,2026-01-03
7237,Betty,Harvey,greenisabella@example.net,FR,2024-10-11
7238,John,Perez,robinsonzachary@example.com,FR,2025-06-22
7239,Ryan,Lyons,jensenkevin@example.com,FR,2025-03-09
7240,Jodi,Adams,michelleenglish@example.net,DE,2025-09-05
7241,Lisa,Sanchez,hcoleman@example.org,BE,2024-07-31
7242,Ruben,Arnold,amandaroberson@example.net,FR,2024-07-06
7243,Samantha,Johnston,hickstroy@example.com,FR,2023-08-26
7244,Angela,Murphy,ocarter@example.com,FR,2024-09-17
7245,Steven,Wright,sgay@example.org,ES,2023-07-17
7246,Rachel,Keith,fhernandez@example.org,NL,2023-08-10
7247,Kyle,Wang,ambergordon@example.net,NL,2024-04-14
7248,Mark,Pierce,annesanchez@example.org,DE,2024-08-26
7249,Frank,Riley,jennifer48@example.com,DE,2024-06-14
7250,Ray,Hardin,racosta@example.net,FR,2025-07-03
7251,Nathan,Mullen,burtoncarol@example.net,DE,2024-02-03
7252,Darius,Hudson,kellerwillie@example.org,DE,2025-09-23
7253,Xavier,Hanna,janet55@example.net,BE,2023-05-03
7254,David,Higgins,dthompson@example.net,BE,2024-05-21
7255,Teresa,Lee,lyoung@example.net,FR,2024-06-08
7256,Pamela,Schroeder,katiemason@example.org,NL,2023-05-29
7257,Jessica,Atkins,michael85@example.com,NL,2023-04-10
7258,Joshua,Lindsey,robertdelgado@example.net,BE,2024-01-23
7259,Sara,Riley,jaime48@example.net,DE,2025-11-14
7260,Diana,Floyd,mhall@example.com,NL,2023-11-05
7261,Helen,Nichols,andrewcalderon@example.net,ES,2023-10-21
7262,David,Carlson,ecain@example.org,DE,2025-03-16
7263,Alex,West,steven62@example.org,BE,2025-09-15
7264,Derek,Oliver,austinmiller@example.net,BE,2023-06-21
7265,Beverly,Gonzalez,stephenwells@example.net,DE,2024-12-29
7266,Jennifer,Leblanc,heathermcdonald@example.com,NL,2023-11-03
7267,Laura,Arnold,aosborn@example.net,NL,2023-04-10
7268,Dale,Williamson,adamsexton@example.com,FR,2024-05-22
7269,Roger,Rice,ortegadwayne@example.com,BE,2024-06-20
7270,Nathan,Johnson,hollysosa@example.org,FR,2023-06-01
7271,Paul,Scott,rclark@example.com,ES,2023-05-25
7272,Laura,Clayton,mtownsend@example.com,ES,2025-09-26
7273,Benjamin,Whitaker,jamesvalentine@example.org,ES,2025-01-13
7274,Alicia,Jackson,wmonroe@example.org,DE,2023-08-18
7275,Ronald,Baldwin,tbaker@example.net,FR,2023-09-09
7276,Sharon,Murillo,hendersonjoseph@example.net,DE,2025-04-21
7277,Shane,Brown,bergjoan@example.org,DE,2025-10-22
7278,Michelle,Young,derekwalker@example.com,NL,2025-02-22
7279,Hannah,Morris,fowlerdaniel@example.com,ES,2025-03-28
7280,Jerry,Rogers,tammybrown@example.com,BE,2023-07-19
7281,Gregory,Brown,kellyperez@example.com,ES,2023-04-12
7282,Darius,Marshall,alexandrasimmons@example.net,ES,2025-10-25
7283,Jennifer,Reese,pjohnson@example.net,ES,2023-03-12
7284,Trevor,Duffy,patrickschultz@example.net,FR,2023-09-10
7285,Richard,Thompson,storres@example.net,DE,2024-09-07
7286,Tanner,Vincent,burketina@example.net,FR,2024-04-09
7287,Steven,Lopez,debbiemedina@example.com,FR,2025-03-29
7288,Rita,Lewis,wayne01@example.net,NL,2025-05-12
7289,Lisa,Adams,stricklandcarl@example.org,BE,2024-09-30
7290,Amanda,Smith,chamberskelsey@example.com,DE,2024-02-01
7291,Jimmy,Downs,xrangel@example.net,NL,2025-05-15
7292,Tamara,Mejia,josephlawrence@example.net,NL,2025-04-19
7293,David,Rowe,rhenry@example.net,DE,2023-02-14
7294,Kelly,Scott,sfrancis@example.net,BE,2024-02-10
7295,Shirley,Robinson,dawn54@example.com,DE,2023-07-17
7296,Morgan,Walker,marcusmartinez@example.org,DE,2025-11-24
7297,Anthony,Taylor,bradfordmegan@example.net,DE,2025-03-17
7298,Christopher,Barrera,kwest@example.net,ES,2023-11-28
7299,Kimberly,Diaz,ojohnson@example.org,NL,2026-01-13
7300,Gene,Lopez,kimhopkins@example.com,NL,2024-03-25
7301,Melissa,Rhodes,glucas@example.com,BE,2025-11-10
7302,Micheal,Conway,jamesjohnson@example.com,FR,2025-04-27
7303,Brandon,Morris,greencolin@example.net,BE,2023-11-21
7304,Arthur,Peterson,willie25@example.org,FR,2024-06-23
7305,Matthew,Browning,rguzman@example.org,BE,2023-07-26
7306,George,Maxwell,kennethnguyen@example.org,ES,2025-10-28
7307,Patricia,Green,kingjoshua@example.com,ES,2024-09-07
7308,Robert,Taylor,mcarrillo@example.org,DE,2025-03-16
7309,Krista,Simmons,vanessathomas@example.org,FR,2024-08-23
7310,Kevin,Adams,carlalee@example.org,FR,2025-09-12
7311,Elijah,Walsh,wmunoz@example.org,DE,2024-08-15
7312,Penny,Mitchell,istewart@example.com,DE,2023-03-10
7313,Marvin,Ibarra,salazarwarren@example.com,NL,2024-11-21
7314,Kevin,Phillips,oscar62@example.org,NL,2025-10-06
7315,Christina,Boyd,xbender@example.com,FR,2023-05-06
7316,Renee,Chapman,yhernandez@example.com,BE,2024-01-08
7317,John,Davenport,mariarobbins@example.net,BE,2024-03-03
7318,Robert,Kelley,nelsonkristen@example.net,FR,2024-09-15
7319,Kelsey,Skinner,jillianwilliams@example.com,ES,2023-12-18
7320,Holly,Knight,wolfesusan@example.org,ES,2024-03-01
7321,Derrick,Lopez,oyork@example.org,ES,2025-10-01
7322,Jacob,Singh,brianjordan@example.net,BE,2025-05-17
7323,Patricia,Benitez,asmith@example.com,FR,2023-05-31
7324,Catherine,Harris,mccoywilliam@example.com,FR,2023-05-08
7325,Briana,Hall,parsonsbrandi@example.com,FR,2025-03-21
7326,Heather,Scott,joseph48@example.com,DE,2025-04-25
7327,Jason,Bowman,melindadiaz@example.com,FR,2024-05-02
7328,Samuel,Schneider,shannon54@example.net,BE,2025-09-16
7329,Eric,Fox,qraymond@example.org,DE,2024-04-02
7330,Veronica,Gordon,drakeconnor@example.com,NL,2023-09-14
7331,Kevin,Anderson,kbentley@example.com,BE,2024-03-20
7332,Sheila,Daniels,poncesophia@example.net,ES,2024-11-24
7333,Brenda,Reid,jorge25@example.com,NL,2023-08-24
7334,Jonathan,Avila,tthompson@example.net,DE,2023-05-28
7335,Ricky,Huang,jill59@example.net,DE,2024-09-12
7336,Adam,Parks,thompsonwillie@example.com,DE,2024-10-25
7337,Robert,Reeves,johnathan17@example.org,DE,2024-10-10
7338,Scott,Brown,davidpadilla@example.org,BE,2024-03-20
7339,Leslie,Wilson,tyrone36@example.net,ES,2023-12-15
7340,John,Hughes,burnettamanda@example.com,ES,2024-01-08
7341,Karen,Hill,adrienne29@example.net,NL,2025-08-27
7342,Paul,Morse,sandra80@example.org,DE,2025-03-10
7343,Jasmine,Bradley,etaylor@example.com,FR,2024-02-14
7344,Megan,Greene,brianwalker@example.org,NL,2023-06-29
7345,Melanie,Hunt,joebaker@example.net,BE,2023-07-13
7346,Justin,Patel,hansonbenjamin@example.net,DE,2024-03-10
7347,Garrett,Hull,hancockdavid@example.com,ES,2023-08-16
7348,James,Palmer,gowens@example.org,NL,2023-12-14
7349,Stephanie,Richardson,jacob14@example.com,BE,2024-07-04
7350,Melissa,Williams,wrightedwin@example.org,DE,2025-11-16
7351,Eric,Miller,tylerrodriguez@example.net,NL,2025-07-19
7352,Darius,Schneider,ahopkins@example.com,NL,2025-10-30
7353,Yvonne,Jordan,cbrennan@example.com,FR,2025-12-07
7354,Cody,Bonilla,seth02@example.net,BE,2025-11-05
7355,Tina,Crawford,georgewatson@example.com,BE,2025-09-04
7356,Jessica,Vaughn,patrickschwartz@example.com,DE,2025-03-18
7357,Karen,Williams,irichardson@example.net,NL,2024-07-07
7358,David,Kennedy,alejandroestes@example.org,ES,2025-10-13
7359,Nathan,Johnson,ashley39@example.net,BE,2023-05-18
7360,Jaime,Hines,jeffrey82@example.com,NL,2023-11-27
7361,Douglas,Thomas,jackli@example.com,NL,2023-08-18
7362,Todd,Lyons,rachel69@example.org,DE,2025-09-13
7363,Jorge,Tran,haydenjohn@example.org,ES,2025-04-04
7364,Molly,Leon,veronicabentley@example.com,BE,2025-04-19
7365,Danielle,Stone,mark11@example.net,BE,2023-08-12
7366,Kristen,Wright,robert58@example.com,DE,2024-06-27
7367,Nathan,Kelley,cclark@example.org,BE,2024-12-18
7368,Rebecca,Choi,sarah70@example.com,NL,2025-06-09
7369,Ronnie,Smith,ybutler@example.net,DE,2025-08-25
7370,Robert,Price,durhamjerry@example.com,ES,2025-10-24
7371,Edward,Jones,andrewvillegas@example.org,ES,2024-12-21
7372,Michael,Johnson,kimberly46@example.net,BE,2025-11-16
7373,Victoria,French,frankgordon@example.com,DE,2023-12-23
7374,Debbie,Hogan,margaretchen@example.org,ES,2023-10-29
7375,Daniel,Flores,rosscory@example.net,FR,2025-09-13
7376,Alexandra,James,smithdavid@example.net,ES,2025-03-07
7377,Frederick,Haney,kevin41@example.org,FR,2024-11-10
7378,Shelley,Malone,wlee@example.com,ES,2024-09-16
7379,Jacqueline,Jones,samuel95@example.com,DE,2025-04-11
7380,Sherry,Johnson,marcus18@example.org,ES,2023-10-08
7381,Elizabeth,Newton,christophermarks@example.net,FR,2025-10-12
7382,Christopher,Stone,douglasroberts@example.com,ES,2024-02-21
7383,Maria,Oconnor,megan04@example.net,NL,2024-05-20
7384,Brittany,Mcconnell,ronnie23@example.org,DE,2023-03-05
7385,Patrick,Foley,cherylfernandez@example.com,BE,2025-01-07
7386,Joseph,Stanley,garrettstephanie@example.org,ES,2025-06-18
7387,Cory,Bishop,coxjoseph@example.com,FR,2023-11-26
7388,Carlos,Lowe,tharrington@example.net,BE,2026-01-04
7389,Jason,Nelson,xlarson@example.net,DE,2024-03-06
7390,Wesley,Vang,ortizamanda@example.org,ES,2025-04-29
7391,Amanda,Thornton,vhensley@example.com,NL,2023-09-01
7392,Andrew,Wells,wilkinsann@example.com,ES,2024-10-02
7393,David,Garcia,hedwards@example.org,NL,2024-12-30
7394,Daniel,Mcgrath,sarah19@example.com,DE,2024-05-27
7395,Rebecca,Mcdaniel,justinshelton@example.com,BE,2025-01-06
7396,Alexis,Lin,perezsusan@example.org,ES,2024-12-01
7397,Michelle,Walsh,duncankenneth@example.net,BE,2024-05-03
7398,Allison,Hunt,andersonsue@example.org,ES,2023-07-22
7399,Timothy,Allen,ywilliams@example.net,DE,2023-04-11
7400,Victoria,Jones,mullinsamber@example.com,FR,2025-06-16
7401,Matthew,Morris,browndeborah@example.com,BE,2023-10-04
7402,Lisa,Moses,anthonywilliams@example.org,DE,2024-01-22
7403,Matthew,Phillips,gweber@example.com,BE,2024-01-03
7404,Yvette,Ali,timothy92@example.org,NL,2024-11-11
7405,Charles,Carter,benjamin57@example.net,NL,2024-03-30
7406,Angela,Davis,hmejia@example.net,DE,2024-05-29
7407,Patricia,Daniels,kevinwoods@example.org,FR,2025-10-07
7408,Sandra,Gonzales,apeters@example.net,FR,2023-06-08
7409,Ricky,Moyer,rachaelpeters@example.com,ES,2023-06-16
7410,Amanda,Wells,matthewgraves@example.org,DE,2025-03-22
7411,Eric,Mcintosh,blittle@example.com,NL,2025-01-15
7412,Angel,Hammond,loconnor@example.net,DE,2025-04-02
7413,Kaitlyn,Garcia,robertmyers@example.net,ES,2024-02-17
7414,Joyce,Aguirre,davila@example.org,NL,2024-07-16
7415,Dana,Ortiz,meltontracy@example.net,NL,2024-01-24
7416,Kevin,Rowe,manuelnixon@example.org,ES,2025-09-07
7417,Megan,Castro,qleonard@example.com,ES,2025-11-02
7418,Kimberly,Floyd,huntemma@example.com,BE,2024-06-06
7419,Traci,Aguilar,jennifer74@example.com,BE,2023-09-24
7420,Sheila,Morrow,johnstonmatthew@example.net,BE,2024-07-31
7421,Jennifer,Brown,veronica61@example.net,DE,2023-11-16
7422,Virginia,Singh,liumichelle@example.com,NL,2024-07-07
7423,Catherine,Hanson,garciamargaret@example.com,NL,2023-03-23
7424,Ashley,Williams,margaretwalsh@example.net,DE,2023-02-18
7425,Joseph,Peters,ysharp@example.net,ES,2025-01-10
7426,Seth,Ross,larry96@example.net,ES,2025-11-17
7427,Rebecca,Gilbert,codyfrench@example.com,NL,2024-09-15
7428,Katelyn,Stewart,hudsonwilliam@example.com,FR,2025-06-09
7429,Laurie,Bailey,hollydavidson@example.com,DE,2024-08-20
7430,Lori,Berry,syates@example.net,BE,2024-10-26
7431,Dawn,Harris,jeffrey65@example.com,FR,2023-02-10
7432,Katherine,Quinn,osolomon@example.org,BE,2025-07-01
7433,Elizabeth,Rose,deborahthomas@example.net,BE,2023-02-17
7434,Mary,Wood,portersandra@example.org,ES,2025-07-11
7435,Benjamin,Gonzales,christinablack@example.net,NL,2025-10-26
7436,Wyatt,Davis,alexandria10@example.com,ES,2025-03-01
7437,Philip,Wyatt,matthewanthony@example.org,NL,2023-07-25
7438,Richard,Rivas,alyssa31@example.org,FR,2023-02-27
7439,Emily,Burnett,peggymorrison@example.net,NL,2025-07-11
7440,Mary,Adams,joseanderson@example.com,ES,2023-02-25
7441,Jeanne,Hamilton,cholmes@example.org,FR,2023-08-17
7442,Susan,Thomas,richard76@example.org,ES,2023-02-11
7443,Deborah,Kirby,toddsims@example.org,DE,2026-01-02
7444,Robert,Cannon,wendymontgomery@example.org,DE,2023-05-04
7445,Philip,Camacho,twood@example.com,DE,2023-06-02
7446,William,Dean,allenstephanie@example.org,ES,2025-04-07
7447,Dorothy,Raymond,james50@example.com,FR,2023-08-07
7448,Alison,Mays,michael98@example.com,FR,2024-08-11
7449,Amy,Andrews,kimdowns@example.org,ES,2025-07-01
7450,Terri,Adams,debrawilliams@example.org,FR,2024-03-24
7451,Brian,Rice,johnmiller@example.org,NL,2025-05-01
7452,Dawn,Brown,matthewsrobert@example.org,DE,2023-10-04
7453,David,Ball,harry74@example.org,BE,2023-02-05
7454,Samantha,Monroe,davidjohnson@example.com,BE,2023-03-14
7455,Beth,Franklin,russellheather@example.com,BE,2024-06-01
7456,Meredith,Werner,lindsayburns@example.net,BE,2023-06-27
7457,Lisa,Norman,ifrederick@example.org,DE,2025-09-17
7458,Hannah,Shaffer,angeladavis@example.net,FR,2024-07-31
7459,Stephanie,Leach,carrollangela@example.net,NL,2024-01-02
7460,Daniel,Malone,robinsonkristen@example.org,NL,2025-05-25
7461,Christina,Moore,eric52@example.net,NL,2026-01-15
7462,Tracy,Owens,jasonschmidt@example.org,DE,2023-06-14
7463,Kelly,Richmond,cookstanley@example.net,DE,2025-04-24
7464,Latoya,Kirby,sandra15@example.com,DE,2023-08-16
7465,Brenda,Hines,katherinefrey@example.net,DE,2025-11-14
7466,David,Lynch,abigail34@example.org,FR,2025-05-07
7467,Mario,Winters,christine60@example.com,ES,2023-06-14
7468,Jennifer,Walter,alvarezdavid@example.net,FR,2025-08-18
7469,William,Blackwell,victor92@example.com,ES,2023-07-22
7470,Nichole,Bernard,ecannon@example.org,DE,2024-11-11
7471,Autumn,Robbins,brocklance@example.net,DE,2023-12-28
7472,Christina,Davis,jefferyesparza@example.net,FR,2024-04-29
7473,Brian,Patterson,kylejohnson@example.com,DE,2024-03-23
7474,Terri,Chavez,smithsamantha@example.net,ES,2023-05-12
7475,Jennifer,White,williamsalan@example.net,DE,2024-07-29
7476,Benjamin,Smith,pkemp@example.org,FR,2024-05-25
7477,James,Fuller,rosealvarez@example.com,FR,2023-02-19
7478,Valerie,Howard,robertzamora@example.com,BE,2025-12-23
7479,Christian,Marshall,gibbsshelley@example.com,BE,2025-04-01
7480,Charles,Roach,marissa45@example.net,BE,2024-02-11
7481,Katie,Gray,ewatson@example.org,FR,2024-04-27
7482,Michael,Flores,margaretbowman@example.org,NL,2024-09-09
7483,Philip,Kelly,jobarnes@example.net,FR,2025-05-15
7484,April,Porter,kyle59@example.com,ES,2024-03-31
7485,Michael,Carson,charlesskinner@example.net,FR,2025-03-22
7486,Daniel,Harris,eburke@example.net,ES,2025-01-23
7487,Alisha,Hughes,robertlee@example.com,ES,2023-05-16
7488,Susan,Harper,yadams@example.net,ES,2025-02-27
7489,Matthew,Barton,kristiedavis@example.org,ES,2023-08-15
7490,Brittany,Pearson,joanowens@example.net,FR,2025-09-24
7491,Chloe,Thomas,cwhite@example.org,BE,2024-12-11
7492,Katelyn,Mcmahon,heathermorrison@example.com,ES,2023-07-04
7493,Jonathan,Mitchell,zdickson@example.org,NL,2025-03-24
7494,Jonathan,Meyers,cassidy16@example.org,NL,2024-01-18
7495,Gregory,Adams,raymondshields@example.org,DE,2023-05-13
7496,Elizabeth,Klein,ppotter@example.com,DE,2025-07-31
7497,Katrina,Gonzales,hillkristen@example.net,DE,2023-12-11
7498,Robin,Nichols,pwagner@example.com,ES,2023-03-17
7499,Anthony,Peterson,william71@example.org,BE,2025-11-14
7500,Alexandria,Howard,daltonmichelle@example.com,DE,2024-09-14
7501,Sean,Ford,lopezamanda@example.com,BE,2024-09-27
7502,Megan,Spencer,haleytimothy@example.org,ES,2023-02-06
7503,Whitney,Nelson,ychoi@example.org,BE,2024-06-09
7504,Bill,Garcia,jasontaylor@example.org,NL,2023-03-22
7505,Candice,Brooks,kevinherrera@example.net,DE,2024-03-25
7506,Jason,Jones,urivera@example.com,NL,2024-06-20
7507,Donald,Moore,houseandrew@example.net,NL,2023-03-17
7508,Sarah,Murray,fcordova@example.net,FR,2023-08-25
7509,Mark,Allen,audrey90@example.net,FR,2023-10-11
7510,Heather,Griffith,tonya81@example.net,NL,2025-12-06
7511,Julia,Torres,michele63@example.com,BE,2023-11-10
7512,Karen,Grant,thomasbrown@example.com,DE,2023-07-11
7513,Wanda,Dominguez,kellerjeremy@example.com,ES,2024-01-15
7514,Robert,Sutton,cameron33@example.net,FR,2024-05-27
7515,Melissa,Ford,andersonkimberly@example.com,NL,2023-10-08
7516,Jason,Kemp,ohernandez@example.com,ES,2026-01-05
7517,Lindsey,Smith,scott47@example.net,DE,2025-04-12
7518,Ian,Lopez,zmendoza@example.org,FR,2025-06-06
7519,Victoria,Jordan,nancybuchanan@example.org,ES,2024-09-11
7520,Steven,Washington,karlafrank@example.org,DE,2024-08-05
7521,Bailey,Hooper,fhill@example.com,FR,2024-01-24
7522,Kelly,Harris,austinkelly@example.com,DE,2023-07-11
7523,Michelle,Cordova,shepardjessica@example.com,ES,2023-05-20
7524,Julie,Brennan,rickyrice@example.net,FR,2025-06-25
7525,Austin,Sullivan,taylorcarrie@example.org,FR,2025-06-13
7526,Lisa,Rodriguez,drewfranklin@example.net,ES,2025-02-14
7527,Joseph,Brown,joannesheppard@example.net,FR,2023-03-21
7528,Jose,Ray,zhall@example.com,NL,2025-01-28
7529,Mary,Valdez,meganreyes@example.net,ES,2023-12-18
7530,David,Robinson,richardbrown@example.org,NL,2024-12-01
7531,Emily,Perry,mford@example.net,NL,2024-05-05
7532,Alex,Jackson,brownlaurie@example.com,FR,2023-05-23
7533,Nathan,King,jennifer83@example.net,NL,2024-04-17
7534,Jerry,Cortez,brittanypowell@example.org,BE,2023-09-02
7535,Aaron,Jimenez,christina66@example.com,ES,2023-07-31
7536,Joshua,Brown,rcameron@example.com,FR,2025-01-19
7537,Jacqueline,Lewis,brandon47@example.net,NL,2023-10-11
7538,Valerie,Raymond,thomas27@example.com,FR,2023-06-06
7539,Laurie,Adams,zunigaronald@example.org,DE,2024-02-16
7540,Amanda,Whitaker,shaunlarson@example.org,FR,2025-04-08
7541,Cynthia,Snyder,garythomas@example.net,FR,2023-12-16
7542,Amanda,Webb,morgansteven@example.com,ES,2025-07-20
7543,James,Copeland,josephrobertson@example.com,ES,2025-08-19
7544,Austin,Knox,cynthiaross@example.org,BE,2023-06-18
7545,Heather,Greer,tgarza@example.com,ES,2024-04-08
7546,Robert,Young,katherine39@example.net,ES,2024-10-14
7547,Amy,Lowe,laura70@example.org,BE,2024-03-16
7548,Haley,Williams,christina42@example.com,BE,2023-05-12
7549,Alejandro,Jones,kristine70@example.com,FR,2023-09-14
7550,Ann,Davis,gonzalezstephanie@example.com,DE,2023-10-02
7551,Linda,Kerr,owensmichael@example.com,ES,2025-08-29
7552,Nicholas,Craig,nicole03@example.com,DE,2023-06-29
7553,Cynthia,Morgan,emilymurillo@example.org,ES,2023-10-28
7554,James,Price,benjamin46@example.net,ES,2025-09-08
7555,Reginald,Allen,oglenn@example.com,DE,2024-03-30
7556,Melissa,Johnson,dtanner@example.org,DE,2025-02-09
7557,William,Smith,nicolerodriguez@example.net,NL,2023-09-19
7558,Megan,Velazquez,brendaholt@example.org,BE,2025-12-05
7559,Maria,Reed,antonioreeves@example.net,ES,2023-09-29
7560,Tammy,Adkins,davispaula@example.net,BE,2025-10-28
7561,Frances,Taylor,diane73@example.org,ES,2023-11-19
7562,Ralph,Reyes,michael73@example.com,FR,2026-01-14
7563,Jennifer,Young,vargasjoseph@example.com,FR,2024-07-15
7564,Paul,Bradford,frankmorton@example.org,NL,2024-09-25
7565,Paul,Reeves,jacksonheather@example.net,ES,2025-08-23
7566,Laura,Key,tuckercraig@example.com,DE,2025-12-30
7567,Linda,Morris,leebrian@example.org,FR,2023-12-12
7568,Jessica,Robertson,calvin65@example.net,DE,2024-05-25
7569,Nichole,Mcguire,rebeccajohnson@example.com,BE,2025-05-18
7570,Sharon,Evans,alexandertammy@example.net,ES,2024-12-14
7571,Katherine,Rodriguez,kathryn13@example.com,FR,2024-02-08
7572,Kirk,Murphy,josephlucero@example.net,ES,2024-11-04
7573,Brian,Bernard,westpeter@example.com,BE,2025-05-23
7574,Sarah,Nguyen,msuarez@example.net,ES,2025-02-25
7575,Darren,Jones,wwagner@example.net,BE,2025-07-23
7576,Kimberly,Smith,dalecarpenter@example.com,NL,2023-05-21
7577,Susan,Jackson,xcohen@example.org,FR,2026-01-04
7578,Elizabeth,Sanford,jaredrichardson@example.com,NL,2023-07-13
7579,Elizabeth,Miller,lopezchristopher@example.com,ES,2023-04-08
7580,Samantha,Porter,randallcarlson@example.net,DE,2023-08-02
7581,Michael,Nichols,johnsonkyle@example.net,DE,2023-08-06
7582,Russell,Allen,john60@example.net,NL,2024-11-20
7583,Charles,Roberts,bernardamy@example.net,BE,2025-11-05
7584,Amanda,Bradshaw,allison36@example.org,FR,2025-12-14
7585,Linda,Romero,jameswallace@example.net,ES,2023-07-30
7586,Joshua,Wallace,ralphwilliams@example.org,FR,2023-02-09
7587,Denise,Townsend,scott57@example.org,FR,2025-08-11
7588,Eric,Richardson,kimpatterson@example.org,NL,2024-08-24
7589,Bobby,Carlson,rebeccahoffman@example.com,DE,2023-08-18
7590,Chad,Salazar,jason35@example.org,ES,2025-05-24
7591,Monica,Rogers,barbarabird@example.org,NL,2023-04-05
7592,Jeffery,Montgomery,gregory81@example.org,FR,2024-09-07
7593,Eric,Navarro,mendeztimothy@example.org,NL,2023-03-16
7594,Andre,Rose,ddavidson@example.com,DE,2024-02-27
7595,Maria,Phillips,zramirez@example.net,NL,2024-07-22
7596,Thomas,Andrews,brittney94@example.org,NL,2024-02-15
7597,Justin,Gutierrez,ydavidson@example.net,FR,2024-11-22
7598,Jack,Collins,mariamccormick@example.com,NL,2023-11-22
7599,John,King,wstuart@example.net,NL,2023-06-01
7600,Diane,Gutierrez,yyoder@example.net,ES,2024-09-04
7601,Tracy,Stewart,taylorlindsay@example.com,ES,2023-03-04
7602,Christine,Vazquez,dortega@example.net,NL,2024-07-08
7603,Melissa,Bond,awatson@example.org,NL,2023-05-19
7604,Ashley,Cooke,keitharcher@example.net,NL,2024-04-21
7605,Jessica,Bell,dmack@example.org,DE,2025-06-03
7606,Meagan,Morton,plowe@example.com,BE,2025-08-02
7607,Jessica,Rhodes,harriskayla@example.net,BE,2024-11-23
7608,Taylor,Richardson,nicolepoole@example.net,ES,2025-03-14
7609,Brandon,Taylor,caitlin49@example.com,NL,2025-10-26
7610,Julie,Patterson,stephenwhite@example.net,DE,2024-03-31
7611,Douglas,Walsh,hchang@example.com,NL,2023-03-10
7612,Christopher,Lowery,smithmichael@example.org,FR,2024-10-02
7613,Todd,Hernandez,david01@example.net,DE,2023-04-04
7614,Matthew,Goodman,stacychandler@example.com,BE,2024-08-09
7615,Theresa,Vincent,richardsonmegan@example.org,NL,2025-01-15
7616,Carrie,Anderson,seanquinn@example.net,BE,2024-09-13
7617,Jessica,Murphy,emilyhoffman@example.net,ES,2025-05-15
7618,Samantha,Marshall,elizabeth15@example.net,DE,2023-04-08
7619,Colleen,Cohen,jessicaduffy@example.com,ES,2023-07-27
7620,Katherine,Hall,cartergail@example.net,DE,2025-06-12
7621,Paula,Martinez,uharris@example.net,DE,2023-12-23
7622,Gordon,Moon,adrianclark@example.net,DE,2023-08-27
7623,Christopher,Guzman,pmccoy@example.net,BE,2024-08-06
7624,Robin,Perez,ndeleon@example.org,ES,2025-04-17
7625,Nathan,Chan,johnsonscott@example.org,FR,2025-08-25
7626,Heather,Curtis,emilyramirez@example.org,DE,2025-11-28
7627,Anthony,Tapia,ethan13@example.net,FR,2023-11-06
7628,Teresa,Hernandez,tommy23@example.net,NL,2025-04-13
7629,Briana,Austin,ewilkerson@example.net,DE,2024-06-23
7630,Hayley,Miller,glenn26@example.net,ES,2023-05-31
7631,Lydia,Garcia,kellywalton@example.net,NL,2025-08-27
7632,Nancy,Jensen,jeffreyking@example.com,NL,2024-08-06
7633,Joshua,Hall,amandasmith@example.net,NL,2025-12-16
7634,Tara,Garcia,curtis82@example.org,NL,2025-07-17
7635,Angela,Logan,stephen88@example.com,NL,2025-05-21
7636,Shelby,Jackson,madisonnorman@example.com,BE,2023-04-02
7637,Philip,Kennedy,cookkimberly@example.org,FR,2024-11-30
7638,Brandi,Glover,kgreen@example.com,BE,2024-03-21
7639,Pamela,Moreno,jayala@example.com,DE,2026-01-21
7640,Raymond,Macdonald,charlottenicholson@example.com,ES,2023-10-03
7641,Steven,Mckee,andrea31@example.com,ES,2025-11-30
7642,Haley,Ruiz,kellymolly@example.com,BE,2023-08-18
7643,Patrick,Rhodes,spayne@example.org,ES,2025-08-04
7644,Michael,Simmons,lowerykendra@example.net,DE,2024-05-30
7645,Amy,Martin,andreabyrd@example.net,FR,2023-06-15
7646,Julie,Harrison,mclark@example.com,BE,2024-12-15
7647,Debbie,Davis,bspencer@example.org,NL,2024-04-10
7648,Daniel,Barnett,candice32@example.org,NL,2024-05-24
7649,Jasmine,Woods,harrisjanet@example.org,ES,2023-09-01
7650,Rebecca,Castaneda,hardytaylor@example.org,FR,2023-09-17
7651,Jamie,Snyder,beckersteven@example.org,DE,2025-09-22
7652,Bridget,Washington,guzmantaylor@example.net,NL,2023-11-04
7653,John,Spencer,melissa73@example.com,NL,2023-05-24
7654,Leslie,Jones,marie77@example.com,NL,2025-01-27
7655,Joseph,Barton,david38@example.net,BE,2024-08-21
7656,Angel,Johnson,wongalice@example.org,DE,2025-10-24
7657,Jamie,Knapp,roblescorey@example.net,NL,2024-05-21
7658,Wayne,Ortiz,cturner@example.org,NL,2025-09-04
7659,Julie,Reynolds,toddwarren@example.org,BE,2024-09-25
7660,Daniel,Ramirez,joseph01@example.org,ES,2026-01-17
7661,Brandy,Foster,susanwhite@example.net,ES,2025-07-25
7662,Donald,Gonzales,chapmanbradley@example.com,BE,2025-11-09
7663,Samantha,Carlson,jacqueline74@example.net,NL,2025-09-15
7664,Dustin,Price,warnerkimberly@example.org,BE,2023-04-30
7665,Michael,Grimes,briggskrista@example.org,NL,2023-10-24
7666,Keith,Lopez,coreyyoder@example.net,NL,2024-04-19
7667,Danny,White,burnsjonathan@example.net,ES,2023-10-31
7668,Bryan,Harrington,loweian@example.net,BE,2024-08-08
7669,Dana,Curtis,ramirezwayne@example.net,BE,2023-08-02
7670,Alison,Wolfe,edgarlambert@example.org,ES,2024-02-26
7671,Kristin,Smith,flowersjoe@example.com,DE,2023-04-11
7672,Jennifer,Hurley,hernandezjoshua@example.org,ES,2023-10-05
7673,Rebecca,Parsons,hryan@example.org,FR,2024-12-06
7674,Michael,Gonzales,sydneyhayes@example.org,FR,2024-11-11
7675,Kimberly,Williams,matthewperez@example.com,NL,2025-12-31
7676,Zoe,Bowman,burnsedward@example.com,DE,2023-05-04
7677,Elizabeth,Daniel,walterdanielle@example.com,ES,2023-06-01
7678,Lee,Beck,yvette72@example.org,ES,2024-11-10
7679,Frank,Carter,odavis@example.net,NL,2025-10-23
7680,Christopher,Daniels,harperian@example.org,DE,2023-10-09
7681,Sarah,Wise,duffytodd@example.net,FR,2023-02-09
7682,Sarah,Davis,rosalesjacqueline@example.net,ES,2023-06-25
7683,Christian,Gomez,thomas15@example.com,DE,2025-06-02
7684,Emily,Watts,brian50@example.org,ES,2024-05-10
7685,Kathleen,Hernandez,richardwatson@example.net,NL,2025-07-01
7686,Dylan,Fleming,samuel17@example.net,NL,2025-06-27
7687,Sarah,Robles,tamara75@example.org,BE,2025-06-16
7688,Christina,Nelson,rodriguezchelsea@example.net,DE,2026-02-01
7689,Kelly,Fuller,annamora@example.com,DE,2023-05-24
7690,Michael,Morrison,ricardo36@example.org,NL,2024-08-24
7691,Samantha,Burke,garciacourtney@example.com,ES,2025-04-17
7692,Devon,Richardson,thomasgill@example.org,BE,2023-11-30
7693,Angela,Hill,daisyreilly@example.net,NL,2026-01-15
7694,Jason,Austin,ojuarez@example.net,FR,2024-11-07
7695,Gregory,Day,mtran@example.net,NL,2024-07-04
7696,Elizabeth,Smith,simmonsrichard@example.org,BE,2024-04-28
7697,William,Garcia,melissa14@example.net,DE,2024-05-19
7698,Jessica,Curry,robert51@example.org,ES,2025-01-16
7699,Karina,Bass,kellyrodriguez@example.com,ES,2024-03-24
7700,Vincent,Turner,jasonrogers@example.com,ES,2023-10-17
7701,Christine,Leon,lmcclain@example.net,BE,2023-11-23
7702,Janice,Clark,samanthanichols@example.org,FR,2025-02-11
7703,Bailey,Smith,barajassusan@example.net,FR,2025-01-15
7704,Loretta,Alvarado,samuel47@example.net,ES,2025-11-04
7705,Blake,Curry,ewalter@example.com,FR,2024-07-27
7706,Mason,Ferguson,crystal20@example.org,BE,2024-10-15
7707,Cassandra,Myers,tsantos@example.com,FR,2023-04-23
7708,Lisa,Clark,mark49@example.net,ES,2023-07-03
7709,Danielle,Adams,parkernicole@example.com,BE,2025-03-29
7710,Karen,Lopez,imcneil@example.com,FR,2023-04-08
7711,Amy,Snyder,karirhodes@example.org,FR,2023-08-16
7712,Patrick,Hardin,ryan99@example.org,ES,2024-05-04
7713,Aaron,Long,kathryn63@example.org,DE,2025-11-08
7714,Travis,Gross,andersonjody@example.com,FR,2023-03-04
7715,Luis,Evans,balexander@example.org,NL,2024-03-12
7716,Christopher,Parker,karenodonnell@example.com,NL,2023-10-26
7717,Gail,Collins,tonya18@example.org,BE,2023-02-04
7718,Melissa,Horn,ihamilton@example.org,DE,2025-08-07
7719,Russell,Holloway,brandiwilkinson@example.org,BE,2025-01-01
7720,Sarah,Bass,zcowan@example.com,ES,2024-05-21
7721,Oscar,Reed,christine16@example.com,DE,2024-11-24
7722,Dylan,Griffin,powellsusan@example.com,DE,2024-07-06
7723,Sabrina,Jacobson,alexanderjames@example.net,DE,2025-08-03
7724,Abigail,Jones,icampbell@example.com,NL,2025-08-04
7725,Seth,Klein,stephenmeza@example.net,BE,2024-04-20
7726,Raymond,Rodriguez,krivers@example.org,BE,2024-12-14
7727,Jason,Alexander,millstony@example.com,BE,2023-02-17
7728,Zachary,Noble,mcopeland@example.net,DE,2025-04-11
7729,Mary,Cooke,ambermorgan@example.org,FR,2026-01-04
7730,Laura,Fischer,roberthuynh@example.net,FR,2023-05-05
7731,Ashley,Barnett,jessebullock@example.net,BE,2026-01-04
7732,Adam,Stephens,lwhite@example.org,FR,2023-12-27
7733,Stephanie,Smith,wendy30@example.net,DE,2024-07-08
7734,Dillon,Avila,lfitzpatrick@example.com,ES,2024-04-16
7735,Christopher,Smith,sandra20@example.net,BE,2023-04-08
7736,Christopher,Montoya,anna18@example.net,FR,2025-05-08
7737,Michael,Jones,iedwards@example.org,FR,2025-09-15
7738,Nathan,Gonzalez,heathertownsend@example.net,DE,2025-02-11
7739,Adam,Sims,pbrewer@example.net,NL,2025-10-21
7740,April,Hopkins,rodriguezshawn@example.net,ES,2024-08-19
7741,Kimberly,York,annette83@example.net,DE,2025-11-15
7742,Michael,Brown,ubender@example.org,ES,2025-10-05
7743,Tiffany,Johnson,jasonallen@example.org,DE,2024-07-10
7744,Matthew,Maldonado,soconnell@example.com,ES,2024-10-15
7745,Jennifer,Hughes,joshua57@example.com,ES,2024-03-08
7746,Alan,Rodriguez,peter10@example.com,NL,2025-10-24
7747,Timothy,Oliver,danieltina@example.org,FR,2025-04-20
7748,Courtney,Hawkins,ccollins@example.org,DE,2025-11-18
7749,Maria,Daniels,morrisdouglas@example.com,NL,2023-11-25
7750,Ariel,French,vanessaperez@example.com,BE,2025-05-29
7751,Brian,Rasmussen,perkinskathleen@example.org,ES,2025-05-20
7752,Michael,Page,xpetersen@example.net,ES,2025-10-31
7753,Tonya,Schultz,raymondmoore@example.net,FR,2023-08-31
7754,Marilyn,Roach,natashaklein@example.com,FR,2024-01-28
7755,Jacob,Sanchez,ramseywilliam@example.com,DE,2024-11-28
7756,Samantha,Hudson,natasha21@example.org,NL,2024-12-19
7757,Brittany,Burns,meyerashley@example.org,DE,2023-04-23
7758,Deanna,Bradley,zacharybarry@example.org,NL,2025-08-02
7759,Sarah,Mitchell,margaretsmith@example.org,NL,2023-02-10
7760,Reginald,Williams,barnesrachel@example.net,BE,2025-07-13
7761,Elizabeth,Schroeder,bakerronald@example.com,ES,2025-04-02
7762,Mark,Howell,harrischristina@example.net,FR,2025-08-24
7763,Andrew,Odonnell,megan04@example.com,NL,2023-06-21
7764,Kevin,Cameron,mitchelllaura@example.org,FR,2025-10-08
7765,Christy,Gray,scottwalls@example.org,FR,2025-10-07
7766,Victor,Johnston,matthewdouglas@example.org,NL,2025-02-19
7767,Nicole,Dyer,fischerjonathan@example.net,NL,2025-08-21
7768,Dawn,Alexander,joshuadaniels@example.net,ES,2024-05-18
7769,Robert,Alexander,nortonsteven@example.org,BE,2025-06-10
7770,Gregory,Valdez,sara25@example.org,ES,2023-12-07
7771,Ivan,Hull,sevans@example.org,BE,2024-03-23
7772,Jonathan,Brady,jeremiah29@example.net,NL,2023-08-03
7773,Timothy,Adams,ogreen@example.com,BE,2023-06-14
7774,Joseph,Hernandez,andrewodom@example.net,FR,2025-02-04
7775,Jamie,Rice,hunterhanna@example.net,FR,2025-05-06
7776,Brenda,Brooks,john61@example.com,FR,2024-07-30
7777,Jeanne,Baker,nallen@example.org,BE,2024-11-20
7778,Gregory,Fields,pam01@example.net,NL,2023-02-27
7779,David,Lee,jeffersonsylvia@example.org,BE,2023-05-06
7780,Katrina,Henry,loretta45@example.org,DE,2024-11-08
7781,Alexander,Padilla,daniel29@example.com,FR,2024-02-24
7782,Patrick,Brown,cherylmason@example.org,NL,2025-10-06
7783,Jeremy,Shannon,rochatimothy@example.net,ES,2025-03-28
7784,Sarah,Patterson,vwilkins@example.com,DE,2024-03-08
7785,Dylan,Warner,april00@example.org,DE,2023-04-03
7786,Matthew,Evans,jenniferlee@example.com,FR,2025-11-13
7787,Robert,Foster,livingstonjessica@example.org,FR,2025-02-21
7788,Emily,Woodard,ryandanny@example.com,FR,2024-05-15
7789,Richard,Anderson,oliviabell@example.org,FR,2026-01-07
7790,Danny,George,denisemurphy@example.com,NL,2025-11-17
7791,Katrina,Bryant,shepardbarbara@example.org,ES,2025-10-02
7792,Julia,Johnson,suzanneavila@example.net,BE,2024-10-09
7793,Wendy,Dennis,eileendennis@example.net,FR,2023-12-29
7794,Patricia,Flowers,jonesmelissa@example.net,ES,2025-10-22
7795,Kaitlin,Wright,adamstheresa@example.org,DE,2023-07-09
7796,Brian,Johnson,bradleyhatfield@example.net,NL,2024-11-24
7797,Jeremy,Soto,johnrichards@example.com,FR,2023-12-25
7798,Pamela,Moses,victoriadelacruz@example.org,BE,2024-09-25
7799,Jennifer,Richardson,katherinegaines@example.org,FR,2023-10-12
7800,Denise,Porter,emily93@example.com,FR,2023-09-03
7801,Nicole,Gilbert,nathan89@example.net,ES,2024-06-17
7802,Nicholas,Cunningham,kristenreid@example.com,DE,2023-07-26
7803,Jill,Johnson,simondan@example.net,DE,2023-09-09
7804,Adam,Bailey,donaldspencer@example.net,DE,2025-09-25
7805,Steven,Cervantes,hmurphy@example.com,DE,2025-09-12
7806,Steven,Taylor,annette06@example.net,DE,2024-06-15
7807,Ashley,White,smcgrath@example.com,DE,2023-08-12
7808,Emily,Snyder,jamesscott@example.com,ES,2025-01-08
7809,Gregory,Poole,reginald72@example.com,BE,2025-09-22
7810,Sabrina,Koch,bzavala@example.com,NL,2025-08-20
7811,Dustin,Nguyen,poolejulie@example.com,BE,2026-01-07
7812,William,Bullock,qmartin@example.com,DE,2025-07-10
7813,Kelly,York,rwatson@example.org,BE,2024-06-09
7814,Adam,Miller,twhite@example.org,FR,2025-04-01
7815,Kelly,Salazar,kingamber@example.org,DE,2025-03-12
7816,Charles,Clark,crobertson@example.org,NL,2025-10-26
7817,Kimberly,Daniels,mfrost@example.org,FR,2025-09-02
7818,Caitlyn,Robinson,anthonytravis@example.net,ES,2023-08-29
7819,Danielle,Lee,nskinner@example.com,NL,2024-11-05
7820,Gina,Nelson,veronicawilkins@example.com,NL,2025-12-23
7821,Jessica,Bennett,ortizelizabeth@example.net,DE,2024-12-26
7822,Robin,Campbell,bakerjonathan@example.net,FR,2024-05-25
7823,Jeffrey,Sullivan,jennifer28@example.com,DE,2023-05-30
7824,Jason,Black,daniel76@example.com,BE,2024-06-25
7825,Lee,Allen,kristacollins@example.org,FR,2024-06-06
7826,Brianna,Mendez,stephen07@example.org,ES,2024-03-18
7827,Alexis,Smith,beth85@example.net,FR,2025-12-12
7828,Jesse,Schroeder,johnsonmelissa@example.net,DE,2023-10-19
7829,James,Morrison,progers@example.org,BE,2024-08-04
7830,Carolyn,Johnson,murraynicholas@example.com,NL,2024-08-18
7831,Nathaniel,Martinez,esavage@example.com,DE,2023-09-03
7832,Ryan,Holmes,qross@example.net,BE,2025-09-25
7833,Anthony,Edwards,melissamiller@example.net,ES,2023-03-07
7834,Paul,Nunez,gonzalescassidy@example.com,BE,2024-04-24
7835,Kelly,Acosta,nwebb@example.org,ES,2023-11-28
7836,Nicole,Murray,dawsonmakayla@example.org,BE,2025-08-12
7837,Katrina,Irwin,jonesmichelle@example.com,FR,2025-12-01
7838,Jason,Reynolds,edwardskristen@example.net,FR,2023-10-24
7839,Michelle,Morton,fullerdarius@example.org,FR,2023-02-23
7840,Lauren,Robinson,marysmith@example.org,DE,2023-03-07
7841,Mckenzie,Lewis,william35@example.org,DE,2023-10-02
7842,Sabrina,Dunn,dellis@example.com,ES,2024-02-19
7843,Alisha,Campbell,edrake@example.net,BE,2025-08-28
7844,Ashley,Sanchez,bclayton@example.com,DE,2024-06-07
7845,Jeremy,Freeman,suttoncarolyn@example.net,ES,2024-11-16
7846,Mark,Moore,joshuamoore@example.net,DE,2023-06-25
7847,Elizabeth,Evans,sydney61@example.org,FR,2023-02-19
7848,Elizabeth,Johnson,gprice@example.net,ES,2023-02-21
7849,Jennifer,Dean,abishop@example.org,FR,2025-03-01
7850,Samantha,White,russell58@example.org,ES,2023-05-28
7851,Richard,Johnson,eileen32@example.org,BE,2024-05-03
7852,Jeff,Abbott,shirleyjohnson@example.com,FR,2024-03-19
7853,Christopher,Mann,jacob90@example.com,BE,2024-08-09
7854,James,Davis,susanklein@example.net,BE,2024-03-28
7855,Timothy,King,murraystephanie@example.net,DE,2025-11-13
7856,Sarah,Bradley,matthew66@example.net,BE,2025-06-08
7857,Eric,Griffith,danielhernandez@example.com,NL,2024-07-25
7858,Timothy,Shah,cbentley@example.com,BE,2025-02-15
7859,Janice,Lucero,phernandez@example.org,BE,2023-05-09
7860,Eddie,Melton,ferrelljustin@example.org,NL,2025-09-17
7861,Logan,Leblanc,gomezsusan@example.net,BE,2023-08-18
7862,Ashley,Hamilton,matthew40@example.net,FR,2025-04-08
7863,Joshua,Acosta,thompsonryan@example.org,FR,2024-09-26
7864,Hunter,Burns,lisamorales@example.net,DE,2023-10-09
7865,Alejandro,Orozco,clarkgabrielle@example.org,ES,2026-01-24
7866,Joy,Campbell,carolyn74@example.com,DE,2024-04-21
7867,Madison,Silva,marilyn55@example.com,DE,2025-03-29
7868,Joshua,Lee,michaelsmith@example.com,DE,2025-02-14
7869,Monique,Torres,kristinpeterson@example.org,FR,2026-01-06
7870,Steven,Browning,dillonmario@example.org,NL,2025-07-17
7871,Paula,Zavala,schmidtsara@example.org,ES,2025-01-08
7872,Karen,Hammond,adam54@example.net,NL,2025-12-09
7873,Alice,French,jberry@example.net,NL,2024-05-28
7874,Robert,Coleman,elizabeth90@example.com,BE,2023-10-15
7875,Helen,Leonard,brendamitchell@example.net,BE,2023-11-25
7876,Patrick,Jones,fferrell@example.net,ES,2023-05-12
7877,Alexander,Allen,dorseydaniel@example.net,DE,2025-10-15
7878,Ricky,Morgan,evan59@example.net,DE,2024-08-03
7879,Isaiah,Ball,schandler@example.net,BE,2024-12-28
7880,Randy,Green,landrybenjamin@example.org,BE,2025-04-05
7881,Sarah,Wells,tatemichael@example.org,DE,2023-10-14
7882,Veronica,Nunez,courtney54@example.net,BE,2023-05-03
7883,Thomas,Marshall,umyers@example.com,FR,2023-11-03
7884,Shane,Kelley,petersonrobert@example.com,NL,2023-04-01
7885,Ashley,Wallace,katherinewhitney@example.net,NL,2024-05-06
7886,Timothy,Shaw,james48@example.com,DE,2024-11-07
7887,Danielle,West,kkoch@example.net,NL,2025-07-13
7888,Michael,Parker,cmorgan@example.net,NL,2024-10-18
7889,Anna,King,dporter@example.net,NL,2024-05-09
7890,Kelly,Sanchez,ashley95@example.net,DE,2025-05-22
7891,Patrick,Guerra,joewashington@example.net,BE,2026-01-16
7892,Dorothy,Jones,andrew45@example.net,FR,2025-05-30
7893,Michelle,Barnes,dwhite@example.com,DE,2023-09-22
7894,Erin,Smith,timothycontreras@example.org,DE,2023-04-07
7895,Tracy,Wyatt,zarmstrong@example.org,NL,2023-08-13
7896,Stacey,Jackson,toddlee@example.org,NL,2025-01-16
7897,Jennifer,Simmons,greendaniel@example.net,BE,2024-11-27
7898,Nicholas,Carey,jason77@example.com,DE,2024-04-21
7899,Cody,Greene,taylorpamela@example.net,NL,2023-02-11
7900,Carolyn,Parker,castillolinda@example.com,ES,2024-04-05
7901,Ian,Stevenson,newtonstacey@example.org,NL,2026-01-09
7902,Margaret,Clark,ayalasean@example.net,BE,2023-04-06
7903,Matthew,Morse,rita57@example.com,NL,2023-08-23
7904,Kenneth,Smith,justin28@example.org,FR,2024-03-22
7905,Matthew,Savage,pittmananthony@example.net,ES,2024-06-20
7906,Michael,Yates,umendoza@example.org,BE,2025-03-21
7907,Jack,Weiss,collinsshane@example.com,FR,2024-12-20
7908,Anthony,Olsen,mli@example.com,BE,2025-01-12
7909,Andrew,Smith,amberyoung@example.com,ES,2025-03-29
7910,Adam,Tran,robinrivera@example.com,NL,2023-10-03
7911,Gail,Schaefer,alvin42@example.net,BE,2024-12-04
7912,Shane,Graham,sarahjennings@example.org,BE,2023-07-03
7913,Devon,Pierce,brandon66@example.net,FR,2023-05-29
7914,Erika,Thompson,leechristopher@example.net,ES,2023-10-03
7915,Richard,Castaneda,richardnguyen@example.com,FR,2023-05-15
7916,James,Rodriguez,rebeccacarter@example.net,BE,2023-04-01
7917,Thomas,Huff,gallowaytroy@example.net,BE,2023-11-13
7918,Thomas,Bennett,vclark@example.com,BE,2025-09-26
7919,Ashley,Morales,xwhitehead@example.net,ES,2025-06-05
7920,Katherine,Cross,jamie68@example.org,FR,2024-08-16
7921,Debra,Smith,cookjonathan@example.net,ES,2024-06-10
7922,Jill,Garza,lcox@example.com,BE,2025-05-30
7923,Aaron,Romero,hollowayjanice@example.org,ES,2024-01-07
7924,Lisa,Nash,jodiestrada@example.com,DE,2026-01-18
7925,Rachel,Martinez,jennifer00@example.net,DE,2023-07-25
7926,Amber,Miller,perezjay@example.com,ES,2023-08-03
7927,Courtney,Miller,johntaylor@example.com,NL,2024-02-15
7928,David,Williams,angelicaschneider@example.com,ES,2024-07-02
7929,John,Ramirez,tweeks@example.com,BE,2023-02-23
7930,David,Alvarez,ryanmorton@example.org,DE,2024-10-08
7931,Debbie,Kim,laura83@example.org,DE,2024-08-11
7932,Michael,Hicks,chase22@example.net,ES,2025-06-05
7933,Fernando,Nguyen,hernandezalexander@example.com,DE,2023-10-10
7934,Patrick,Holland,connieclark@example.com,BE,2026-01-31
7935,Jared,Miles,ebonyayala@example.org,DE,2023-08-10
7936,Amy,Smith,raymondevans@example.org,FR,2026-01-29
7937,Mark,Weiss,edward21@example.com,ES,2023-12-22
7938,Jennifer,Griffin,svaughn@example.com,BE,2023-05-23
7939,Alison,Gray,keith33@example.org,DE,2025-03-24
7940,Carolyn,Green,heather18@example.com,NL,2025-08-10
7941,Joshua,Lozano,steverodriguez@example.com,NL,2025-02-07
7942,William,Wiggins,carmen66@example.net,FR,2025-01-31
7943,Mikayla,Garner,cheryl30@example.org,BE,2025-03-07
7944,Carlos,Hernandez,stewartjeffrey@example.net,DE,2025-06-01
7945,Michael,Smith,wrightpatricia@example.org,FR,2025-04-16
7946,Donald,Walker,caroline89@example.net,ES,2024-06-27
7947,Julie,Huang,donaldsonlisa@example.org,DE,2024-10-01
7948,Brianna,Ramirez,qmay@example.org,FR,2023-09-12
7949,Benjamin,Walker,twillis@example.com,FR,2023-08-15
7950,Samantha,Faulkner,zhood@example.com,FR,2024-06-09
7951,Charlotte,Gibson,ronald93@example.com,DE,2023-02-06
7952,Andrew,Edwards,cooleyamanda@example.com,ES,2024-04-18
7953,Katie,Allison,laurenturner@example.org,BE,2023-08-19
7954,Brandi,Mccann,erinhernandez@example.net,BE,2023-02-26
7955,Brett,Miller,aguirreaaron@example.com,FR,2023-10-01
7956,Tiffany,Marquez,lynn81@example.com,NL,2023-05-29
7957,Kayla,Oliver,floresomar@example.net,NL,2023-08-17
7958,Kimberly,Burnett,toliver@example.net,ES,2025-03-10
7959,Steven,Brady,georgedawson@example.org,BE,2023-05-29
7960,Anthony,Sullivan,david59@example.net,DE,2025-08-23
7961,Tamara,Wilson,josephteresa@example.net,ES,2023-05-26
7962,Dana,Grant,reyesholly@example.net,BE,2025-10-29
7963,Colleen,White,wberry@example.com,NL,2024-03-06
7964,Michelle,Fischer,manngerald@example.org,ES,2024-05-18
7965,Jeanne,Decker,jimenezbryce@example.com,FR,2023-09-09
7966,Katherine,Haas,richardsonjohn@example.org,ES,2023-04-19
7967,Mary,Pratt,gregorylang@example.com,ES,2025-10-27
7968,Amanda,Dillon,ufreeman@example.com,NL,2023-02-16
7969,Robert,Lee,longjanice@example.net,FR,2025-05-08
7970,Bianca,May,odomjordan@example.org,NL,2024-11-23
7971,Tonya,Gutierrez,vargasvictoria@example.org,ES,2025-09-30
7972,Annette,Ramos,gonzalestonya@example.com,DE,2024-02-14
7973,Danielle,Mccarthy,joshuakelly@example.net,NL,2023-10-14
7974,James,Smith,trevordiaz@example.com,NL,2024-12-14
7975,Melissa,Peterson,gdalton@example.com,ES,2025-02-14
7976,Daniel,Lowe,turnerrobin@example.net,NL,2024-03-20
7977,William,Cunningham,justincarey@example.org,BE,2025-07-03
7978,Linda,King,oneillmarie@example.net,FR,2023-02-28
7979,Katie,Bush,jperez@example.com,FR,2025-10-07
7980,Regina,Foley,rrogers@example.com,ES,2023-06-04
7981,Brian,Moore,martinwilliam@example.net,ES,2023-11-10
7982,Robert,Collins,hannaerik@example.org,NL,2025-11-12
7983,Janet,Warren,terriwoods@example.net,DE,2026-01-05
7984,Amy,Adams,christinetaylor@example.net,BE,2024-03-13
7985,Christopher,Wright,carla20@example.com,DE,2024-04-25
7986,Donna,Patterson,faustin@example.org,NL,2026-01-18
7987,John,Weaver,ashleybush@example.net,ES,2024-02-28
7988,Bonnie,Moreno,ksellers@example.net,ES,2025-07-10
7989,Lorraine,Cohen,shafferchristopher@example.org,BE,2023-07-08
7990,Kristina,Thomas,jadams@example.com,NL,2026-01-23
7991,Michelle,Ford,gordonjones@example.com,NL,2025-10-29
7992,Michelle,White,jessicasmith@example.com,NL,2024-03-14
7993,Nicole,Todd,simpsonbrianna@example.net,FR,2025-11-27
7994,Lonnie,Herrera,pknight@example.net,NL,2025-04-30
7995,Anthony,Mccormick,guerreromatthew@example.net,NL,2025-06-17
7996,Christian,Sullivan,owenjohn@example.com,BE,2025-05-05
7997,Yolanda,Moreno,regina84@example.net,FR,2023-11-18
7998,Michelle,Wheeler,davidpowell@example.org,ES,2023-12-07
7999,Devin,Ramirez,scottsmith@example.net,BE,2025-03-07
8000,Anthony,Johnson,okelly@example.com,DE,2025-07-02
8001,Matthew,Shaw,stephenroman@example.com,FR,2023-04-11
8002,Brian,Dalton,mariapeterson@example.com,FR,2025-03-18
8003,Brandon,Lewis,jonbrown@example.com,BE,2023-06-12
8004,Whitney,Mills,melindadalton@example.org,ES,2024-01-08
8005,Kim,Anderson,hernandezpaige@example.net,FR,2024-02-03
8006,Ryan,Frazier,alee@example.org,ES,2023-03-21
8007,Latoya,Villarreal,cpetersen@example.com,BE,2024-09-08
8008,Ricky,Orr,william13@example.org,BE,2024-06-11
8009,Laura,Edwards,sbanks@example.org,DE,2025-03-19
8010,Brad,Hale,brian57@example.com,NL,2023-10-06
8011,Matthew,Smith,frank08@example.net,NL,2025-04-10
8012,Erin,Adams,shepherdmark@example.com,NL,2024-12-08
8013,Tonya,Oliver,jweaver@example.org,BE,2025-08-17
8014,Gregory,White,hgreene@example.net,BE,2023-02-28
8015,Joshua,Bryant,hnelson@example.net,NL,2025-02-25
8016,Jason,Sparks,keith95@example.org,BE,2025-12-10
8017,Angela,Ingram,wbates@example.org,FR,2023-06-15
8018,Billy,Hamilton,porterwilliam@example.net,ES,2025-07-03
8019,Michael,Larsen,christopherhill@example.net,ES,2024-08-30
8020,Leon,Moore,bmorales@example.net,ES,2025-03-21
8021,Stacey,Dickerson,maryoliver@example.net,ES,2025-04-13
8022,Donald,Conner,jacob33@example.org,FR,2023-10-10
8023,Carlos,Chapman,wbartlett@example.com,FR,2023-10-25
8024,Angel,Stephens,icaldwell@example.com,DE,2024-03-09
8025,James,Strickland,diana01@example.net,NL,2023-09-21
8026,George,Henson,nicholsoncraig@example.com,DE,2024-06-05
8027,Jason,Strickland,jtran@example.net,NL,2023-12-26
8028,Bradley,Wood,william58@example.org,FR,2025-12-18
8029,Daniel,Lewis,christinelloyd@example.com,DE,2024-05-17
8030,Leslie,Mathis,hamptonryan@example.org,NL,2023-08-01
8031,Felicia,Monroe,perezashley@example.org,ES,2023-03-23
8032,Reginald,Hanson,markmay@example.org,NL,2023-11-22
8033,Kathryn,Irwin,vperez@example.org,DE,2025-08-06
8034,Oscar,Preston,wolflauren@example.org,NL,2023-04-20
8035,Jill,Lee,jonesbrian@example.org,DE,2024-12-09
8036,Rebecca,Stark,kellygiles@example.net,NL,2025-09-12
8037,Carol,Cox,matthew56@example.org,NL,2025-10-23
8038,Lindsey,Goodman,paigemendez@example.net,BE,2025-09-25
8039,Courtney,Mays,masonaaron@example.org,NL,2023-05-19
8040,Lisa,Gonzales,yochoa@example.org,BE,2025-07-09
8041,Michael,Young,gerald94@example.org,FR,2025-05-14
8042,Natalie,Snow,jessicalawrence@example.org,ES,2025-08-30
8043,Megan,Waller,jasonthomas@example.org,NL,2024-02-14
8044,Bernard,Fernandez,susantorres@example.net,BE,2024-04-21
8045,Edwin,Davis,angelajohnson@example.com,DE,2025-05-13
8046,Robert,Griffith,okane@example.org,ES,2025-10-04
8047,Nancy,Richards,kwilliams@example.net,BE,2023-06-14
8048,Paul,Clarke,christina42@example.org,DE,2024-08-07
8049,Anthony,Washington,brownjames@example.net,ES,2023-07-13
8050,Jennifer,Miller,davidking@example.org,BE,2025-11-06
8051,Charles,Nelson,nicholas94@example.net,DE,2023-12-07
8052,Eugene,Berg,ecantu@example.net,NL,2023-05-23
8053,Reginald,Tapia,vanessabowers@example.com,NL,2024-07-21
8054,Brian,Williams,garywilliams@example.com,NL,2025-04-14
8055,Tammy,Nelson,dwinters@example.net,FR,2025-09-22
8056,Margaret,Patel,joshuawatts@example.net,DE,2024-07-22
8057,Nicholas,Bright,gardnerclaudia@example.com,BE,2024-08-06
8058,Kyle,Allison,simmonsedwin@example.net,DE,2025-09-17
8059,Joseph,Frey,kenneth76@example.net,DE,2025-08-22
8060,John,Harvey,annettehall@example.com,BE,2023-07-05
8061,Chad,Jones,sharonsmith@example.net,FR,2025-11-30
8062,Erica,Lloyd,markarnold@example.org,BE,2023-04-08
8063,Kimberly,Montgomery,njohnson@example.org,DE,2023-09-01
8064,Brandon,Stewart,jaimeerickson@example.com,ES,2024-02-05
8065,Katherine,Black,dunndaniel@example.net,NL,2023-07-12
8066,Randy,Valencia,powelljuan@example.com,NL,2023-11-09
8067,Joseph,Barrett,qray@example.net,NL,2023-10-25
8068,Bruce,Robinson,znelson@example.net,BE,2023-04-04
8069,Patrick,Aguilar,austinballard@example.org,ES,2025-11-18
8070,Justin,Barajas,zlong@example.org,ES,2025-01-23
8071,Catherine,Malone,theresa25@example.net,BE,2023-10-15
8072,Ryan,Francis,connie52@example.net,DE,2025-05-23
8073,Beth,Miller,valerie70@example.org,FR,2024-03-08
8074,Melissa,Hull,stacyfry@example.org,FR,2025-01-04
8075,Kristen,Good,qcortez@example.com,FR,2023-02-17
8076,Patrick,Cook,susankim@example.net,BE,2023-06-20
8077,Krista,Poole,awalter@example.com,NL,2025-09-24
8078,Erik,Jones,staceysanchez@example.org,NL,2024-02-29
8079,Heidi,Williams,vmunoz@example.net,NL,2025-09-19
8080,Kimberly,Silva,thomaswilkins@example.net,BE,2025-04-27
8081,Corey,Phillips,villegasthomas@example.net,FR,2025-09-29
8082,Lonnie,Friedman,luis43@example.net,BE,2025-02-20
8083,Danielle,Brown,icohen@example.org,BE,2024-07-19
8084,John,Torres,john88@example.net,NL,2023-05-08
8085,Joshua,Chandler,vincent95@example.net,DE,2024-01-01
8086,Jose,Thomas,portiz@example.com,NL,2023-03-15
8087,Stephanie,Donovan,zpeterson@example.com,NL,2023-10-09
8088,Michael,Herrera,dromero@example.net,FR,2024-11-30
8089,Natalie,Griffin,lambstephen@example.org,NL,2024-07-24
8090,Meghan,Robinson,tiffanyleblanc@example.net,DE,2024-06-05
8091,Morgan,Fernandez,kathleenvaughn@example.org,ES,2024-04-17
8092,Robin,French,sbarron@example.com,BE,2024-02-25
8093,Travis,Lawson,gbarajas@example.com,DE,2023-06-16
8094,Jennifer,Stevens,chad89@example.org,NL,2023-11-26
8095,Kyle,Rodriguez,kparker@example.net,NL,2024-06-03
8096,Zachary,Shelton,mendezrussell@example.net,ES,2025-07-13
8097,John,Sharp,aaronmitchell@example.net,FR,2025-01-21
8098,Melissa,Torres,baileyjason@example.net,BE,2023-11-18
8099,Lori,Davis,johnathan41@example.com,BE,2024-06-03
8100,Andrew,Rodriguez,cynthiagriffin@example.net,BE,2023-02-16
8101,Linda,Garrison,brenda23@example.net,BE,2025-10-21
8102,Danny,Rivera,susanfields@example.org,ES,2025-05-21
8103,Barbara,Marks,anthonymason@example.org,DE,2025-11-29
8104,Lisa,Adkins,spencermary@example.org,ES,2024-08-01
8105,Elizabeth,Kennedy,loganreynolds@example.com,ES,2023-11-04
8106,Carl,Robinson,carterscott@example.net,NL,2023-08-23
8107,Michelle,Wall,gravesmatthew@example.net,NL,2023-04-30
8108,Sandy,Collins,normancharles@example.net,FR,2025-02-06
8109,David,Henderson,moniquebrown@example.com,NL,2023-08-06
8110,Desiree,Elliott,dmartin@example.net,ES,2024-01-10
8111,David,Wilson,reyesmelanie@example.com,FR,2024-03-02
8112,Tiffany,Gilbert,michael82@example.com,BE,2023-07-26
8113,Amanda,Ford,kelly04@example.com,FR,2025-03-20
8114,Michael,Morgan,hulllinda@example.net,FR,2025-12-10
8115,Michelle,Mcgrath,qrice@example.com,NL,2025-11-24
8116,Amy,Gonzalez,wdavis@example.org,FR,2025-03-29
8117,Melanie,Jones,lnichols@example.org,NL,2023-09-28
8118,Jake,Farmer,gamblesierra@example.net,BE,2024-04-05
8119,Chelsea,Roberts,davisjoseph@example.com,BE,2025-02-15
8120,Aaron,Atkinson,ntrevino@example.com,NL,2023-03-27
8121,Zachary,Ewing,sphillips@example.com,ES,2024-08-29
8122,Larry,Herman,smithmichael@example.com,FR,2023-08-20
8123,Olivia,Blackwell,dskinner@example.com,DE,2024-02-14
8124,Anna,Smith,jenkinspeter@example.net,FR,2024-01-02
8125,Thomas,Munoz,jesus95@example.net,BE,2024-10-08
8126,Anna,Adams,debbie65@example.org,NL,2025-10-04
8127,Monica,Choi,heather71@example.org,FR,2024-12-31
8128,David,Smith,inichols@example.com,BE,2024-06-15
8129,Amanda,Barr,mejiaanthony@example.net,FR,2025-03-01
8130,Yolanda,Jones,brownkyle@example.net,ES,2025-06-20
8131,Angela,Rodriguez,jenningsshelia@example.org,DE,2025-12-05
8132,Amy,Cantrell,ianschultz@example.com,BE,2023-05-18
8133,Laura,Howard,jacksonchristopher@example.org,ES,2024-08-08
8134,Christina,Horton,tlopez@example.org,DE,2023-03-31
8135,Kathy,Bartlett,richmondstacy@example.org,FR,2023-10-06
8136,Angela,Peters,jamespayne@example.com,BE,2023-09-01
8137,Jeremy,Ward,amber88@example.com,ES,2023-05-12
8138,Katie,Barron,castanedaashley@example.com,FR,2025-05-04
8139,Patricia,Webb,lgamble@example.com,ES,2024-08-11
8140,Rebecca,Smith,smithkayla@example.net,ES,2024-10-17
8141,Hannah,Campbell,suarezmisty@example.com,ES,2025-08-07
8142,Michael,Yang,kweiss@example.net,ES,2024-05-24
8143,Gregory,Hartman,davidpratt@example.com,ES,2024-09-10
8144,Marie,Gutierrez,susan67@example.com,BE,2024-07-02
8145,Adam,Floyd,elainejefferson@example.org,FR,2025-04-14
8146,Thomas,Adams,ryanmiller@example.net,FR,2023-07-07
8147,Kenneth,Mills,nathandavis@example.net,ES,2026-01-23
8148,Kristin,Lutz,tyler50@example.com,ES,2023-10-04
8149,Shawn,Lopez,bettyschwartz@example.net,NL,2025-08-21
8150,Alicia,Strong,nancywalsh@example.net,DE,2024-10-19
8151,Alexandria,Hudson,tara78@example.com,NL,2025-01-03
8152,Natasha,Good,glennjohn@example.net,DE,2025-12-17
8153,Rebecca,Garcia,laura36@example.com,ES,2023-02-05
8154,Joshua,Turner,bowersjason@example.net,BE,2023-08-26
8155,Justin,Wade,markmiller@example.net,NL,2023-06-20
8156,Jesse,Patel,ywells@example.com,DE,2025-02-20
8157,Angela,Hart,angelicamoreno@example.com,NL,2023-04-04
8158,Shawn,Tucker,patriciamack@example.org,DE,2024-11-26
8159,Michael,Brewer,parkskenneth@example.net,FR,2025-01-15
8160,Jeffrey,Brown,idaniels@example.org,NL,2024-05-13
8161,Jesse,Stewart,stephaniemichael@example.com,ES,2026-01-06
8162,Katherine,Taylor,gamblebethany@example.net,ES,2024-11-04
8163,Thomas,Williams,joseph45@example.org,DE,2025-05-18
8164,Michael,Carey,sanchezmichael@example.net,FR,2024-06-17
8165,Diana,Copeland,ymartinez@example.com,BE,2024-06-13
8166,Justin,Jimenez,derrickbenson@example.com,ES,2023-09-20
8167,Jennifer,Ponce,svaldez@example.com,NL,2024-04-27
8168,David,Johnson,emilylee@example.com,FR,2024-05-26
8169,Kylie,Oliver,jonathan53@example.org,DE,2024-01-13
8170,Traci,Rosario,grantalice@example.net,DE,2024-08-17
8171,Jessica,Lee,leachleslie@example.com,FR,2023-11-29
8172,Cory,Warner,brentmckinney@example.net,DE,2023-09-16
8173,Samantha,Archer,barbara89@example.net,NL,2023-09-11
8174,Terri,Brown,jacob48@example.org,DE,2025-10-28
8175,Kevin,Burns,leechristina@example.org,NL,2025-05-25
8176,Corey,Curtis,teresahendricks@example.org,ES,2024-11-13
8177,Alicia,Smith,elizabeth49@example.org,FR,2023-04-24
8178,Elizabeth,Patrick,tscott@example.net,BE,2023-08-22
8179,Leah,Mueller,collinsjennifer@example.org,NL,2024-12-29
8180,Aaron,Ramirez,tracyryan@example.com,DE,2024-08-13
8181,Joyce,Williams,kevin46@example.net,NL,2024-03-11
8182,Kurt,Lee,alexis49@example.org,ES,2024-09-09
8183,Jennifer,Ford,fwhite@example.com,FR,2024-07-09
8184,Lisa,Banks,william72@example.net,BE,2025-06-11
8185,Paula,Luna,brittneymahoney@example.org,NL,2025-05-19
8186,Jill,Vance,ramirezrenee@example.com,NL,2025-09-18
8187,Thomas,Tate,andrewstewart@example.org,BE,2024-06-22
8188,Taylor,White,taylor56@example.org,FR,2024-04-04
8189,Larry,Andrews,mark24@example.com,DE,2024-12-13
8190,Matthew,Wagner,portermichelle@example.net,ES,2023-10-13
8191,Micheal,Doyle,ramostina@example.com,BE,2025-07-11
8192,Nicholas,Porter,darius71@example.net,FR,2023-03-08
8193,Caitlin,Holmes,timhopkins@example.net,NL,2023-11-30
8194,Patrick,Garner,christopher31@example.org,FR,2024-12-25
8195,Larry,Bell,smccoy@example.net,FR,2025-01-17
8196,Stephen,Diaz,stephaniebartlett@example.net,BE,2023-02-16
8197,Diana,Taylor,mblevins@example.net,ES,2024-02-29
8198,William,Smith,rcastillo@example.com,DE,2025-05-02
8199,Ann,Thompson,danielwalker@example.com,FR,2025-12-29
8200,Ashley,Archer,mleonard@example.com,ES,2023-12-10
8201,Patricia,Welch,owenstyler@example.net,DE,2023-09-04
8202,Erika,Wilson,darlenehatfield@example.com,ES,2026-01-21
8203,Samantha,Jones,mccoyjeffery@example.net,ES,2025-11-18
8204,Regina,Davis,zacharywebster@example.com,FR,2024-09-25
8205,Ryan,Oneal,stonemanuel@example.com,DE,2025-11-26
8206,Carlos,Schultz,cowansandra@example.org,ES,2023-07-01
8207,Sharon,Jones,johnbradshaw@example.net,BE,2024-07-04
8208,Drew,Simon,ascott@example.net,NL,2023-08-25
8209,Shane,Young,allenmatthew@example.org,DE,2024-09-10
8210,Audrey,Russell,johnsonpeter@example.net,NL,2025-03-12
8211,Steven,Cherry,dawn34@example.com,BE,2024-09-17
8212,Jason,Butler,daniel42@example.net,ES,2023-11-24
8213,Sydney,Aguirre,vargasmichele@example.net,DE,2023-09-30
8214,Emily,Ramirez,brownisaac@example.com,DE,2023-07-21
8215,Wesley,Donaldson,fevans@example.org,BE,2024-10-27
8216,Jeffrey,Howard,smithlynn@example.net,DE,2024-06-10
8217,Yesenia,Combs,austinjulie@example.com,BE,2023-06-29
8218,David,Torres,jermainemontgomery@example.com,NL,2024-01-17
8219,Richard,Lee,unelson@example.com,NL,2025-05-12
8220,Crystal,Richardson,rosesherry@example.com,FR,2023-12-15
8221,Kenneth,Bell,aaronharris@example.org,FR,2023-09-07
8222,Emily,Davidson,aaron10@example.com,FR,2023-02-04
8223,Kathryn,Evans,tjackson@example.org,ES,2023-10-12
8224,Alexis,Ferrell,ericfisher@example.com,ES,2023-06-24
8225,Lisa,Nelson,ericmorris@example.net,ES,2024-01-20
8226,Jillian,Gomez,reesedylan@example.com,BE,2025-10-11
8227,Valerie,Brewer,cunninghamkendra@example.org,BE,2024-12-01
8228,Emily,Miller,llester@example.net,BE,2025-11-11
8229,Henry,Turner,johnsonjoseph@example.net,NL,2023-09-03
8230,Anthony,Wilson,vyang@example.com,FR,2025-10-22
8231,Destiny,Fisher,johnhobbs@example.org,NL,2023-10-27
8232,Michael,Murphy,harrismatthew@example.com,NL,2025-04-19
8233,Joshua,Mcintyre,jonathanwelch@example.net,DE,2025-04-07
8234,Charles,Stewart,idiaz@example.org,ES,2024-07-21
8235,Krista,Stuart,weekskelly@example.org,FR,2023-10-06
8236,Melissa,Warner,hunterjames@example.org,ES,2025-08-07
8237,Nicholas,Mclean,sara87@example.org,ES,2023-03-25
8238,Deborah,Raymond,floreschristian@example.com,ES,2025-11-11
8239,Jason,Rice,cporter@example.com,BE,2025-03-13
8240,Katherine,Cunningham,brooke08@example.org,DE,2024-10-26
8241,Spencer,Walker,melanielee@example.com,ES,2023-03-27
8242,Lawrence,Marshall,fsloan@example.org,ES,2024-02-18
8243,Jonathan,Key,zmayer@example.org,BE,2025-07-05
8244,Kevin,Garcia,amy42@example.com,ES,2025-08-07
8245,Gary,Carr,ecarroll@example.net,ES,2024-06-21
8246,Steven,Delgado,ryanrebecca@example.com,ES,2024-10-13
8247,Candace,Dunlap,glee@example.org,NL,2025-06-08
8248,Susan,Davis,gregorysmith@example.com,BE,2024-06-17
8249,Jennifer,Butler,jennifer89@example.org,ES,2023-09-24
8250,Joshua,Griffin,xfrazier@example.org,NL,2024-12-12
8251,Chris,Adkins,dixoncharles@example.org,BE,2025-04-10
8252,Elaine,Rodriguez,charlenegomez@example.net,DE,2025-09-28
8253,Andrea,Eaton,iherman@example.com,ES,2023-12-03
8254,Eddie,Coleman,caitlinrodriguez@example.com,FR,2025-05-28
8255,Desiree,Garcia,yreed@example.net,ES,2025-07-30
8256,Nicole,Williams,leeanthony@example.com,NL,2024-05-28
8257,Michael,Brown,zduffy@example.net,DE,2023-05-18
8258,Cassandra,Parker,amandaharris@example.net,FR,2024-11-23
8259,Andrew,Allen,tonyareyes@example.net,DE,2025-01-11
8260,Darryl,Stevens,julie96@example.com,DE,2023-12-18
8261,Gregory,Medina,ccox@example.org,DE,2024-06-27
8262,Carlos,Barrera,edwardsavage@example.org,ES,2023-05-17
8263,Jason,Warren,ian19@example.com,FR,2023-02-20
8264,Erin,Clark,susan72@example.net,NL,2025-09-20
8265,Guy,Hendricks,rothfrederick@example.org,FR,2025-08-27
8266,Max,Evans,ithomas@example.com,DE,2025-07-17
8267,Alexander,Evans,anita24@example.net,ES,2025-03-02
8268,Stacey,Torres,martinricardo@example.net,BE,2024-06-29
8269,Gregory,Reid,antonio65@example.net,ES,2025-05-14
8270,Paul,Miller,pnavarro@example.net,BE,2024-02-25
8271,Jennifer,Kerr,stephenharris@example.org,DE,2025-09-09
8272,Jeremy,Wallace,lkline@example.net,NL,2024-12-29
8273,Charles,Kelley,amywilson@example.org,FR,2025-10-15
8274,Devin,Martin,davidmeyers@example.net,BE,2025-07-13
8275,Billy,French,conniehogan@example.net,NL,2024-02-23
8276,Taylor,Ryan,toddcummings@example.org,BE,2026-01-25
8277,Ashley,Ramirez,michellemartinez@example.com,BE,2024-02-13
8278,Adrian,Owen,kevin19@example.net,NL,2025-08-27
8279,Mark,Lopez,andrewhart@example.com,NL,2023-10-12
8280,Jason,Fields,dlarson@example.net,DE,2024-05-03
8281,Vicki,Holmes,uroth@example.com,BE,2023-02-13
8282,Nicole,Downs,ymccarthy@example.com,DE,2024-08-31
8283,Paul,Johnston,brandon39@example.com,ES,2023-06-09
8284,Jasmine,Wright,michael38@example.net,ES,2025-07-04
8285,Rebecca,Smith,brent12@example.com,ES,2025-01-23
8286,Stephanie,Tran,shaun93@example.com,FR,2023-08-30
8287,Linda,Berger,russell09@example.net,NL,2024-06-08
8288,Jose,Parker,dan83@example.net,DE,2024-02-21
8289,Dennis,Guerrero,scott66@example.net,FR,2024-08-03
8290,Andrew,Mack,richard37@example.org,NL,2025-01-03
8291,Brandon,Garcia,brandonballard@example.com,FR,2023-03-01
8292,Eddie,Kline,justinfry@example.net,ES,2023-02-04
8293,Michael,Avery,thomas63@example.net,ES,2025-12-25
8294,Lee,Gray,crystalrojas@example.org,ES,2024-03-02
8295,Kiara,Knox,kendra99@example.org,FR,2023-10-16
8296,Taylor,Hansen,xlee@example.com,BE,2023-12-03
8297,Ashley,Estrada,klee@example.com,NL,2024-07-05
8298,Erica,Hall,starkkristy@example.com,BE,2024-06-23
8299,Kristen,Sweeney,jacksongloria@example.net,FR,2025-03-07
8300,Veronica,Snow,goodmanronald@example.com,BE,2024-10-03
8301,Paula,Walsh,amanda47@example.net,NL,2023-12-13
8302,Shelby,Williams,jacobroth@example.com,BE,2025-02-17
8303,Darlene,Sanchez,tiffanymiranda@example.com,DE,2023-11-09
8304,Justin,Bruce,xcarter@example.org,DE,2025-10-22
8305,Brandon,Mcdaniel,thomaslowe@example.org,ES,2024-06-24
8306,Kathryn,George,seanpope@example.net,BE,2025-06-23
8307,Christopher,Dixon,gregory13@example.net,FR,2025-04-20
8308,Allison,Robinson,david12@example.org,ES,2024-09-29
8309,Sharon,Matthews,danny06@example.org,NL,2024-03-18
8310,Aaron,Roberts,alexander17@example.com,ES,2024-05-13
8311,Jason,Burns,smason@example.com,ES,2024-12-21
8312,Tammy,Chaney,millerkristopher@example.net,FR,2024-09-20
8313,James,Fitzgerald,monroekaren@example.org,DE,2023-04-20
8314,Sarah,Smith,qprince@example.org,FR,2025-08-05
8315,Mary,Juarez,joel65@example.net,FR,2024-10-16
8316,Jermaine,Evans,erik59@example.net,DE,2025-07-12
8317,Deborah,Brown,morrisjeffrey@example.org,BE,2024-12-14
8318,James,Lester,stevensonkimberly@example.org,BE,2025-08-02
8319,Karen,Dean,millercurtis@example.com,BE,2025-06-18
8320,Jason,Taylor,bshea@example.org,FR,2024-10-18
8321,Steven,Bell,cperez@example.org,BE,2025-04-18
8322,Michael,Orozco,cunninghamwilliam@example.com,NL,2023-07-28
8323,Amber,Aguilar,nharmon@example.com,NL,2025-05-26
8324,Tamara,Chen,brianmiller@example.org,DE,2024-09-18
8325,Cynthia,Carson,smithbeth@example.org,NL,2024-01-03
8326,Richard,Flynn,jerry07@example.org,NL,2025-08-05
8327,Christopher,Brown,yfranco@example.net,ES,2025-01-03
8328,Erica,Young,johnharris@example.com,NL,2024-03-09
8329,Gary,Lopez,brian13@example.com,ES,2025-02-23
8330,Michael,Long,kritter@example.com,ES,2025-11-04
8331,Shawn,Brown,jacksonpreston@example.org,ES,2024-02-05
8332,Chelsea,Gregory,donna97@example.net,NL,2023-09-17
8333,Keith,Hicks,wgreen@example.net,FR,2025-06-23
8334,Aaron,Mercer,pking@example.org,BE,2025-10-18
8335,James,White,mary35@example.net,DE,2024-09-08
8336,Lisa,Lewis,pwalker@example.org,BE,2024-05-27
8337,Elizabeth,Carter,michelle97@example.com,ES,2023-05-10
8338,Sandra,Gardner,stephensbruce@example.com,ES,2023-08-30
8339,Tina,Cooley,vcase@example.org,DE,2023-12-05
8340,Jennifer,Garcia,jonesnathan@example.net,DE,2025-09-01
8341,William,Gomez,bmoss@example.com,ES,2025-06-04
8342,Brandon,Tyler,lisa43@example.net,DE,2023-12-17
8343,Jamie,Garcia,lacey22@example.com,DE,2024-02-20
8344,Kimberly,Butler,jaclyncarter@example.net,DE,2025-01-25
8345,Christine,Marshall,paulharrison@example.com,FR,2025-03-20
8346,Bradley,Vargas,christopher63@example.com,FR,2024-11-09
8347,Jeffery,Maynard,jasminecook@example.com,DE,2023-07-11
8348,Kimberly,Wallace,brooksmichael@example.com,BE,2023-08-17
8349,Matthew,Boone,emelendez@example.org,FR,2023-10-29
8350,Thomas,Hart,danielssamantha@example.com,ES,2023-07-29
8351,Kristina,Davis,hduran@example.org,BE,2024-04-23
8352,Tyler,Miller,kimberlyvalencia@example.org,NL,2023-08-09
8353,Alan,Shaffer,carolmcconnell@example.net,DE,2023-12-12
8354,Brian,Gentry,snguyen@example.com,FR,2024-09-10
8355,Robert,Davis,kellysosa@example.com,BE,2023-02-19
8356,Logan,Wilkins,howardroberto@example.org,BE,2024-10-31
8357,Spencer,Glover,michele83@example.org,BE,2023-11-04
8358,Pamela,Chase,danielfox@example.org,FR,2024-09-10
8359,Todd,Gordon,wduncan@example.com,BE,2024-10-19
8360,Andrea,Becker,michelle77@example.net,DE,2025-06-12
8361,David,Cook,atkinsonjeremy@example.com,NL,2025-08-15
8362,Brandon,Christian,danielle31@example.org,DE,2025-03-25
8363,David,Bishop,jared92@example.net,BE,2023-10-23
8364,Robert,Barnes,matthewhenderson@example.org,BE,2024-09-12
8365,Katie,Tyler,martin41@example.net,NL,2025-08-16
8366,Wanda,Perez,david64@example.com,NL,2025-05-04
8367,April,Jones,bradleypeterson@example.com,DE,2024-06-20
8368,Thomas,Steele,burgessmatthew@example.org,NL,2025-09-17
8369,Luis,Hawkins,heathergraham@example.com,NL,2024-02-16
8370,Jeremy,Shelton,jennifer78@example.net,FR,2025-03-30
8371,Kenneth,Henderson,chloe06@example.net,BE,2025-01-19
8372,Jennifer,Lynn,kevinlin@example.org,FR,2025-11-25
8373,Robert,Sanchez,anthonyjulie@example.net,NL,2024-12-19
8374,James,Richardson,michaelwilkerson@example.com,NL,2025-08-15
8375,Peter,Dixon,hallsamantha@example.org,NL,2023-10-07
8376,Renee,Sanders,bradfordjill@example.org,NL,2025-11-02
8377,Raymond,Li,gonzalesjames@example.net,BE,2025-10-13
8378,Jermaine,Bowers,natalieroach@example.net,NL,2024-06-15
8379,Vincent,Griffin,lisamoore@example.net,FR,2025-03-31
8380,Stephen,Harris,clarkjohn@example.org,NL,2025-11-14
8381,William,Schwartz,juliediaz@example.net,BE,2024-01-01
8382,Timothy,Hutchinson,williamsrose@example.org,DE,2024-03-08
8383,Laura,Perez,westrebecca@example.com,BE,2023-05-09
8384,Monica,Griffin,buckleynicholas@example.org,BE,2023-06-02
8385,Jonathan,Sandoval,kathleenweaver@example.com,BE,2025-12-25
8386,Gabrielle,Hopkins,bryan69@example.com,BE,2025-05-07
8387,Darren,Barrera,pamela86@example.com,NL,2023-05-05
8388,Tracy,Smith,umcmahon@example.org,BE,2023-05-20
8389,Troy,Anderson,lauren40@example.net,BE,2025-03-02
8390,Renee,Schroeder,billygriffith@example.com,BE,2025-06-03
8391,Vicki,Wright,amycollins@example.net,NL,2023-09-21
8392,Christopher,Johnson,jcollins@example.net,FR,2025-10-06
8393,Derek,Jacobs,mark75@example.com,BE,2023-07-04
8394,Lisa,Fritz,gdavies@example.org,BE,2025-06-13
8395,Thomas,Martinez,ericksonvicki@example.com,DE,2025-06-20
8396,David,Chapman,elizabeth28@example.org,NL,2025-10-02
8397,Troy,Campos,toddfry@example.net,FR,2024-11-13
8398,Eric,King,robertsonlori@example.com,NL,2025-07-25
8399,Nicholas,Saunders,hpierce@example.org,BE,2025-05-20
8400,Alexander,Morales,kathrynmartinez@example.net,DE,2023-08-14
8401,Michelle,Perez,timothymontoya@example.org,ES,2024-12-01
8402,Jennifer,Harvey,torresmicheal@example.org,BE,2023-12-12
8403,Colton,Jones,oconnellanna@example.com,ES,2025-06-06
8404,Kathleen,Clark,iwhite@example.net,BE,2024-11-06
8405,Whitney,Miller,masontimothy@example.com,NL,2024-07-02
8406,Deborah,Kennedy,lbutler@example.com,NL,2023-06-14
8407,Erik,Benitez,christinehill@example.net,ES,2023-09-08
8408,Shane,Tran,huntcurtis@example.com,ES,2023-05-11
8409,Cynthia,Rodriguez,grivera@example.com,FR,2024-07-03
8410,Makayla,Burke,joseph14@example.org,DE,2023-12-13
8411,Ronald,Gray,leeraymond@example.org,ES,2024-06-14
8412,Mindy,Moreno,cynthia94@example.net,BE,2025-06-08
8413,Joshua,Jackson,williamslisa@example.com,FR,2023-06-01
8414,Sabrina,Love,jaclynferguson@example.org,ES,2024-12-03
8415,Anthony,Jacobs,garzaalexander@example.org,NL,2023-06-03
8416,Chad,Clarke,angelamyers@example.org,BE,2025-07-16
8417,Seth,Carney,coopershannon@example.com,DE,2025-01-10
8418,Stephanie,Harrison,meredith95@example.net,BE,2025-08-23
8419,Scott,Walters,mcclainjennifer@example.net,FR,2023-12-28
8420,James,Evans,lisabell@example.org,ES,2024-07-01
8421,Cameron,Gray,brendacharles@example.com,ES,2023-06-15
8422,Deborah,Gallegos,susanstrickland@example.org,ES,2024-05-24
8423,Alyssa,Pearson,hmorse@example.org,FR,2023-09-12
8424,Jennifer,Davis,nicholasdaniels@example.com,FR,2025-03-20
8425,Brooke,Lee,richardthompson@example.org,BE,2025-08-30
8426,Ryan,Goodwin,leslienguyen@example.org,ES,2025-06-02
8427,Kimberly,Mitchell,davistina@example.com,NL,2023-10-28
8428,David,Brennan,vramos@example.org,FR,2024-12-11
8429,Daniel,Ryan,gilmoredavid@example.com,FR,2024-09-29
8430,Tiffany,Trevino,sean69@example.org,BE,2023-10-13
8431,Matthew,Webster,vjordan@example.net,DE,2024-08-20
8432,Anthony,Church,hannah10@example.net,FR,2024-02-06
8433,Angela,Ellis,richard63@example.com,FR,2025-05-27
8434,Amanda,Sullivan,nquinn@example.org,FR,2023-06-30
8435,Jennifer,Jennings,christophermack@example.net,BE,2023-08-20
8436,Emily,Cox,colin42@example.net,NL,2024-04-03
8437,Brian,Wong,dyeralyssa@example.net,BE,2025-07-21
8438,Gabriel,Morton,ernest60@example.org,FR,2023-04-15
8439,Eric,Baker,shawn31@example.com,ES,2024-05-08
8440,Joanne,Noble,cindy20@example.org,NL,2024-06-25
8441,Virginia,Quinn,delgadoerica@example.org,ES,2024-06-06
8442,Carl,Chandler,jesse58@example.net,FR,2023-06-22
8443,Courtney,Mosley,alyssayates@example.org,ES,2024-06-16
8444,Brian,Andrews,joseph54@example.net,DE,2025-10-11
8445,Rebecca,Ramirez,ynorris@example.net,FR,2025-09-16
8446,Scott,Contreras,onelson@example.com,DE,2023-07-31
8447,Michael,Boyle,michaelmurphy@example.net,BE,2025-03-31
8448,Holly,Armstrong,cynthiamyers@example.com,FR,2023-11-19
8449,Richard,Taylor,stephencohen@example.net,BE,2023-08-05
8450,Brandi,Sutton,riosrebekah@example.com,NL,2024-10-19
8451,Veronica,Tate,zstark@example.net,NL,2024-07-14
8452,Jenna,Gonzales,jasmine46@example.net,BE,2024-09-05
8453,James,Nielsen,franklinamber@example.net,FR,2024-05-01
8454,Colleen,Hicks,melissaarmstrong@example.org,ES,2024-08-09
8455,Daniel,Hernandez,joshua63@example.net,NL,2023-03-05
8456,Jacob,Nguyen,roger63@example.org,BE,2026-01-15
8457,James,Kirby,farmstrong@example.org,DE,2025-02-26
8458,Scott,Cole,austin29@example.net,BE,2023-06-10
8459,Ronald,Haynes,barajasricky@example.org,FR,2025-11-19
8460,Joseph,Brady,bakergabrielle@example.com,DE,2023-06-11
8461,Rachel,Reyes,lambwesley@example.org,DE,2025-09-27
8462,Shannon,Cole,cartercarlos@example.com,FR,2024-02-27
8463,Erin,Heath,emily28@example.com,DE,2025-03-07
8464,Brian,Smith,grantchristine@example.com,DE,2026-01-10
8465,Victoria,Davis,athompson@example.com,ES,2026-01-23
8466,Diamond,Smith,ewalker@example.com,BE,2023-05-13
8467,Susan,Nolan,danielmathews@example.org,DE,2024-08-14
8468,Linda,Griffin,thomasmaria@example.org,BE,2025-03-18
8469,Patricia,Smith,sullivansylvia@example.com,BE,2023-12-31
8470,Ian,Fernandez,bakermichelle@example.com,BE,2025-09-21
8471,Jacob,Haney,katherine09@example.net,NL,2023-08-24
8472,Justin,Cervantes,campbellcarla@example.net,NL,2025-01-26
8473,Blake,Miller,margaret18@example.org,ES,2024-10-22
8474,Scott,Johnston,foleyjose@example.net,BE,2024-10-19
8475,Kenneth,Wood,paul10@example.net,BE,2025-10-06
8476,Andrew,Sandoval,brownkenneth@example.org,ES,2023-07-07
8477,James,Rodgers,mark85@example.net,ES,2025-02-08
8478,Debra,Campbell,alvarezmichael@example.com,NL,2023-12-22
8479,Brandon,Garcia,kristen32@example.org,FR,2023-12-01
8480,James,Lawson,masondeborah@example.org,DE,2026-01-17
8481,Fred,Evans,mfarmer@example.org,DE,2026-02-02
8482,Anthony,Vaughn,lewisjessica@example.org,ES,2023-05-06
8483,Timothy,Nichols,richardsonmichael@example.com,FR,2023-12-05
8484,Cynthia,Green,ravenwagner@example.com,DE,2024-07-12
8485,Melissa,Norton,david30@example.com,BE,2026-01-18
8486,Dawn,Hill,carterfrederick@example.net,BE,2023-02-27
8487,Jessica,Martin,sarareyes@example.org,ES,2024-12-09
8488,Kristen,Mccann,ritterjasmine@example.net,NL,2025-07-27
8489,Rachel,Hall,jonathan66@example.com,FR,2024-07-22
8490,Ryan,Rocha,aaronhanson@example.com,ES,2025-08-08
8491,Breanna,Monroe,rodriguezcaitlyn@example.net,ES,2025-05-12
8492,Michael,Marsh,jacksonblake@example.net,ES,2023-09-21
8493,Amy,Blair,snydercharles@example.net,BE,2025-07-02
8494,Michelle,Brennan,spena@example.net,NL,2023-06-21
8495,Cynthia,Carter,cheyenne32@example.com,FR,2024-02-04
8496,William,Park,katherinehunter@example.net,DE,2025-11-10
8497,Seth,Williams,sheila44@example.org,NL,2025-11-28
8498,Sarah,Middleton,laura18@example.org,DE,2023-09-10
8499,John,Rodriguez,kathylee@example.net,BE,2024-10-10
8500,Jacob,Ross,chandlermichelle@example.com,FR,2024-06-25
8501,Ashley,Hess,autumn43@example.net,BE,2024-12-23
8502,Michael,Steele,kanescott@example.org,DE,2025-10-09
8503,Samantha,Martinez,qmaddox@example.org,ES,2024-02-09
8504,Andrew,Vasquez,uburns@example.org,DE,2025-11-26
8505,Jonathan,Vaughan,joycewilliamson@example.com,DE,2023-03-09
8506,Steven,Parker,jason14@example.com,DE,2023-02-23
8507,Danielle,Adkins,sherrycastro@example.net,BE,2023-12-08
8508,Kevin,Smith,umay@example.org,DE,2023-02-21
8509,Angela,Brennan,clarkcatherine@example.org,FR,2025-08-17
8510,Collin,Johnson,wattsshane@example.org,FR,2025-02-02
8511,Jamie,Perez,biancagrant@example.org,FR,2024-07-27
8512,Blake,Castro,javieranderson@example.org,NL,2024-03-10
8513,Robert,Pratt,blakemeyer@example.net,BE,2025-01-26
8514,Jennifer,Browning,youngamber@example.net,NL,2024-01-19
8515,Steven,Shea,andersonjamie@example.com,ES,2025-03-04
8516,Gabriel,Hall,kgarza@example.net,BE,2024-11-07
8517,Devin,Wolf,craig50@example.net,ES,2025-06-16
8518,Brendan,Hernandez,jennifer66@example.org,FR,2023-11-05
8519,Stacey,Santos,glovermichael@example.org,ES,2025-04-01
8520,Annette,Baker,tharrell@example.net,NL,2024-02-16
8521,Lisa,Young,glasskimberly@example.org,ES,2024-04-10
8522,Christopher,Williams,ymay@example.com,BE,2023-12-23
8523,Pamela,Green,areeves@example.com,NL,2024-11-15
8524,Matthew,Alvarez,anthony61@example.net,NL,2025-06-24
8525,Ann,Page,tracyfitzgerald@example.org,FR,2023-11-11
8526,Edward,Nelson,fosterelizabeth@example.com,FR,2023-02-19
8527,Kevin,Vega,robertmitchell@example.net,ES,2025-09-19
8528,Jon,Thompson,krystal60@example.net,DE,2024-01-13
8529,Susan,Clark,kyle52@example.net,BE,2025-03-17
8530,Jennifer,Castro,ricky97@example.net,FR,2025-08-19
8531,Joseph,Dunn,fernandezbrian@example.net,FR,2025-10-31
8532,David,Daniel,williamsgary@example.com,FR,2024-02-05
8533,Denise,Jimenez,beckersean@example.com,NL,2025-04-13
8534,Christine,Nelson,wooddebra@example.org,BE,2024-04-26
8535,Kelly,Meyer,mary45@example.com,ES,2025-07-13
8536,Stacey,Brown,ujackson@example.com,FR,2024-05-26
8537,Crystal,Smith,wardsamuel@example.org,BE,2024-05-29
8538,Sean,Fernandez,caitlinharris@example.com,ES,2025-09-30
8539,Robert,Morse,cheryl95@example.org,ES,2023-10-08
8540,Richard,Howard,jonathanhood@example.com,NL,2026-01-27
8541,Joy,Thomas,pbutler@example.com,BE,2025-02-06
8542,Christina,Jackson,hclayton@example.net,FR,2025-08-15
8543,Jennifer,Nichols,janet06@example.net,FR,2024-07-26
8544,Lance,Brown,tiffany97@example.com,NL,2024-05-13
8545,Kenneth,Lee,ubarrett@example.net,ES,2023-07-25
8546,Lisa,Thompson,chenleslie@example.com,BE,2025-08-22
8547,Kevin,Hernandez,matthew49@example.com,FR,2025-12-12
8548,Eric,Williams,danielwright@example.org,DE,2023-04-24
8549,Brian,Brown,jenkinsangie@example.com,BE,2023-10-14
8550,Michael,Stanley,mwest@example.org,ES,2024-11-18
8551,Aaron,Reese,nicoleharris@example.org,BE,2026-01-21
8552,Jose,Jackson,hunterallison@example.com,DE,2024-12-05
8553,Glenn,Smith,scott20@example.net,BE,2024-06-01
8554,Robert,Barber,sanchezjeremiah@example.org,BE,2024-01-26
8555,Ricky,Wilson,lauramelton@example.org,NL,2025-09-08
8556,Jennifer,Martinez,terrycarrie@example.com,ES,2025-04-28
8557,Carmen,Sanchez,longrobert@example.org,NL,2026-01-12
8558,Tina,Wood,thompsonjoshua@example.net,FR,2025-12-20
8559,Brian,Nelson,tashacarpenter@example.com,ES,2025-09-12
8560,Nathaniel,Parker,jason57@example.com,BE,2023-08-21
8561,Thomas,Owens,charles56@example.org,FR,2023-11-03
8562,Jenna,Lopez,kbaird@example.org,FR,2025-01-29
8563,Kevin,Harper,melissareynolds@example.org,FR,2025-01-16
8564,Holly,Watkins,greenekayla@example.net,BE,2025-12-24
8565,Timothy,Hale,ramirezpaige@example.net,FR,2023-05-25
8566,Rebecca,Warner,harrissarah@example.net,ES,2023-06-24
8567,Jennifer,Anderson,simmonsjohn@example.net,ES,2023-10-02
8568,Evan,Davidson,peterhines@example.com,FR,2025-03-15
8569,David,Soto,vargaseric@example.com,BE,2025-09-09
8570,Amy,Mclaughlin,yolandamiller@example.com,FR,2025-11-10
8571,Lisa,Blankenship,trussell@example.org,NL,2024-08-25
8572,Sandra,Green,carrolllucas@example.net,BE,2025-04-01
8573,Mariah,Baker,crystalpatrick@example.org,FR,2024-07-31
8574,Sarah,Peters,kimberlymorales@example.com,DE,2023-12-05
8575,John,Parker,owensjulie@example.net,FR,2024-03-11
8576,Tamara,Irwin,robert82@example.net,ES,2024-08-24
8577,Patrick,Cole,gatesdonna@example.org,DE,2024-12-09
8578,Robert,Cunningham,fsavage@example.net,BE,2023-07-23
8579,Jessica,Riggs,brian13@example.net,NL,2024-10-12
8580,Mary,Reed,jenniferpadilla@example.org,ES,2023-07-11
8581,Madison,Murphy,william47@example.com,NL,2024-03-20
8582,Melissa,Richmond,jeffreydavis@example.com,ES,2024-02-06
8583,Amy,Dickerson,timothyjensen@example.net,BE,2024-02-21
8584,Breanna,Johnson,denise22@example.com,BE,2025-02-01
8585,Clifford,Davis,davidjohnson@example.org,ES,2024-11-16
8586,David,Williamson,mollyvance@example.com,BE,2025-02-21
8587,Jacqueline,Rivera,smurphy@example.com,FR,2023-07-21
8588,Jody,Wright,maxwell95@example.org,FR,2025-08-03
8589,Jeremiah,Mendez,martinezpaul@example.net,DE,2025-11-15
8590,Juan,Rose,perezmegan@example.net,BE,2023-06-11
8591,Alison,Farmer,harrisdouglas@example.org,BE,2024-09-05
8592,Jorge,Terry,jacob47@example.org,ES,2023-10-09
8593,Amanda,Nelson,johnsonkelly@example.com,DE,2023-05-13
8594,Curtis,Brown,campbelljacob@example.org,BE,2024-06-05
8595,Dylan,Summers,zbrown@example.net,BE,2023-03-14
8596,Victor,Marquez,kennethmcintyre@example.org,NL,2023-08-25
8597,Brittany,Morrison,camachoanthony@example.net,BE,2023-11-09
8598,Robert,Wheeler,stephenlivingston@example.org,BE,2025-03-02
8599,Kimberly,Sparks,lsalas@example.com,DE,2025-06-29
8600,Michael,Lee,christinaanderson@example.net,DE,2024-07-18
8601,Adam,Logan,ian52@example.com,DE,2024-03-21
8602,Lisa,Smith,jwilliams@example.com,ES,2025-04-03
8603,Brandon,Peters,huberchristine@example.net,BE,2023-08-16
8604,David,Miller,spowell@example.com,NL,2025-11-03
8605,Maria,Duke,stevenscameron@example.org,DE,2025-03-21
8606,Henry,Carney,robertslinda@example.net,DE,2024-06-08
8607,Sheila,Fry,richardluna@example.org,NL,2023-09-20
8608,John,Martinez,jfuller@example.org,ES,2025-08-01
8609,Paul,Bryan,tammywilliams@example.org,NL,2023-05-14
8610,Andrew,Pope,pfranco@example.org,NL,2025-10-04
8611,Maria,Wells,fscott@example.org,DE,2025-04-22
8612,Benjamin,Webb,dpoole@example.com,NL,2023-11-04
8613,Michele,Lee,russelltodd@example.org,FR,2023-09-25
8614,Donald,Mckinney,randy92@example.net,BE,2025-11-09
8615,Cody,Boyd,matthewsashley@example.net,DE,2025-10-07
8616,Annette,Miles,ortizjohn@example.net,FR,2025-09-06
8617,Haley,Harvey,uosborne@example.org,FR,2023-07-18
8618,Leslie,Ford,tlane@example.net,ES,2025-02-27
8619,Krystal,Carter,stephen93@example.com,FR,2024-12-26
8620,Crystal,Nelson,christian04@example.com,ES,2025-09-28
8621,Carly,Strickland,lgreen@example.net,ES,2024-04-08
8622,Jacqueline,Stanton,rebecca95@example.net,FR,2025-06-06
8623,Nicole,Jones,carloswright@example.net,BE,2023-05-11
8624,Scott,Trevino,kenneth16@example.org,NL,2026-01-26
8625,Kelly,Wilkinson,brownrachel@example.net,ES,2025-06-24
8626,John,Eaton,sherry93@example.org,BE,2025-04-22
8627,Kenneth,Jimenez,pattersonrodney@example.org,BE,2025-03-09
8628,Raymond,Alvarez,markbest@example.net,DE,2024-08-31
8629,Deanna,Dalton,vickie15@example.com,BE,2024-06-05
8630,Melanie,Simmons,brianvazquez@example.org,FR,2025-09-11
8631,Suzanne,Harding,thomasblack@example.net,FR,2024-04-27
8632,Shelly,Lopez,jerry89@example.net,BE,2024-01-16
8633,Melissa,Jackson,melindacoleman@example.org,NL,2024-07-12
8634,Diana,Campos,lisa54@example.net,DE,2023-04-20
8635,Jennifer,Smith,kimberly72@example.com,FR,2024-03-24
8636,Donna,Bryant,eileen51@example.net,NL,2025-03-24
8637,Robert,Gonzalez,ruizdaniel@example.org,ES,2023-03-04
8638,Ethan,Mason,aliceguzman@example.com,ES,2024-03-12
8639,Matthew,Wilson,thomasnatalie@example.com,ES,2025-05-11
8640,Julie,Patel,ewinters@example.org,ES,2023-03-08
8641,John,Payne,kwade@example.org,BE,2023-10-04
8642,Cathy,Sims,kristen41@example.net,BE,2023-11-10
8643,Donald,Smith,robbinsrachael@example.org,ES,2025-02-14
8644,Chelsey,Tran,kevinbrown@example.org,NL,2024-08-28
8645,Stephanie,Mathews,megan25@example.org,ES,2023-07-30
8646,Victor,Bowman,hoodbryan@example.com,DE,2026-01-10
8647,Jason,Brown,xperez@example.net,ES,2025-06-01
8648,Susan,Williams,pharvey@example.org,BE,2024-01-07
8649,Nancy,Cook,sabrina98@example.net,ES,2023-03-26
8650,Ryan,Becker,deniseking@example.org,BE,2023-03-23
8651,Anna,George,hlawrence@example.org,FR,2024-03-29
8652,Tammy,Delgado,simmonsdaniel@example.net,DE,2025-08-08
8653,Richard,Hudson,bernard47@example.com,NL,2025-06-08
8654,Paul,Zuniga,lindsey94@example.net,ES,2023-10-12
8655,Cody,Rogers,jamesmoody@example.org,ES,2024-12-05
8656,Robert,Gonzalez,aimeedunn@example.net,BE,2024-11-05
8657,Jennifer,Ellis,omcgrath@example.org,BE,2024-02-12
8658,John,Mayo,aclarke@example.com,BE,2024-09-12
8659,Tyler,Murray,rachelweber@example.org,FR,2024-05-20
8660,Donald,Dominguez,lolsen@example.net,DE,2023-12-26
8661,Tony,Parker,hurleyaaron@example.com,FR,2024-12-21
8662,David,Henry,kenneth49@example.com,NL,2025-08-05
8663,Veronica,Bauer,smarquez@example.com,DE,2023-09-30
8664,Monique,Mendoza,marklopez@example.org,FR,2023-08-25
8665,Stephanie,Jackson,lewisrobert@example.com,ES,2024-12-03
8666,Christina,Hutchinson,rodriguezjackson@example.org,FR,2023-12-24
8667,Elizabeth,Mendoza,popejoseph@example.org,ES,2023-11-05
8668,Robin,Castillo,shellyvargas@example.net,NL,2023-12-19
8669,Raymond,Moses,izuniga@example.org,ES,2023-11-01
8670,Angela,Barnett,dawnmeyer@example.com,BE,2023-12-05
8671,Devin,Nguyen,diane67@example.org,FR,2025-07-02
8672,Nicole,Lopez,josephbarton@example.com,DE,2024-05-08
8673,Andrew,Foster,robert10@example.net,ES,2024-01-25
8674,Laura,Hudson,oluna@example.com,BE,2025-10-15
8675,Gina,Becker,cpetty@example.com,ES,2024-03-05
8676,James,Richardson,chandlermarc@example.com,BE,2025-06-15
8677,Stephanie,Carter,jill04@example.org,DE,2024-10-21
8678,Gary,Kelly,achapman@example.com,NL,2023-05-20
8679,James,Morales,barbaramiller@example.com,DE,2023-04-28
8680,Rebecca,Hicks,gonzalezryan@example.org,DE,2024-02-15
8681,Lori,Ward,lanechristopher@example.net,NL,2024-09-22
8682,Jamie,Nelson,jacobrobinson@example.net,DE,2025-10-20
8683,Mark,Wong,npalmer@example.net,NL,2023-05-29
8684,David,Jones,fsmith@example.com,DE,2024-09-29
8685,Kevin,Vargas,steven57@example.net,BE,2025-12-08
8686,Cynthia,Reyes,melissa82@example.com,DE,2025-01-14
8687,Daniel,Wilson,wagnermarissa@example.com,NL,2024-12-29
8688,Jennifer,Robbins,showell@example.com,FR,2023-05-22
8689,Jay,Taylor,cmiranda@example.org,NL,2025-05-13
8690,Denise,Alvarado,uevans@example.org,ES,2026-01-23
8691,James,Rodriguez,lindamejia@example.org,BE,2026-01-07
8692,Ronald,Webb,christopherrussell@example.net,NL,2023-09-18
8693,Wanda,Collins,dmcpherson@example.net,FR,2023-05-23
8694,Shannon,Carter,brendanyoung@example.com,FR,2023-09-29
8695,Christian,Clark,william51@example.net,FR,2025-03-06
8696,Vincent,Jones,gonzalezdouglas@example.org,FR,2023-08-25
8697,Anthony,Rich,edixon@example.com,DE,2024-07-01
8698,William,Mcdonald,ocarter@example.org,ES,2024-12-26
8699,Michael,Gregory,matthew23@example.com,NL,2025-06-23
8700,Eric,Murillo,castanedaalexander@example.org,FR,2025-12-04
8701,Mary,Cohen,wholloway@example.com,NL,2025-03-11
8702,Emily,Robinson,williamjackson@example.org,BE,2025-08-10
8703,Andrea,Blankenship,csolis@example.net,FR,2023-05-24
8704,James,Santos,hannah86@example.org,FR,2023-08-10
8705,Thomas,Fowler,asnow@example.org,ES,2025-06-26
8706,Anthony,Moyer,qluna@example.com,ES,2024-01-27
8707,Steven,Bruce,osbornedana@example.org,DE,2023-02-15
8708,Sherry,Mitchell,stephaniemason@example.org,BE,2023-02-26
8709,Amy,Yang,bowmanjose@example.net,FR,2025-12-02
8710,Nicole,Hammond,steven17@example.com,FR,2023-05-19
8711,Jason,Richmond,coledaniel@example.net,NL,2023-11-07
8712,Virginia,Burgess,hallsophia@example.org,ES,2023-03-24
8713,Kelly,Crawford,bpowers@example.org,FR,2025-08-30
8714,Mary,Shea,susan10@example.org,DE,2023-04-27
8715,Kevin,Nguyen,qstone@example.com,DE,2023-02-22
8716,Brittney,Hernandez,melanie00@example.com,NL,2024-03-02
8717,James,Choi,jordanphelps@example.org,FR,2025-05-04
8718,Joseph,Hampton,salazartyler@example.org,NL,2024-09-17
8719,Brent,Macias,pmitchell@example.org,ES,2025-06-01
8720,Steven,Blackburn,ramseytodd@example.com,BE,2026-01-18
8721,Lori,Goodman,obell@example.org,BE,2023-11-18
8722,Ryan,Lozano,steven87@example.com,DE,2025-07-02
8723,Joanna,Young,darrell47@example.org,BE,2025-03-04
8724,Scott,Jones,aprilreed@example.com,FR,2024-12-29
8725,Brenda,Hall,margaretflores@example.com,BE,2025-11-19
8726,Katherine,Jones,hsimpson@example.net,FR,2025-10-27
8727,Jessica,Cunningham,angela32@example.net,FR,2024-05-10
8728,Hannah,Hernandez,rodriguezmiguel@example.net,ES,2024-12-14
8729,Kimberly,Gonzales,pamelawilliams@example.net,NL,2024-03-12
8730,Mitchell,Jordan,nkent@example.net,DE,2025-06-26
8731,Diane,Sawyer,courtney29@example.net,ES,2024-05-27
8732,Shelly,Gonzales,fcole@example.net,FR,2023-08-13
8733,Elizabeth,Weaver,farmermark@example.com,FR,2024-03-01
8734,Ryan,Taylor,dylan51@example.com,DE,2025-12-20
8735,Susan,Green,ryan21@example.com,NL,2023-10-19
8736,Joshua,Kline,allenamanda@example.com,NL,2024-07-06
8737,Dale,Jenkins,desiree25@example.org,BE,2024-09-28
8738,Timothy,Watson,annette20@example.net,DE,2023-06-15
8739,Curtis,Murillo,hansonerika@example.org,BE,2025-04-28
8740,Stacey,Shepard,kelsey40@example.org,ES,2025-02-26
8741,Matthew,Collins,nicholas56@example.com,ES,2024-04-29
8742,Travis,Smith,bakermary@example.org,ES,2025-05-04
8743,Patrick,Baker,haysmarisa@example.net,BE,2023-10-12
8744,Christopher,Strong,jenny25@example.org,FR,2025-07-22
8745,Eric,Curtis,ngreen@example.org,ES,2025-05-26
8746,Clayton,Gordon,andrearodriguez@example.com,FR,2023-08-28
8747,Laura,Oneal,nbeltran@example.org,ES,2023-06-26
8748,Amber,Diaz,jleach@example.com,DE,2025-08-18
8749,Douglas,Ayala,ericstewart@example.org,FR,2024-04-19
8750,Patricia,Singleton,latasha36@example.com,BE,2024-03-27
8751,Michael,Johnson,reyeshunter@example.net,FR,2024-08-11
8752,Jack,Smith,jacksonmark@example.com,DE,2025-12-04
8753,Victor,Kelly,weaversteven@example.com,NL,2023-06-10
8754,Sarah,Grant,zgray@example.com,NL,2024-11-09
8755,Brandon,Jarvis,hperkins@example.net,DE,2025-01-18
8756,Melanie,Rivera,jessica92@example.net,ES,2023-12-28
8757,Dawn,Armstrong,christopherchurch@example.org,ES,2025-09-18
8758,Christopher,Lester,williamstroy@example.net,BE,2026-01-20
8759,Lee,Hernandez,jose77@example.net,NL,2023-04-05
8760,Samantha,Adams,fpowers@example.org,ES,2025-06-01
8761,Debra,Turner,dcampbell@example.com,BE,2024-12-08
8762,Wesley,Garcia,allenjames@example.org,FR,2025-04-13
8763,Sarah,Dickerson,martineztroy@example.net,DE,2025-05-04
8764,Stephanie,Santana,codyreynolds@example.net,DE,2023-08-30
8765,Shelly,Cain,boltonbrian@example.com,ES,2024-08-25
8766,Vickie,Chavez,salazarjasmine@example.net,FR,2025-12-31
8767,Patricia,Church,ibarker@example.com,NL,2024-12-24
8768,David,Miller,woodscheryl@example.com,FR,2025-09-22
8769,Samuel,Stewart,marshcharlene@example.net,DE,2024-12-08
8770,Amanda,Davis,isaiahporter@example.net,BE,2025-03-17
8771,Anthony,Peters,adamgonzales@example.net,BE,2024-08-05
8772,Michael,Stout,amber33@example.com,BE,2024-11-23
8773,Cynthia,Davis,karen33@example.org,NL,2025-09-08
8774,Joshua,Malone,danny55@example.net,DE,2024-06-10
8775,Roy,Ward,theresa71@example.org,NL,2023-12-25
8776,Charles,Bowen,wumichael@example.org,ES,2023-04-07
8777,Aaron,Bennett,robert44@example.com,FR,2026-01-16
8778,Susan,Mendez,jtorres@example.com,NL,2025-01-10
8779,Bradley,Walker,onealrandy@example.org,NL,2025-11-09
8780,Brian,Bowers,jeffrey29@example.org,NL,2025-09-24
8781,Justin,Lamb,winterszachary@example.net,ES,2026-01-08
8782,Heidi,Allen,flemingbrenda@example.net,ES,2024-08-17
8783,Paige,Williams,josephtorres@example.org,BE,2023-10-10
8784,Michael,Simpson,walkerrobert@example.com,FR,2023-05-31
8785,Linda,Henderson,bruceshelly@example.com,NL,2025-03-12
8786,Diane,Barber,andreajohnson@example.org,NL,2024-10-11
8787,Cheryl,Oconnell,wodom@example.org,FR,2026-01-30
8788,Frank,Baker,bauerscott@example.net,FR,2024-12-21
8789,Jennifer,Ramirez,olsencynthia@example.com,DE,2023-08-25
8790,Stacey,White,leenicole@example.com,ES,2023-06-20
8791,Travis,Alexander,jamesrodriguez@example.org,BE,2025-03-31
8792,Danielle,Williams,yfischer@example.net,FR,2025-03-01
8793,Madeline,Vaughan,deborah95@example.com,DE,2024-05-27
8794,Taylor,Brewer,jodi99@example.org,DE,2024-09-23
8795,Amanda,Li,ryananthony@example.org,ES,2023-05-08
8796,Steven,Gonzalez,plee@example.net,FR,2023-07-10
8797,Katherine,Harrell,harringtonanna@example.net,DE,2024-07-10
8798,Maurice,Garcia,moranlori@example.com,NL,2024-07-13
8799,Jennifer,Martinez,fanderson@example.net,DE,2024-03-11
8800,Joe,Richardson,jeanne18@example.org,BE,2023-09-22
8801,Madison,Martin,zacharymartinez@example.com,ES,2024-04-01
8802,Daniel,Martin,nicolehoffman@example.com,ES,2023-12-10
8803,Maria,Price,megan34@example.com,BE,2024-04-15
8804,Benjamin,Bishop,david66@example.net,BE,2025-09-11
8805,Timothy,Henry,danielsvernon@example.org,FR,2023-07-21
8806,Heidi,Romero,brownrhonda@example.com,DE,2025-03-21
8807,Courtney,Branch,masseyjonathan@example.com,NL,2024-08-01
8808,April,Rodriguez,ipeterson@example.net,BE,2023-06-03
8809,Tracey,Villanueva,meganholland@example.net,BE,2023-04-15
8810,Phillip,Carter,khuerta@example.com,ES,2023-02-15
8811,Anthony,Bender,murphyjennifer@example.net,BE,2023-11-27
8812,Patricia,Johnston,louis70@example.net,FR,2024-03-04
8813,Zachary,Lucas,janice94@example.net,BE,2024-11-17
8814,Erika,Roberts,castilloangela@example.net,NL,2025-10-25
8815,Justin,Sanders,heather45@example.net,BE,2023-06-15
8816,Ashley,Jimenez,keith55@example.org,BE,2023-12-15
8817,Jeremy,Johnson,pmosley@example.net,FR,2026-01-01
8818,Justin,Terrell,tony27@example.com,BE,2024-02-03
8819,Summer,Nelson,becksarah@example.org,BE,2025-09-29
8820,Michael,Hurley,lindaprince@example.net,BE,2024-10-28
8821,Maxwell,Harris,samuel42@example.com,ES,2024-01-23
8822,Daniel,Ramsey,vpoole@example.com,BE,2025-03-08
8823,Jennifer,Dyer,heathermartinez@example.com,NL,2024-12-26
8824,Antonio,Jones,egordon@example.org,ES,2023-04-17
8825,Isaiah,Gutierrez,darrylhowe@example.net,FR,2026-02-02
8826,Wendy,Roberts,christina72@example.com,BE,2023-08-17
8827,Brandon,Faulkner,natalierodriguez@example.com,ES,2024-09-14
8828,Karen,Reynolds,perrypaige@example.org,BE,2025-03-05
8829,Jose,Price,lperez@example.com,NL,2024-05-10
8830,William,Deleon,charles61@example.org,DE,2025-01-31
8831,James,Wagner,zachary31@example.net,ES,2023-04-05
8832,Alicia,Camacho,zharris@example.org,DE,2024-02-24
8833,Michele,Lloyd,mcintoshchristopher@example.net,FR,2024-03-17
8834,Peggy,Castillo,nkim@example.net,ES,2026-01-05
8835,Edward,Jenkins,thomashenry@example.org,BE,2025-06-13
8836,Brian,Jackson,hdavenport@example.net,ES,2023-11-05
8837,Elizabeth,Parker,susanryan@example.net,BE,2023-10-14
8838,Roy,Mendoza,mcphersonkatrina@example.net,ES,2024-08-04
8839,Raven,Reyes,reesedavid@example.net,ES,2024-01-09
8840,Devin,Stevens,tdougherty@example.net,ES,2025-08-12
8841,Tammy,Johnson,bsullivan@example.com,DE,2024-12-09
8842,Christina,Anderson,yshaw@example.org,FR,2023-08-26
8843,Travis,Miller,davilajudith@example.net,NL,2023-05-29
8844,Robert,Hardy,ricardoatkins@example.org,DE,2025-01-28
8845,Jeremy,Morrison,hillpamela@example.com,ES,2023-10-25
8846,David,Mckee,ikelly@example.org,FR,2025-12-10
8847,Richard,Miller,timothyparks@example.net,NL,2026-01-06
8848,Austin,Hoover,sierraobrien@example.net,BE,2025-07-27
8849,Kimberly,Carroll,kevinwelch@example.com,FR,2023-05-22
8850,Mark,Hester,juliadixon@example.com,ES,2025-02-23
8851,Dale,Jones,rosalesamy@example.com,BE,2023-09-20
8852,Nancy,Pace,ralph81@example.net,FR,2023-05-02
8853,David,Rivera,englishsandra@example.org,BE,2023-12-14
8854,Courtney,Adkins,chess@example.com,BE,2025-02-15
8855,Denise,Martin,smiththomas@example.net,NL,2024-01-24
8856,Kimberly,Ray,khernandez@example.org,DE,2024-11-30
8857,Sarah,Ayers,makaylawagner@example.com,FR,2023-05-22
8858,Tyler,Sloan,fglover@example.com,ES,2025-05-22
8859,Raymond,Castro,michelle07@example.com,ES,2023-04-16
8860,Hailey,Young,jacquelinewatson@example.net,BE,2026-01-31
8861,Tammy,Long,brownsamantha@example.org,FR,2025-09-21
8862,Jesse,Bradley,shawn62@example.net,BE,2025-11-04
8863,Kendra,Peterson,ramseyjoshua@example.org,ES,2025-08-28
8864,Ashley,Harvey,jennifer69@example.net,ES,2024-03-25
8865,Thomas,Campbell,darrendiaz@example.net,NL,2024-07-01
8866,Jacob,Cole,relliott@example.com,FR,2024-07-04
8867,Michael,Barnes,jacquelinedyer@example.net,ES,2024-06-21
8868,Barbara,Scott,turnerjared@example.net,NL,2025-08-13
8869,Julie,Edwards,kelseyortiz@example.net,NL,2025-05-24
8870,Nancy,Mahoney,qconner@example.org,FR,2025-12-21
8871,Ebony,Perkins,schroedermegan@example.org,NL,2025-05-06
8872,Anna,Gilbert,ocopeland@example.com,ES,2025-08-28
8873,Dawn,Schultz,kimbryce@example.org,FR,2026-01-21
8874,Amy,Williams,stephaniecoleman@example.org,NL,2025-04-05
8875,Travis,Carrillo,stephanie03@example.org,DE,2024-08-30
8876,Omar,Weaver,andersontracy@example.org,BE,2025-09-22
8877,Annette,Adams,lmontes@example.com,BE,2023-03-27
8878,Linda,Payne,freemanrodney@example.net,DE,2024-03-24
8879,Sherry,Hall,amanda59@example.org,ES,2024-01-30
8880,Corey,Harris,kendrasampson@example.org,BE,2024-04-30
8881,Victoria,Valencia,frenchjoseph@example.com,BE,2024-12-17
8882,Joseph,Black,murphygeorge@example.org,BE,2024-06-03
8883,Nicholas,Thomas,xlopez@example.com,ES,2024-03-09
8884,Rachel,Goodwin,davidrobinson@example.net,FR,2025-08-17
8885,Matthew,Rice,oarcher@example.com,NL,2023-12-10
8886,James,Lara,christinaalvarez@example.com,NL,2024-10-25
8887,Dana,Johnson,brandonmartinez@example.com,FR,2024-04-08
8888,Thomas,Obrien,mnolan@example.org,FR,2023-06-29
8889,William,Holmes,hdrake@example.net,NL,2024-11-02
8890,Joshua,Lawson,aarmstrong@example.com,NL,2025-10-30
8891,Ellen,Rodgers,ghutchinson@example.org,DE,2023-05-07
8892,Nicolas,Anderson,eatonsteven@example.org,BE,2023-12-04
8893,George,Randall,johnsonjoann@example.org,ES,2023-09-23
8894,Nicole,Guerrero,hpowers@example.org,ES,2023-12-27
8895,Wendy,Murray,vincentdiana@example.net,FR,2024-08-17
8896,Ryan,Scott,randallbaker@example.com,BE,2024-10-16
8897,Mary,Franco,christopherpennington@example.org,ES,2025-01-12
8898,Richard,Smith,lambertamanda@example.net,NL,2025-06-03
8899,David,Allen,stephen55@example.net,FR,2025-05-14
8900,Brianna,Garcia,higginstommy@example.net,BE,2023-04-07
8901,Anthony,Alexander,brownronald@example.net,ES,2024-03-23
8902,Crystal,Rivera,michelecarroll@example.net,NL,2025-03-14
8903,Stephanie,Graves,stephanie57@example.org,BE,2025-01-22
8904,Jonathan,Mcclain,amyrubio@example.net,ES,2024-02-18
8905,Michael,Atkins,panderson@example.org,BE,2025-06-08
8906,Caitlyn,Carr,samantha03@example.org,FR,2023-08-08
8907,Austin,Hall,bryantmichael@example.org,ES,2024-01-07
8908,Devon,Williams,djimenez@example.net,DE,2024-01-15
8909,Cameron,Davis,brenda25@example.org,DE,2025-01-21
8910,Nina,Wilkinson,andrewrogers@example.org,ES,2023-11-30
8911,Thomas,Hancock,uscott@example.com,FR,2025-10-24
8912,Jerome,Barnett,haleyduke@example.com,FR,2025-03-30
8913,Nicole,Vega,dawsondesiree@example.com,ES,2024-06-06
8914,Steven,Schmidt,pmendez@example.net,ES,2024-05-16
8915,Lindsay,Kent,jenniferjones@example.com,DE,2025-12-29
8916,Erika,Johnson,derrick67@example.com,NL,2023-03-03
8917,Steven,Hines,ruben64@example.com,BE,2025-05-26
8918,Amber,Wilson,james98@example.com,DE,2024-06-06
8919,Brandon,Walton,taylorrebecca@example.org,BE,2025-08-26
8920,Sherry,Smith,samantha93@example.org,FR,2024-05-08
8921,Gary,Edwards,johnlewis@example.net,FR,2025-12-31
8922,Shelly,Jackson,alisonchaney@example.com,DE,2025-12-24
8923,Tony,King,cwaters@example.org,FR,2025-10-25
8924,Amber,Ramos,michael17@example.com,BE,2024-02-02
8925,Megan,Hall,harriseric@example.org,ES,2023-06-28
8926,James,Strickland,pedromcfarland@example.org,BE,2023-09-19
8927,Jennifer,Doyle,ntaylor@example.com,NL,2025-01-05
8928,Lisa,Hensley,steven79@example.com,DE,2025-06-28
8929,Mary,Smith,derrick36@example.com,ES,2025-06-27
8930,Angel,Phillips,crawfordlaura@example.org,DE,2024-02-17
8931,Matthew,Johnson,jeanette36@example.org,NL,2023-11-21
8932,Michael,Harris,oking@example.net,BE,2024-04-03
8933,John,Lane,dustin30@example.org,DE,2024-04-06
8934,Ruth,Serrano,petersmargaret@example.net,DE,2024-10-01
8935,Patrick,Cantrell,wpruitt@example.net,DE,2023-10-30
8936,Tracy,Moss,maddoxtiffany@example.com,BE,2024-02-08
8937,Erin,Hughes,kathleen13@example.org,ES,2025-08-25
8938,Natasha,Mcdaniel,corey52@example.org,NL,2023-10-07
8939,Christopher,Stevens,myates@example.net,ES,2025-03-28
8940,Michael,Grimes,masonheather@example.net,ES,2024-11-25
8941,Alyssa,Taylor,christinacameron@example.net,DE,2025-01-13
8942,Juan,Schwartz,oblack@example.org,FR,2023-06-08
8943,Jessica,Bird,davidcortez@example.org,FR,2025-08-12
8944,Todd,Moss,laurenhutchinson@example.com,ES,2024-01-30
8945,Dana,Jones,frankwilson@example.org,BE,2023-04-06
8946,Michelle,Freeman,olsenseth@example.com,BE,2026-01-01
8947,Amy,Johnson,scott51@example.org,BE,2024-07-04
8948,Angela,Taylor,andersonkevin@example.org,FR,2023-06-12
8949,Lisa,Garcia,jeremiah20@example.org,FR,2023-08-20
8950,Blake,Hall,tapiadustin@example.net,FR,2023-05-08
8951,Debbie,Gomez,qfernandez@example.net,FR,2023-12-07
8952,Kristin,Clark,scottsalazar@example.net,BE,2024-01-24
8953,Victor,Clements,justingraham@example.net,NL,2024-10-10
8954,April,Patterson,john98@example.net,DE,2025-11-29
8955,Daniel,Hoffman,mmedina@example.com,ES,2025-06-17
8956,Dakota,Jimenez,willismichelle@example.com,DE,2025-02-10
8957,Jason,Russell,dcrosby@example.com,BE,2024-08-25
8958,Holly,Johnson,mpoole@example.com,ES,2025-04-15
8959,Jaime,Bishop,chadwallace@example.net,BE,2023-04-19
8960,Michelle,Johnson,amberpeterson@example.org,NL,2023-05-04
8961,Whitney,Bell,edwardrandolph@example.com,BE,2024-06-17
8962,Cristina,Cooley,dennis28@example.net,NL,2024-12-16
8963,Ashley,Thompson,leah34@example.org,BE,2023-04-19
8964,Matthew,Glass,tammy27@example.net,DE,2024-09-22
8965,William,Clarke,uscott@example.net,DE,2025-08-25
8966,Timothy,Hamilton,mcdonaldjohn@example.org,NL,2024-06-11
8967,Tina,Jenkins,cgreen@example.net,ES,2025-11-15
8968,Kayla,Delgado,josephestes@example.com,FR,2024-11-05
8969,Larry,Cantu,gregoryunderwood@example.org,ES,2024-05-15
8970,Nicholas,Cantu,christian58@example.org,ES,2024-06-27
8971,Katherine,Baldwin,dmitchell@example.org,DE,2025-08-26
8972,Savannah,Williams,deanteresa@example.org,NL,2024-10-13
8973,Casey,Stevens,melissa91@example.com,FR,2025-02-09
8974,Christopher,Wallace,kayla18@example.com,FR,2023-06-13
8975,Todd,Jackson,ypalmer@example.org,FR,2024-08-31
8976,Paul,Peterson,aaroncollins@example.com,FR,2024-11-02
8977,Kenneth,Briggs,tarabowers@example.com,NL,2023-11-02
8978,Tiffany,Wu,tmorales@example.net,FR,2026-01-31
8979,Tony,Ochoa,dyang@example.net,DE,2023-08-05
8980,Margaret,Myers,annettemedina@example.net,DE,2023-08-03
8981,Robert,Jarvis,hjackson@example.net,FR,2024-09-18
8982,Brandy,Clark,kolson@example.net,DE,2023-06-20
8983,Alexis,Ramos,michaelmurphy@example.com,FR,2025-08-25
8984,Richard,Martinez,aaron42@example.net,BE,2025-08-16
8985,Michael,Ritter,cookadam@example.org,NL,2024-02-08
8986,Daniel,Walker,bradleycarter@example.net,BE,2023-04-05
8987,Brandon,Ford,samanthamoore@example.org,FR,2023-07-20
8988,Brenda,Fields,andrewsteele@example.net,FR,2024-11-24
8989,Paul,Phelps,utodd@example.org,ES,2024-10-16
8990,Hannah,Chan,nball@example.org,FR,2024-04-12
8991,Charles,Walsh,angela19@example.com,ES,2025-09-08
8992,Brian,Peterson,blevinstravis@example.net,DE,2025-05-08
8993,Jonathan,Bryant,pedwards@example.net,NL,2023-07-10
8994,Randy,Martin,monicawillis@example.org,DE,2024-10-22
8995,Jose,Williams,scottrebecca@example.com,ES,2024-12-12
8996,Christopher,Washington,kevinlewis@example.org,FR,2023-02-26
8997,Ashley,Johnson,nstokes@example.com,FR,2024-06-17
8998,Monica,Brown,bakergregory@example.com,BE,2023-02-11
8999,Michelle,Reynolds,austincollins@example.org,FR,2023-12-29
9000,Jonathan,Velazquez,uking@example.org,ES,2023-12-06
9001,Jacqueline,Howard,lmoore@example.net,NL,2023-05-27
9002,Mark,Campbell,wilkinsdenise@example.net,BE,2025-01-24
9003,Pamela,Zimmerman,kingamanda@example.com,NL,2023-03-28
9004,John,Andrews,jeanneward@example.net,NL,2024-05-21
9005,Joseph,Meyer,sandramoore@example.org,DE,2024-10-21
9006,Amy,Nunez,ujohnson@example.net,FR,2023-10-16
9007,Tara,Hudson,rphillips@example.org,DE,2024-05-02
9008,Joshua,Patterson,todd96@example.com,DE,2025-03-31
9009,Christopher,Lopez,garysalazar@example.net,ES,2025-06-05
9010,Jodi,Evans,reynoldsbeth@example.org,DE,2023-08-14
9011,Nicholas,Lopez,robertleach@example.org,NL,2024-11-20
9012,Misty,Watson,umiranda@example.org,ES,2025-08-16
9013,Nathan,Smith,ryanstokes@example.net,ES,2024-03-28
9014,Ariana,Pham,stevenobrien@example.com,ES,2023-04-30
9015,Karen,Myers,amandavazquez@example.net,NL,2026-01-12
9016,Latoya,Johnson,knightjason@example.org,FR,2024-02-10
9017,Laurie,Brown,asherman@example.com,DE,2026-01-26
9018,Hunter,Jordan,wharris@example.com,ES,2025-10-31
9019,Taylor,Gonzalez,robert02@example.org,BE,2025-09-01
9020,Ricky,Lewis,cainann@example.net,BE,2023-07-11
9021,Michael,Powell,watkinsgregory@example.net,ES,2024-09-24
9022,Kristopher,Morton,michelle38@example.net,BE,2026-02-02
9023,Gregory,Johnson,holly25@example.org,BE,2024-01-18
9024,Angel,Pham,debrameadows@example.com,ES,2024-01-17
9025,Jeffrey,Smith,matthew87@example.com,NL,2024-03-06
9026,Jamie,Bradshaw,xpierce@example.com,NL,2023-12-01
9027,Denise,Norman,mfrench@example.org,NL,2025-02-26
9028,Joshua,Nunez,jenniferreed@example.net,FR,2025-03-31
9029,Brittany,Sullivan,jose95@example.org,NL,2023-07-22
9030,Jimmy,Harris,castanedajoshua@example.org,DE,2024-02-20
9031,April,Clark,linda66@example.com,ES,2025-07-23
9032,Stephen,Murray,austin52@example.com,FR,2025-07-02
9033,Jennifer,Alexander,juan04@example.com,NL,2023-07-01
9034,Oscar,Parker,cookmatthew@example.net,FR,2025-05-17
9035,Christian,Leblanc,cmccarthy@example.net,DE,2025-07-03
9036,Gary,Klein,mariothomas@example.net,BE,2023-04-11
9037,Adam,Cook,fowlerdevin@example.org,DE,2024-04-22
9038,Bailey,Nguyen,pdixon@example.org,FR,2024-05-22
9039,Erin,Carroll,mariahwhite@example.com,DE,2025-07-25
9040,John,Joseph,mitchell89@example.com,FR,2024-01-15
9041,Mark,Ramirez,robin41@example.com,ES,2023-12-29
9042,Richard,Morgan,oliverantonio@example.org,NL,2023-08-31
9043,Robert,Williams,jbaker@example.net,ES,2024-11-23
9044,James,Mcintyre,browntodd@example.net,FR,2024-09-27
9045,Jessica,Heath,denise96@example.net,FR,2024-08-11
9046,Ethan,Nunez,flemingrachel@example.com,FR,2024-09-03
9047,Kellie,Lane,lindsay30@example.net,ES,2025-08-14
9048,William,Taylor,anthonysutton@example.net,DE,2024-10-17
9049,Debbie,Archer,hdavis@example.net,FR,2023-05-01
9050,Lindsay,Gonzales,lucas95@example.org,DE,2024-11-04
9051,Matthew,Gilbert,andrewhamilton@example.net,NL,2025-09-01
9052,Mark,Lee,shermanpaul@example.org,FR,2025-12-23
9053,Michelle,Spencer,millersabrina@example.net,NL,2024-09-06
9054,Adam,Beard,ltownsend@example.net,ES,2023-06-11
9055,Michael,Bonilla,douglaswatts@example.org,BE,2023-05-30
9056,Cody,Salas,bguzman@example.com,ES,2023-06-07
9057,Samuel,Banks,elizabeth24@example.org,DE,2023-08-24
9058,Philip,Reed,loriponce@example.net,ES,2025-07-17
9059,David,Mendez,josewhitney@example.net,NL,2023-05-11
9060,Kristine,Myers,medinaalicia@example.org,FR,2023-09-02
9061,Stephanie,Mcintyre,williamabbott@example.net,BE,2023-04-08
9062,Melvin,Bruce,ypeterson@example.org,BE,2023-03-12
9063,Michael,Edwards,antoniorichardson@example.org,ES,2025-11-11
9064,Michael,Lewis,caroljones@example.org,NL,2025-09-14
9065,David,Malone,zcarrillo@example.org,FR,2024-09-22
9066,Andrew,Johnson,susanchavez@example.net,BE,2023-06-20
9067,Austin,Diaz,watkinsrobert@example.net,BE,2025-05-13
9068,Karen,Carroll,jeffrey77@example.org,ES,2026-01-27
9069,Elizabeth,Brown,bowersgarrett@example.net,DE,2024-04-16
9070,Jacob,Green,louisjordan@example.net,BE,2025-04-17
9071,Jesus,Knox,reedrobin@example.com,DE,2023-11-12
9072,Jennifer,Hernandez,bmarks@example.net,FR,2023-12-30
9073,Amanda,Cruz,josephbarnes@example.com,BE,2023-04-06
9074,Daniel,Young,aimeecurry@example.org,NL,2025-09-19
9075,Amanda,Morris,jacquelinesoto@example.org,BE,2023-04-08
9076,Maria,Wagner,ostewart@example.org,BE,2025-01-07
9077,Michael,Edwards,andrea98@example.net,ES,2023-02-11
9078,Tony,Hanna,gmorris@example.com,DE,2024-11-20
9079,Tasha,Lambert,xjackson@example.org,FR,2024-05-02
9080,Robert,Grant,andreathompson@example.net,NL,2025-03-26
9081,Lisa,Shea,burnettjohn@example.com,ES,2025-01-08
9082,Amanda,Perez,jared41@example.org,DE,2023-12-24
9083,Alicia,Haynes,chasepatrick@example.net,BE,2024-12-17
9084,Crystal,Hill,lucasvelasquez@example.com,NL,2023-11-14
9085,Brittany,Steele,rthomas@example.net,NL,2025-07-16
9086,Dawn,Ferguson,wilsonamy@example.org,BE,2024-08-30
9087,Brian,Li,amitchell@example.org,FR,2023-02-05
9088,Tanner,Richardson,whitemark@example.net,FR,2025-06-28
9089,Curtis,Flowers,iburton@example.net,BE,2023-04-14
9090,Mike,Mathis,petersenkatie@example.net,DE,2024-05-12
9091,Carol,Haynes,drodriguez@example.org,BE,2025-01-28
9092,Edward,Moore,jeffrey73@example.com,ES,2023-03-21
9093,Catherine,Dixon,taylor44@example.org,DE,2023-11-22
9094,Wesley,Walls,josephyoung@example.com,ES,2024-06-09
9095,Michael,Fox,sabrinamonroe@example.org,BE,2024-11-14
9096,Sandra,Campbell,omartin@example.com,DE,2023-08-16
9097,Matthew,Hill,frederick14@example.com,BE,2025-10-23
9098,William,Jordan,uvasquez@example.org,DE,2023-09-30
9099,Ashley,Gordon,scottjesse@example.org,ES,2024-05-11
9100,John,Hernandez,adkinskaren@example.net,FR,2024-06-05
9101,Veronica,Davis,dharrell@example.org,DE,2023-03-20
9102,Joann,Walsh,littlehenry@example.org,FR,2024-07-18
9103,Heather,Adams,wthompson@example.net,DE,2023-11-11
9104,Jose,Thomas,bryandavis@example.com,NL,2024-11-09
9105,Summer,Lewis,ruben93@example.net,DE,2024-11-26
9106,Craig,Armstrong,joseibarra@example.net,ES,2023-08-19
9107,Kathleen,Cohen,nicholasharvey@example.net,NL,2026-02-02
9108,Mary,Ochoa,igates@example.com,ES,2024-05-16
9109,David,Mack,caldwellkimberly@example.net,DE,2024-06-08
9110,Debra,Kelly,fishercatherine@example.net,FR,2024-11-20
9111,Justin,Romero,timothy54@example.org,NL,2023-10-06
9112,Leah,Keith,james66@example.com,NL,2024-11-17
9113,Marc,Martinez,samuel15@example.com,BE,2023-08-01
9114,April,Garza,heathergardner@example.org,NL,2023-03-25
9115,James,Bentley,charles39@example.org,DE,2024-02-25
9116,Susan,Williams,shaynes@example.org,BE,2023-08-02
9117,Deborah,Stevenson,carrillotina@example.org,ES,2023-08-28
9118,Timothy,Torres,dereksutton@example.com,DE,2023-09-03
9119,Lisa,Price,adrianmcfarland@example.net,NL,2025-01-21
9120,Janice,Sanchez,jeremyjohnson@example.com,FR,2024-01-02
9121,Steven,Garcia,henryellen@example.net,NL,2024-10-26
9122,Tasha,Williams,chanjesus@example.org,DE,2024-09-06
9123,Kimberly,Johnston,dianagraham@example.org,BE,2024-05-18
9124,Anthony,Cunningham,fobrien@example.net,FR,2024-09-13
9125,Brian,Stewart,benjamintaylor@example.net,FR,2023-12-05
9126,James,Petersen,jonathandavis@example.com,ES,2024-04-28
9127,Karen,Tate,ashleynguyen@example.com,FR,2024-05-23
9128,Judy,Howard,whitecourtney@example.com,ES,2024-02-24
9129,Zachary,Contreras,anthonyjohnson@example.com,DE,2026-01-30
9130,Vanessa,Sims,mariamason@example.org,ES,2023-07-14
9131,Emily,Ellison,brendamoore@example.org,FR,2024-11-26
9132,Michele,Wheeler,reedpamela@example.com,NL,2024-06-10
9133,Mary,Pena,staceypayne@example.com,ES,2023-10-25
9134,David,Wang,margaretcole@example.com,NL,2023-12-01
9135,Dana,Thomas,naustin@example.org,DE,2023-09-12
9136,Belinda,Ortiz,larry71@example.net,NL,2023-07-20
9137,Jaime,Olsen,aanderson@example.net,NL,2025-07-14
9138,James,Williams,onash@example.org,FR,2023-02-26
9139,Dillon,Castillo,robinthomas@example.org,ES,2024-11-24
9140,Robert,King,john17@example.net,NL,2023-03-11
9141,Aaron,King,bedwards@example.com,DE,2023-05-30
9142,Fred,Johnson,stokesanthony@example.com,NL,2023-10-15
9143,Kelly,Hall,bullockalex@example.net,DE,2024-12-10
9144,Oscar,Flores,hernandezsamantha@example.net,DE,2025-09-07
9145,Karen,Brown,gvazquez@example.org,NL,2024-11-06
9146,Jay,Reyes,daniel03@example.org,DE,2025-12-28
9147,Jesse,Collins,zpennington@example.net,FR,2025-05-28
9148,Deborah,Fernandez,stephanieroberts@example.net,BE,2024-08-21
9149,Michelle,Gonzalez,smitheddie@example.net,NL,2024-10-02
9150,Chad,Scott,qnelson@example.org,NL,2024-01-08
9151,Tracy,Nichols,william74@example.net,BE,2024-09-30
9152,Jacqueline,Sandoval,hharvey@example.org,DE,2023-12-22
9153,Chelsea,Ferrell,kelsey18@example.net,FR,2025-06-28
9154,Timothy,Mejia,hartmanlisa@example.net,DE,2023-07-22
9155,Erin,Lloyd,annajones@example.com,BE,2024-06-12
9156,Anna,Miller,anthonyprince@example.net,DE,2025-07-21
9157,Jessica,Ross,gonzalezjulie@example.com,DE,2024-04-19
9158,Lucas,Mccarthy,paige56@example.com,NL,2025-08-29
9159,Kimberly,Ferguson,eric31@example.com,DE,2023-05-07
9160,Cameron,White,bartonrichard@example.org,NL,2025-10-20
9161,Steven,Ortega,wesleyjones@example.net,ES,2023-02-09
9162,Bill,Swanson,elizabeth50@example.com,FR,2025-04-26
9163,Joseph,Joseph,williamsdoris@example.com,BE,2025-04-13
9164,Jeff,Morgan,robertsondaniel@example.org,ES,2024-01-25
9165,Adam,Rodriguez,barnettjohn@example.org,DE,2023-02-22
9166,Alfred,Pitts,cookheather@example.com,BE,2024-12-24
9167,Jessica,Martinez,jamiemorris@example.org,NL,2023-04-29
9168,Amanda,Butler,michelle44@example.org,BE,2023-07-03
9169,Madeline,Johnson,nancy14@example.net,DE,2025-07-03
9170,Christine,Nguyen,marklee@example.org,NL,2024-02-13
9171,Sandra,Alvarez,nathan63@example.net,NL,2025-09-19
9172,Daniel,Mitchell,evanrivera@example.com,NL,2023-06-19
9173,Andrea,Willis,phillipsjessica@example.com,DE,2024-10-17
9174,Stacy,Whitehead,courtney39@example.com,BE,2023-09-17
9175,Harry,Rose,lharris@example.net,BE,2025-04-25
9176,Brian,Davis,benjamin35@example.org,DE,2025-01-29
9177,Paul,Austin,jefferylivingston@example.net,FR,2023-08-04
9178,Holly,Wright,rebekahharris@example.com,ES,2024-06-18
9179,Ann,Hendricks,kristen59@example.com,BE,2023-04-26
9180,Scott,Mclean,flove@example.org,FR,2025-05-10
9181,Shawn,Phillips,mathewsmith@example.com,FR,2025-03-29
9182,Gregory,Johnson,qdean@example.org,BE,2023-03-06
9183,Hayley,Miller,matthew16@example.org,NL,2024-11-20
9184,Thomas,Harris,olane@example.net,BE,2024-08-10
9185,Nathaniel,Wong,joseph45@example.net,FR,2025-11-06
9186,Anthony,Cole,theresa41@example.net,DE,2025-03-11
9187,Charles,Ross,smithamy@example.net,NL,2023-11-27
9188,Lee,Gardner,jamespowell@example.net,NL,2023-08-22
9189,Margaret,Rodriguez,rhenderson@example.org,FR,2025-01-27
9190,Barbara,Stanley,katelyn09@example.com,DE,2025-02-01
9191,Andrew,Cook,mortonnatalie@example.com,BE,2024-08-22
9192,Jeffrey,Henderson,victoria42@example.com,BE,2025-05-05
9193,Kristin,Freeman,wknapp@example.com,FR,2024-01-06
9194,Pamela,Patterson,angelahale@example.net,DE,2025-01-25
9195,Alejandro,Benson,jacksmith@example.org,NL,2024-04-01
9196,Patrick,Carlson,roberttucker@example.com,DE,2025-08-25
9197,Amy,Russell,bschmitt@example.com,ES,2025-12-27
9198,Jaclyn,Martin,vanessa10@example.net,ES,2025-08-16
9199,Andrea,Lopez,tylermatthew@example.com,NL,2023-08-21
9200,Jeffrey,Sharp,garciajenna@example.org,FR,2024-10-01
9201,Erik,Schultz,jacksonlori@example.org,DE,2025-07-27
9202,Robert,Cunningham,uclark@example.org,FR,2023-11-01
9203,Keith,Thompson,ashleytapia@example.com,BE,2024-04-16
9204,Ann,Lynn,medinalogan@example.com,FR,2025-08-17
9205,Lori,Sanchez,fergusonjohn@example.net,DE,2024-10-29
9206,Andrew,Hampton,gordonhall@example.org,FR,2026-02-01
9207,Ricardo,Patterson,vincent52@example.com,FR,2025-01-05
9208,Natalie,Garcia,darrenfields@example.org,ES,2024-11-30
9209,Justin,Klein,thomasmichael@example.org,NL,2025-04-04
9210,Shari,Riley,lauracampbell@example.org,FR,2024-01-05
9211,Lisa,Hughes,courtney36@example.com,ES,2023-12-08
9212,David,Wilson,velezbobby@example.com,ES,2025-04-02
9213,Charles,Harvey,martinezraymond@example.org,BE,2025-04-23
9214,Kathy,Vazquez,tyler08@example.net,BE,2024-04-06
9215,Brittany,Preston,leah54@example.org,BE,2025-04-05
9216,Brandon,Estrada,lstein@example.org,NL,2023-10-22
9217,Kayla,Gallegos,juliaruiz@example.net,NL,2023-04-09
9218,Jennifer,Solomon,camerongolden@example.net,DE,2024-07-21
9219,Jeff,Davidson,leevazquez@example.com,NL,2024-12-18
9220,Alec,Palmer,johnwood@example.com,FR,2023-08-21
9221,Catherine,Cantrell,patricia64@example.com,BE,2024-11-29
9222,Beverly,Crane,gcuevas@example.com,FR,2025-07-27
9223,Michael,Hayes,joshualutz@example.com,DE,2024-07-05
9224,Rebecca,Hughes,joseph00@example.net,ES,2023-10-10
9225,Kathleen,Moore,osanders@example.org,FR,2024-05-28
9226,James,Porter,franksandra@example.net,BE,2024-04-06
9227,Ryan,Morgan,alexandriakim@example.net,FR,2023-09-18
9228,Brandy,Caldwell,portercharles@example.com,DE,2025-03-17
9229,Nicole,Carter,housecynthia@example.net,NL,2024-05-08
9230,Kathy,Rowland,kennethellison@example.net,DE,2023-10-17
9231,Kyle,Bennett,martinmeredith@example.org,BE,2024-08-01
9232,Sarah,Zamora,william50@example.net,FR,2025-07-20
9233,Heidi,Ruiz,nmorton@example.org,BE,2023-10-22
9234,Scott,Phillips,nfoster@example.net,BE,2024-09-02
9235,Christopher,Brown,rdixon@example.com,DE,2024-07-28
9236,Amanda,Strickland,lynnballard@example.net,DE,2024-02-13
9237,Jose,Brown,thompsonjacob@example.com,BE,2025-03-22
9238,Victoria,Fernandez,kmiller@example.net,NL,2023-05-08
9239,Mary,King,pearsonangela@example.org,NL,2025-12-09
9240,Alicia,Simpson,huntjeffery@example.org,BE,2023-06-08
9241,Austin,Davis,ycox@example.com,ES,2023-06-23
9242,Laura,Matthews,elizabeth17@example.org,NL,2023-08-22
9243,Jeffrey,Stewart,christophermeyer@example.org,DE,2024-01-15
9244,Nina,Downs,rodneyhughes@example.org,BE,2025-02-14
9245,Cheryl,Ward,nthomas@example.net,DE,2024-05-17
9246,Jamie,Stafford,charlespeterson@example.com,DE,2024-03-30
9247,Andrew,Hull,diazdavid@example.com,ES,2024-05-10
9248,Sean,Vaughn,jacqueline29@example.net,FR,2023-12-17
9249,Crystal,Martin,mkeller@example.org,NL,2023-03-02
9250,Louis,Perry,wendy03@example.net,FR,2025-03-13
9251,Jennifer,Taylor,herreratiffany@example.org,NL,2024-07-26
9252,Robert,Silva,fcarr@example.net,FR,2023-05-12
9253,Scott,Taylor,nstrickland@example.com,DE,2025-07-29
9254,Shane,Nguyen,mooretimothy@example.org,NL,2026-01-20
9255,Jeffrey,Delgado,lisa81@example.net,NL,2024-09-29
9256,Monica,Parker,igarza@example.com,ES,2024-04-23
9257,Chad,Jones,wsullivan@example.net,BE,2025-11-28
9258,Benjamin,Hall,branchnancy@example.net,BE,2023-04-17
9259,Crystal,Haynes,awillis@example.com,BE,2024-08-22
9260,Timothy,Rogers,glennmiller@example.com,ES,2026-01-12
9261,Christine,Washington,lspears@example.com,FR,2025-02-18
9262,Ashley,Mata,jamesthompson@example.net,NL,2023-05-05
9263,Aaron,Valentine,adam39@example.net,BE,2024-03-08
9264,Eric,Medina,kellygray@example.net,ES,2024-08-14
9265,Brian,Jackson,michelle74@example.com,FR,2023-02-03
9266,Gloria,Bennett,garcialeah@example.net,FR,2024-10-17
9267,Jessica,Anderson,leesean@example.com,NL,2026-01-29
9268,Miguel,Jones,rodneydavis@example.org,DE,2024-11-05
9269,Scott,Rose,fmoon@example.net,DE,2024-09-08
9270,Holly,Allison,patrickgaines@example.com,NL,2025-07-31
9271,Julia,Lara,heather48@example.net,BE,2023-08-03
9272,Joseph,Miller,abrennan@example.org,NL,2024-02-12
9273,Douglas,Brown,ronald44@example.com,NL,2025-09-17
9274,Brandon,Mccoy,micheledean@example.net,DE,2024-08-14
9275,Clinton,Frost,abbottevan@example.com,BE,2023-03-31
9276,Danielle,Noble,ecarrillo@example.net,BE,2025-11-16
9277,Colleen,Brown,tonya72@example.org,BE,2023-07-28
9278,Ryan,Brown,ericsoto@example.com,FR,2025-08-06
9279,Russell,Ramirez,jenkinssteven@example.net,NL,2025-12-02
9280,Tom,Donaldson,dawn51@example.com,FR,2024-09-28
9281,Stephanie,Miller,brendagolden@example.org,BE,2024-08-21
9282,Elizabeth,Alvarado,morgan41@example.net,ES,2025-12-03
9283,Jamie,Choi,peterpearson@example.com,DE,2025-02-11
9284,Lawrence,Adams,sheawendy@example.net,NL,2023-12-16
9285,Keith,Coleman,kwolf@example.org,NL,2024-06-02
9286,Charles,Johnson,jillian31@example.com,BE,2024-07-14
9287,Timothy,Adams,mooneywilliam@example.org,NL,2025-02-27
9288,Joseph,Gonzalez,catherinebauer@example.net,DE,2025-01-26
9289,Melissa,Poole,sandovalrachel@example.org,NL,2025-03-15
9290,William,Myers,amanda50@example.net,NL,2025-03-22
9291,Susan,Medina,hudsonmark@example.net,BE,2024-10-21
9292,Craig,Bonilla,brownaudrey@example.net,NL,2025-09-22
9293,Christopher,Foster,kendra89@example.org,FR,2025-10-30
9294,Tammy,Kline,juliewelch@example.org,DE,2023-08-05
9295,Michael,Armstrong,melissa51@example.net,ES,2025-10-27
9296,Holly,Ross,jacob57@example.org,FR,2023-08-20
9297,Zachary,Harris,robert02@example.net,DE,2024-10-21
9298,Maria,Duncan,eugeneporter@example.org,DE,2025-12-04
9299,Robert,Carlson,hdaniel@example.org,FR,2024-01-18
9300,Kayla,Miller,lroy@example.org,FR,2024-03-23
9301,Barbara,Pacheco,jacksonangela@example.org,DE,2024-08-26
9302,Victoria,Meadows,nathan07@example.net,DE,2025-01-07
9303,David,Campbell,josehull@example.com,BE,2024-11-02
9304,Jennifer,Wilson,montesrhonda@example.net,FR,2025-09-25
9305,Katie,Howard,taylormiller@example.org,BE,2024-05-02
9306,Connor,Kline,brandon90@example.com,NL,2023-07-22
9307,Christopher,Brown,cortezcourtney@example.com,DE,2024-04-21
9308,Larry,Floyd,michaelhenderson@example.com,DE,2024-06-23
9309,William,Garcia,travismichael@example.net,BE,2023-11-27
9310,Margaret,Booth,jonathan46@example.com,NL,2025-12-18
9311,John,Haynes,uroberts@example.com,DE,2024-10-06
9312,Elizabeth,Higgins,robertvelasquez@example.com,NL,2024-12-17
9313,William,Ingram,mrodriguez@example.com,NL,2023-02-13
9314,Zachary,Ortiz,jordanjeff@example.com,FR,2025-11-15
9315,Antonio,King,sandranunez@example.org,FR,2024-05-05
9316,Andrew,White,pruittstephen@example.org,BE,2025-05-25
9317,Laura,Ochoa,katherine93@example.net,DE,2023-06-07
9318,Travis,Garcia,gporter@example.org,FR,2024-10-14
9319,Kristina,Vega,joshuascott@example.org,NL,2025-12-29
9320,Tammy,Shaw,tammy07@example.net,BE,2024-12-30
9321,Marissa,Mooney,valerie05@example.net,NL,2023-02-04
9322,Victor,Baker,dayala@example.org,DE,2025-02-15
9323,Lisa,Horne,munozcrystal@example.net,NL,2023-09-02
9324,Monique,Boone,shunt@example.org,BE,2024-12-22
9325,Michael,Brown,danielsalinas@example.net,FR,2023-06-12
9326,Victoria,Thomas,twalker@example.net,ES,2024-11-02
9327,Keith,Davis,gpoole@example.com,NL,2025-09-15
9328,Marcus,Wright,huangmiguel@example.com,NL,2023-09-06
9329,Tommy,Allen,cfloyd@example.org,DE,2024-10-25
9330,Sarah,Stone,bhenderson@example.net,ES,2024-12-27
9331,Caitlin,Combs,saramueller@example.net,ES,2025-01-03
9332,Ashlee,Williams,tuckerlaura@example.org,ES,2024-08-14
9333,Luke,Wong,delacruzsean@example.com,DE,2025-10-20
9334,Susan,Gates,npowell@example.com,ES,2023-05-21
9335,Stephen,Ochoa,heidimitchell@example.org,FR,2024-03-24
9336,Gary,Hill,chad29@example.com,BE,2025-11-25
9337,Deborah,Snyder,pcook@example.org,NL,2023-07-30
9338,Susan,Stevens,davidrodgers@example.org,BE,2025-07-27
9339,John,Lee,rosedustin@example.net,DE,2025-03-18
9340,Carrie,Evans,gwagner@example.net,ES,2026-01-11
9341,Victoria,Morales,brianna83@example.com,ES,2024-08-23
9342,Jonathan,Martinez,larry77@example.com,FR,2024-10-05
9343,Ryan,Brooks,larryburns@example.org,FR,2023-10-10
9344,Tiffany,Olson,jessicaschaefer@example.org,NL,2025-04-10
9345,Keith,King,phillipgolden@example.com,NL,2025-01-16
9346,Joan,Lane,matthewcooper@example.org,ES,2024-02-25
9347,Nicole,Yu,achristian@example.com,NL,2024-09-21
9348,Michelle,Kramer,ljones@example.org,FR,2025-10-19
9349,Sydney,Villanueva,anna66@example.org,DE,2024-06-14
9350,Jennifer,Webb,heather67@example.org,NL,2024-12-20
9351,Latoya,Clark,tammy99@example.com,BE,2024-02-14
9352,Jerry,Hall,whitesue@example.net,DE,2024-04-10
9353,Jack,Miller,rrice@example.net,ES,2024-05-01
9354,Linda,Sanchez,vgeorge@example.org,DE,2023-03-14
9355,Philip,Williamson,susan43@example.com,DE,2023-06-16
9356,Bryce,Hamilton,bridget90@example.net,BE,2025-06-24
9357,Bobby,Morton,stevensbarbara@example.org,ES,2025-05-19
9358,Denise,Jones,tacosta@example.net,FR,2024-06-23
9359,Kyle,Lee,wadenichole@example.com,ES,2025-08-10
9360,Tammy,Simmons,emcgrath@example.org,FR,2024-03-08
9361,Andre,Flores,eric83@example.com,DE,2023-05-05
9362,Jonathan,Morton,kentthompson@example.com,FR,2023-10-01
9363,Stephanie,Harris,phelpsannette@example.net,ES,2023-07-26
9364,Stephanie,Crawford,andrewbennett@example.net,NL,2023-12-14
9365,Madison,Walker,webbgina@example.org,DE,2025-12-01
9366,Travis,Washington,petersonmiguel@example.org,BE,2023-04-10
9367,Matthew,Mccarthy,kreyes@example.org,BE,2023-03-20
9368,Michael,Mendoza,charles31@example.com,ES,2024-05-05
9369,Kelli,Sparks,brian17@example.com,FR,2024-08-19
9370,Kelsey,Wells,christinesantos@example.org,ES,2024-02-26
9371,Julie,Grimes,yvonneknapp@example.com,NL,2025-08-07
9372,Margaret,Hurst,pamela48@example.com,ES,2024-04-26
9373,Daniel,Brown,sandovaljohn@example.com,NL,2025-06-26
9374,Angela,Brown,melindablankenship@example.com,NL,2023-12-10
9375,Jon,Lee,ujennings@example.net,FR,2023-02-04
9376,Amanda,Walters,michelle48@example.org,NL,2025-10-12
9377,Courtney,Dawson,james78@example.com,BE,2023-12-24
9378,Katherine,Burton,meghan90@example.org,NL,2025-08-19
9379,Adrian,Silva,gomezcharles@example.net,DE,2024-04-19
9380,Tina,Hughes,johnstonstephen@example.org,DE,2024-10-28
9381,Matthew,Simon,rachel71@example.net,BE,2025-10-03
9382,Larry,Hoffman,bowenmatthew@example.net,ES,2024-11-05
9383,Emily,Brown,ericrobinson@example.org,DE,2023-07-27
9384,Shannon,Roberts,johnsonaaron@example.org,BE,2024-11-22
9385,Joan,Hawkins,webbzachary@example.org,BE,2025-07-23
9386,David,Moore,rdavis@example.org,ES,2023-03-11
9387,Earl,Blake,tiffany52@example.net,FR,2025-01-19
9388,Angela,Estes,scottmckenzie@example.com,DE,2025-05-18
9389,Joseph,Wagner,kyledunn@example.net,FR,2024-02-23
9390,Angela,Gonzales,tstark@example.net,DE,2025-02-16
9391,David,Mendez,marcjohnson@example.com,BE,2023-11-08
9392,Madison,Rodriguez,reynoldsemily@example.com,NL,2026-01-22
9393,Richard,Chase,karen63@example.com,ES,2026-01-16
9394,Susan,Lane,carterregina@example.net,ES,2023-03-31
9395,Kenneth,Fischer,danamitchell@example.com,ES,2025-03-04
9396,James,Allen,nfrank@example.com,NL,2023-05-20
9397,Kimberly,Peck,renee05@example.org,ES,2024-11-18
9398,Eric,Weber,gmayo@example.com,NL,2024-08-17
9399,Tyrone,Baker,marshallnancy@example.com,FR,2024-05-05
9400,Tracy,Campbell,jamie22@example.org,FR,2024-05-25
9401,Michelle,Castillo,wharper@example.com,FR,2025-11-05
9402,Amy,Williams,gillespiejohn@example.org,NL,2023-04-05
9403,Reginald,Daniels,jonespamela@example.org,NL,2025-07-23
9404,Nancy,Shannon,joshuagonzalez@example.com,BE,2024-09-18
9405,Sylvia,Brown,sarah12@example.org,DE,2023-03-29
9406,Karen,Hunter,woodchristina@example.com,BE,2024-06-11
9407,Helen,Brown,armstrongangela@example.org,DE,2025-08-19
9408,Patrick,Rios,chaseware@example.net,BE,2024-03-03
9409,Jeremy,Rodriguez,meghannguyen@example.com,BE,2023-09-12
9410,Carlos,Castro,meghanmcbride@example.net,ES,2023-04-15
9411,Kara,Fox,laurenbradley@example.org,ES,2023-08-24
9412,Alyssa,Roberson,jacob55@example.org,ES,2025-02-23
9413,Mark,Russell,qlogan@example.net,FR,2023-07-21
9414,Lisa,Wade,johnberry@example.net,ES,2025-09-16
9415,Rebecca,Cortez,courtneywoodward@example.net,DE,2023-03-28
9416,Timothy,Sparks,randolphstephanie@example.org,DE,2024-09-10
9417,Robert,Walsh,frazierchristina@example.org,ES,2024-05-13
9418,Sophia,Hernandez,stephanie76@example.com,ES,2024-05-25
9419,Vanessa,Friedman,burkedylan@example.org,BE,2025-07-08
9420,Juan,Huff,onealbradley@example.net,BE,2025-01-09
9421,Lisa,Merritt,erin07@example.org,NL,2024-12-05
9422,Kathryn,Gray,conniesexton@example.org,NL,2024-06-22
9423,Jill,Russell,shari85@example.org,NL,2025-07-10
9424,Anthony,Mitchell,howardthomas@example.org,FR,2024-10-27
9425,Craig,Newton,peter45@example.org,BE,2025-06-09
9426,Melissa,Gibson,diane62@example.org,BE,2025-01-13
9427,Heidi,Yang,foxbarbara@example.net,BE,2023-10-04
9428,Barbara,Miller,faith40@example.org,NL,2024-11-23
9429,Christopher,Hayes,crystalmays@example.net,BE,2024-12-05
9430,Jonathan,Garcia,katie17@example.net,DE,2024-09-27
9431,Colleen,Osborne,amanda56@example.net,FR,2023-06-13
9432,Jennifer,Reed,popekara@example.com,ES,2024-12-26
9433,Jennifer,Wood,hilllisa@example.org,DE,2023-04-10
9434,Ryan,Diaz,benjamin74@example.net,FR,2024-05-31
9435,Jonathan,Brown,lucasjennifer@example.net,FR,2024-10-21
9436,Steven,Cantu,johnsonbrian@example.net,BE,2023-07-05
9437,Alicia,Mann,jenniferfigueroa@example.com,ES,2024-05-15
9438,Grace,Lewis,uchambers@example.org,FR,2025-02-20
9439,Ryan,Reid,christophersmith@example.org,BE,2023-04-17
9440,William,Miller,pereznatalie@example.org,NL,2023-05-29
9441,Monique,Bradley,dcrawford@example.org,DE,2026-01-07
9442,Calvin,Wyatt,cynthiarichardson@example.net,FR,2025-02-14
9443,Jorge,Perez,virginiazavala@example.net,NL,2026-01-21
9444,David,Kerr,heatherherrera@example.net,ES,2024-07-06
9445,Kristin,Wilkerson,scottellen@example.org,NL,2024-08-31
9446,Nicole,Anderson,milesandrew@example.org,FR,2024-09-30
9447,Donna,Ponce,elizabeth34@example.com,ES,2024-03-21
9448,Anthony,Wilkerson,ashley41@example.com,DE,2025-03-02
9449,Kenneth,Patterson,campbellchristopher@example.com,FR,2025-02-12
9450,Martin,Thomas,jeffrey65@example.net,NL,2023-03-19
9451,William,Hall,ocarpenter@example.org,DE,2024-10-09
9452,Courtney,Strickland,rbrady@example.net,DE,2024-03-29
9453,Jonathan,Howard,stephanie88@example.net,FR,2023-11-03
9454,Kim,Gray,lisabuchanan@example.org,FR,2023-03-07
9455,James,Waters,nicole72@example.com,DE,2025-11-24
9456,Nicholas,Kelly,jacksonangela@example.net,BE,2025-09-25
9457,Ryan,Jones,sortiz@example.com,FR,2023-03-20
9458,Natasha,Wood,elizabeth99@example.org,DE,2025-07-22
9459,Mitchell,Johnson,peter24@example.org,BE,2024-03-28
9460,Marc,Hickman,nvaughn@example.net,NL,2025-05-27
9461,Kara,Richards,sbell@example.org,DE,2024-09-19
9462,Michael,Hall,brandonvelazquez@example.com,FR,2025-05-25
9463,Lindsey,Garrett,enguyen@example.net,ES,2024-12-27
9464,Jacob,Yang,bradyjordan@example.net,ES,2023-12-02
9465,Andrew,Mcgee,jstrickland@example.net,BE,2024-11-27
9466,Randall,Gregory,edwardhumphrey@example.org,NL,2026-01-14
9467,John,Ryan,paynewesley@example.org,ES,2024-03-06
9468,Garrett,Burch,brendaarnold@example.org,BE,2025-01-11
9469,Jeremy,Garcia,bwilson@example.org,NL,2026-01-31
9470,Sheri,Knight,gallaghermonica@example.com,DE,2025-04-07
9471,Jeffrey,Sherman,stevensonrandy@example.org,DE,2023-12-14
9472,Vanessa,Diaz,howardbrooks@example.com,ES,2025-02-18
9473,Alexandra,Kim,sarajones@example.com,FR,2025-03-22
9474,Margaret,Mcmillan,howardpaige@example.com,BE,2023-07-15
9475,Michael,Price,andreaadkins@example.org,BE,2024-05-11
9476,Timothy,Ryan,mcknightdennis@example.net,BE,2023-05-04
9477,Taylor,Morris,tylergonzales@example.org,NL,2025-06-25
9478,Loretta,Ellis,aaronjohnson@example.com,DE,2024-04-30
9479,Sheila,Tapia,jorge65@example.net,BE,2024-09-03
9480,Kathy,Taylor,tylerarcher@example.org,BE,2025-11-01
9481,Michael,Randall,jacobcox@example.net,NL,2024-01-23
9482,Susan,Soto,mnelson@example.net,NL,2023-12-28
9483,Martin,Carter,danielle31@example.net,BE,2023-09-14
9484,Tanya,King,chad05@example.org,ES,2023-10-23
9485,Ruben,Romero,frankriddle@example.org,ES,2025-02-09
9486,Matthew,Benjamin,johnglenn@example.com,ES,2026-01-04
9487,Mary,Bowers,kevin35@example.net,BE,2025-04-07
9488,Rachel,Anderson,coxdaniel@example.net,ES,2023-08-27
9489,Ronnie,Bush,anthony87@example.net,NL,2025-04-21
9490,Jeff,Hodges,louisglenn@example.net,BE,2023-08-06
9491,Robert,Davis,kimberly27@example.org,DE,2024-05-22
9492,Lauren,Dunn,mario44@example.org,NL,2025-01-10
9493,Jill,Gonzales,theresa21@example.net,ES,2024-11-08
9494,Scott,Marshall,gcasey@example.com,ES,2024-01-08
9495,Zachary,Wagner,kbrown@example.com,ES,2026-01-27
9496,Kyle,Benson,jeffersonleslie@example.net,FR,2025-05-23
9497,Theresa,Nelson,stephaniestewart@example.com,NL,2023-06-29
9498,Beth,Maldonado,michaelparker@example.com,FR,2023-06-13
9499,Brian,Martin,mccoylarry@example.com,FR,2024-07-09
9500,Alisha,Cross,ingramerika@example.net,NL,2024-11-21
9501,Richard,May,kimberlyarroyo@example.com,FR,2023-08-28
9502,Bryan,Lopez,jacobsullivan@example.net,FR,2025-03-25
9503,Sean,Jones,kathleen17@example.net,DE,2023-02-17
9504,Charles,Austin,gdougherty@example.net,FR,2025-10-24
9505,Joseph,Roman,roberto52@example.net,ES,2025-11-28
9506,Patrick,Morgan,ycabrera@example.org,BE,2024-08-29
9507,Christine,Thompson,turnerryan@example.org,BE,2025-03-27
9508,Tiffany,Bradshaw,desiree47@example.net,ES,2025-11-14
9509,Rachael,Alvarado,owilliams@example.org,BE,2023-07-01
9510,Jimmy,Howard,danielle74@example.com,BE,2025-11-29
9511,Madison,Smith,tadams@example.com,BE,2025-04-25
9512,Cassandra,Ballard,tony97@example.net,BE,2024-08-06
9513,Laura,Perez,campbelljerome@example.org,ES,2024-01-22
9514,Angela,Higgins,mdiaz@example.net,DE,2023-07-17
9515,Mark,Benson,fieldssabrina@example.com,DE,2023-08-21
9516,Bill,Brown,jameswiggins@example.net,NL,2023-06-10
9517,Mikayla,Hernandez,guzmancarrie@example.net,FR,2025-04-01
9518,Devin,Booth,leonperez@example.net,FR,2025-09-29
9519,Peter,Campbell,kmiller@example.com,NL,2023-10-07
9520,Melissa,Smith,stewartnicholas@example.com,DE,2025-05-23
9521,Sarah,Ruiz,sarahmartin@example.com,DE,2024-02-22
9522,Matthew,Terrell,richardnolan@example.org,FR,2025-08-19
9523,Jon,Giles,dyerdeborah@example.com,NL,2024-11-05
9524,Linda,Mercado,angelaroberts@example.org,BE,2025-09-21
9525,Richard,Soto,emilysmith@example.org,NL,2025-02-10
9526,Eric,Moss,wilsonjamie@example.net,FR,2025-01-21
9527,Timothy,Gonzalez,jcruz@example.org,DE,2024-05-26
9528,Sarah,Patrick,kjuarez@example.org,FR,2025-04-19
9529,Paul,Garcia,fshelton@example.com,NL,2023-07-22
9530,Alexa,Frost,brandonhamilton@example.org,BE,2023-04-04
9531,Abigail,Scott,hurstjohn@example.net,NL,2023-02-21
9532,Robert,Mason,daryl61@example.com,DE,2024-11-18
9533,Hector,Collier,michael72@example.net,BE,2025-10-04
9534,Craig,Morgan,mhaynes@example.org,FR,2024-11-07
9535,Edward,May,marknorris@example.com,FR,2025-07-19
9536,Cynthia,Huynh,lopezmark@example.org,BE,2023-05-22
9537,Denise,Mcdonald,tsmith@example.org,ES,2023-08-17
9538,Matthew,Mathis,rossjeffrey@example.net,NL,2025-04-03
9539,Alexandra,Gomez,pmadden@example.org,FR,2024-08-25
9540,Jose,Holmes,jessicamccoy@example.org,DE,2023-04-14
9541,Debra,Harper,jeremy42@example.org,BE,2024-07-12
9542,Ashley,Green,teresaanderson@example.com,ES,2023-05-16
9543,James,Dunlap,anitajackson@example.org,NL,2024-01-11
9544,Kylie,Turner,jonesmelanie@example.net,FR,2025-08-21
9545,Jo,Kent,ritawells@example.net,ES,2025-12-07
9546,Hunter,Browning,kimberly06@example.com,NL,2024-05-21
9547,Amy,Castro,lindaclarke@example.com,FR,2023-03-15
9548,Taylor,Wood,mullinspaul@example.net,FR,2026-01-12
9549,Jacqueline,Thomas,walkerkenneth@example.org,ES,2023-07-02
9550,Nancy,Miller,sweeneywilliam@example.com,NL,2024-03-25
9551,Donna,Brown,tyler95@example.com,FR,2024-08-27
9552,Andrew,Fernandez,heather88@example.com,NL,2026-01-18
9553,Kimberly,Gallegos,ijohnson@example.org,DE,2024-01-04
9554,Joseph,Koch,ryan28@example.com,BE,2024-08-04
9555,Monique,Jackson,ryan33@example.net,ES,2024-12-29
9556,Vanessa,Wells,joshuapeterson@example.net,ES,2025-11-24
9557,William,Miller,melissamartin@example.net,ES,2023-12-19
9558,Kimberly,Moyer,jlewis@example.net,DE,2023-03-04
9559,Gavin,Snyder,brittany29@example.com,ES,2024-06-14
9560,Brandi,Avery,lwilson@example.com,BE,2024-01-06
9561,Kari,Stewart,shellylara@example.net,FR,2024-03-25
9562,Jeffrey,Johnson,kevin33@example.org,ES,2023-04-17
9563,Kathleen,Foster,nataliefleming@example.org,ES,2023-08-12
9564,Alison,Mcgrath,fgarza@example.net,NL,2024-06-08
9565,Megan,Young,zrivera@example.com,BE,2025-08-27
9566,Nicholas,Gonzalez,melindabailey@example.net,DE,2023-11-01
9567,Erin,Manning,vthomas@example.com,NL,2023-02-04
9568,Ebony,Nelson,amanda86@example.com,FR,2024-02-16
9569,Matthew,Torres,udawson@example.com,FR,2025-08-18
9570,Hannah,Velez,uhuffman@example.net,ES,2025-07-13
9571,Cindy,Wiley,haroldalexander@example.org,ES,2024-08-17
9572,Matthew,Singleton,kristengoodwin@example.com,NL,2024-03-18
9573,Michael,Raymond,eellis@example.net,BE,2025-01-11
9574,Michael,Johnson,hoffmanjoshua@example.net,NL,2024-07-23
9575,Frank,Terry,clarkelizabeth@example.org,FR,2023-07-31
9576,Jacob,Bennett,wstuart@example.org,NL,2023-09-19
9577,Erica,Stuart,davisstacey@example.org,ES,2025-10-26
9578,Yvonne,Thompson,pturner@example.com,DE,2025-01-25
9579,Jade,Wood,brianjohnson@example.com,NL,2025-02-03
9580,Benjamin,Allen,khogan@example.net,DE,2024-01-09
9581,Geoffrey,Singh,kavila@example.com,ES,2024-04-04
9582,Melissa,Pace,benjaminjohnson@example.com,NL,2023-10-26
9583,Diana,Owen,davidthornton@example.com,BE,2023-05-31
9584,Brett,Cummings,fhayes@example.net,DE,2023-10-16
9585,Lisa,Mendoza,rware@example.com,FR,2024-06-26
9586,Billy,Molina,courtney61@example.com,BE,2023-03-03
9587,Emily,Woodward,shannoncarr@example.org,NL,2023-07-02
9588,Ashley,Rogers,cynthia13@example.org,FR,2023-03-10
9589,Hannah,Pittman,xlawson@example.org,BE,2024-06-28
9590,Travis,Carlson,shenderson@example.net,NL,2024-06-10
9591,Kevin,Christian,andersonrobert@example.com,FR,2025-06-22
9592,Melinda,Payne,cchang@example.com,NL,2025-02-21
9593,Kim,Giles,jamespham@example.org,NL,2025-01-21
9594,Karen,Jackson,aellis@example.org,ES,2025-04-13
9595,Michael,Dunn,ayerskaren@example.com,NL,2023-03-25
9596,Stephanie,Poole,reedsarah@example.com,ES,2024-02-17
9597,Vanessa,Odonnell,brownbrandon@example.com,ES,2023-05-08
9598,Jesse,Olson,ofox@example.org,ES,2024-08-23
9599,Tracy,Elliott,mary44@example.net,FR,2023-08-28
9600,Katherine,Kelly,matthewhughes@example.org,NL,2023-06-15
9601,Danielle,Castillo,nicholselizabeth@example.com,NL,2023-08-08
9602,Chase,Brown,pwashington@example.com,ES,2023-06-30
9603,Brandi,Parker,jacqueline54@example.org,FR,2023-04-01
9604,Rebecca,Perez,alexandrahill@example.com,NL,2023-06-29
9605,Joshua,Guerra,mariohartman@example.com,BE,2025-03-10
9606,Ashley,Johnson,csantiago@example.net,ES,2025-09-11
9607,Julie,Gilmore,natasha98@example.com,NL,2026-01-11
9608,Lisa,Williams,balljennifer@example.com,FR,2023-03-21
9609,Patrick,Martin,rdaniels@example.net,FR,2025-03-27
9610,Caleb,Cox,tdavis@example.org,DE,2024-04-06
9611,Erica,Delgado,omitchell@example.net,DE,2025-06-21
9612,Seth,Anderson,choward@example.net,DE,2023-04-20
9613,Patricia,Cunningham,jwilson@example.net,ES,2024-01-04
9614,Darren,Doyle,haley16@example.net,ES,2023-06-30
9615,Barbara,Jenkins,barrettterri@example.net,DE,2025-07-26
9616,Tina,Allen,meganwelch@example.com,NL,2023-07-14
9617,Jessica,Gonzalez,jameswalker@example.net,NL,2025-08-22
9618,Teresa,Atkinson,jreid@example.net,ES,2024-12-05
9619,Jennifer,Gaines,valenzuelameagan@example.com,BE,2025-06-13
9620,Catherine,Hood,christinacruz@example.com,FR,2025-03-30
9621,Erik,Parker,fisherallison@example.net,BE,2024-03-19
9622,Lisa,Spence,christopher22@example.com,BE,2024-05-23
9623,Kimberly,Vargas,patrickburns@example.org,BE,2025-06-08
9624,Gary,Holloway,rubiojeffrey@example.org,FR,2023-08-26
9625,Juan,Warner,lisaray@example.net,FR,2025-11-06
9626,Christopher,Vang,hartbrenda@example.net,NL,2023-08-10
9627,Renee,Richards,huntthomas@example.org,NL,2024-10-23
9628,Lindsay,Irwin,schmidttodd@example.com,DE,2023-05-16
9629,John,Fisher,webbbrian@example.net,DE,2024-02-05
9630,Andrew,Morrison,wellscheryl@example.org,BE,2024-01-08
9631,David,Butler,zmooney@example.org,FR,2025-09-28
9632,Mitchell,Hensley,cheyenne26@example.com,NL,2024-09-15
9633,Jose,Johnson,ryan72@example.com,ES,2025-05-19
9634,Melanie,Nelson,bpugh@example.net,ES,2023-11-05
9635,Robert,Perez,troy23@example.org,FR,2025-05-23
9636,Christopher,Davis,obrientiffany@example.net,ES,2024-11-05
9637,Ashley,Jenkins,robinsoncraig@example.org,FR,2025-03-19
9638,Trevor,Gardner,sean79@example.net,BE,2023-08-19
9639,Chad,Newton,rhondamejia@example.net,ES,2024-03-13
9640,Roy,Miller,grahamchristopher@example.org,DE,2024-10-23
9641,William,Guzman,melindachandler@example.com,BE,2023-07-14
9642,Sonya,Hopkins,raguilar@example.com,NL,2023-08-28
9643,Donna,Saunders,patriciacruz@example.com,DE,2023-08-03
9644,Julia,York,amandarice@example.net,DE,2025-11-23
9645,Brian,Berg,duffyashlee@example.net,FR,2024-01-22
9646,Sarah,Allison,wilsonkaren@example.net,NL,2025-02-03
9647,Sean,Rios,carlos77@example.com,ES,2023-10-15
9648,Ian,Russell,burchheather@example.org,ES,2023-06-28
9649,Nicholas,Wilson,zmatthews@example.org,FR,2025-08-03
9650,Lisa,Wilson,qpayne@example.org,BE,2024-02-07
9651,Jerry,Vazquez,chanmichele@example.net,ES,2023-10-21
9652,Kaitlin,Mcmillan,katherinekennedy@example.com,BE,2025-08-12
9653,Steven,Shaffer,tiffany69@example.org,NL,2024-09-12
9654,Ashley,Hanson,christinetorres@example.com,FR,2025-12-13
9655,Tyler,Reid,bking@example.net,NL,2025-10-29
9656,Craig,Miranda,jamesalexandra@example.org,NL,2023-08-16
9657,Michael,Lee,joshuasimpson@example.com,BE,2023-12-17
9658,Laura,Mitchell,kennethpalmer@example.org,FR,2025-08-29
9659,John,Martinez,joe65@example.org,NL,2025-03-19
9660,Daniel,Wade,john92@example.com,FR,2024-11-05
9661,Ryan,Russo,nicholascharles@example.net,DE,2025-07-17
9662,Ricky,Bradley,ernest49@example.org,NL,2023-07-01
9663,Matthew,Walker,audreywilliams@example.net,DE,2025-01-14
9664,Patrick,Jefferson,annrobinson@example.com,BE,2025-05-16
9665,Maria,Williams,nathanwood@example.net,NL,2024-08-20
9666,Ryan,Andrews,vrogers@example.org,NL,2024-04-03
9667,Raymond,Yang,tranwendy@example.net,NL,2026-01-30
9668,Vanessa,Cooke,sarah27@example.org,NL,2025-07-31
9669,Kaitlyn,Hoffman,yyu@example.org,BE,2024-10-10
9670,David,Daniels,aliciarodgers@example.com,FR,2024-05-11
9671,Kimberly,Stewart,garyaguirre@example.org,BE,2023-11-22
9672,Mark,Mills,kellyvanessa@example.org,ES,2025-09-03
9673,Bailey,Cunningham,miranda52@example.net,ES,2025-12-28
9674,Jennifer,Smith,wrighttodd@example.com,NL,2025-08-14
9675,Maria,Williams,johnsonkristy@example.org,BE,2024-07-07
9676,Anthony,Bright,tsmith@example.com,ES,2023-08-03
9677,Morgan,Flynn,wendy01@example.com,BE,2023-05-20
9678,Austin,Fletcher,marshallbruce@example.net,BE,2024-05-12
9679,Joshua,Torres,jennifer59@example.com,NL,2024-12-25
9680,Juan,Melton,megandixon@example.com,NL,2023-03-17
9681,Lindsey,Carpenter,samueloliver@example.org,BE,2023-03-23
9682,Carrie,Kennedy,merickson@example.org,BE,2025-02-13
9683,Ashley,Patel,jasonrocha@example.net,FR,2025-08-22
9684,Jill,Blair,jacobclayton@example.org,ES,2024-09-15
9685,Julie,Coleman,hsoto@example.org,FR,2023-09-11
9686,Joseph,Buchanan,kerrmadison@example.com,FR,2023-07-14
9687,Derrick,Moreno,kimberly25@example.org,BE,2024-04-30
9688,April,Cannon,berryjeffrey@example.net,NL,2023-10-07
9689,Tara,Franklin,sperry@example.com,ES,2025-05-25
9690,Timothy,Wallace,kyle15@example.net,NL,2024-09-16
9691,Donna,Richard,krista69@example.net,NL,2023-09-18
9692,Chelsea,Hernandez,derekmoon@example.net,ES,2023-03-07
9693,Kelly,Hernandez,simsmary@example.org,ES,2025-09-26
9694,Juan,Gross,wallacebrian@example.org,BE,2024-12-03
9695,Danielle,Duran,erinaguirre@example.net,DE,2024-06-08
9696,Christopher,Brown,gjohnson@example.net,FR,2024-11-09
9697,Sherry,Allen,victor73@example.org,FR,2023-10-29
9698,Frank,Walsh,lawrenceadams@example.net,ES,2025-08-30
9699,Jim,Perry,scottkenneth@example.com,NL,2025-03-08
9700,Kevin,Goodman,vfuentes@example.net,DE,2024-06-01
9701,Andrew,Brown,katherinesmith@example.net,ES,2024-06-11
9702,Derek,Clayton,denniscorey@example.org,ES,2024-04-07
9703,Rebecca,Franklin,angela41@example.org,DE,2024-03-20
9704,Rodney,Black,brandongonzalez@example.com,ES,2023-07-23
9705,Ronnie,Powell,scalhoun@example.com,BE,2025-09-22
9706,Tracy,Rodriguez,cynthia99@example.net,FR,2023-07-18
9707,Anna,Perry,victoria89@example.net,NL,2025-02-09
9708,Michael,Phelps,thomasbrooks@example.com,BE,2023-02-20
9709,Joseph,Thompson,lhanson@example.org,BE,2023-10-28
9710,Zachary,Jacobs,ovazquez@example.org,FR,2025-08-18
9711,Susan,Mcintosh,sharpluke@example.org,DE,2024-09-06
9712,Alyssa,Munoz,smitherin@example.org,NL,2025-07-18
9713,Kristin,Rogers,nicholasmejia@example.net,BE,2024-09-08
9714,Jasmine,Carpenter,tiffanythompson@example.com,FR,2023-05-12
9715,Shannon,Clark,jasonwilliams@example.com,BE,2025-11-12
9716,Joshua,Jones,sergiomercado@example.com,DE,2023-03-20
9717,Robert,Avery,moralesjames@example.com,ES,2025-02-22
9718,Melissa,Rich,peter21@example.org,ES,2026-01-13
9719,Amanda,Jenkins,beth42@example.net,BE,2025-09-03
9720,Patricia,Wilkins,ckeller@example.org,FR,2023-12-30
9721,Tracy,Lambert,davisjennifer@example.com,DE,2024-08-10
9722,Melissa,Jones,tmccarthy@example.net,NL,2023-08-23
9723,Kevin,Gardner,ianderson@example.com,BE,2023-05-24
9724,Jody,Short,michellelambert@example.org,BE,2025-07-08
9725,Jason,Watkins,denisephillips@example.net,ES,2025-05-13
9726,Matthew,Sanders,jonathan77@example.net,BE,2023-12-16
9727,Heather,Smith,arangel@example.net,BE,2024-11-09
9728,Jonathan,Wagner,adamskaren@example.org,FR,2023-11-02
9729,Kayla,Mosley,vmeyers@example.net,FR,2025-04-28
9730,Jody,Anthony,wfox@example.com,ES,2024-12-08
9731,Todd,Clark,jordanandres@example.org,NL,2024-04-14
9732,Kristina,Lewis,houstonmichelle@example.net,DE,2024-04-14
9733,Shawn,Morales,antoniounderwood@example.com,FR,2025-06-15
9734,David,Walker,sharon44@example.com,NL,2023-08-17
9735,Margaret,Whitehead,petersonphilip@example.net,BE,2023-03-05
9736,Theresa,Gonzalez,annagonzalez@example.com,DE,2023-07-16
9737,Jennifer,Jones,loripatel@example.net,DE,2024-02-09
9738,Travis,Schwartz,john37@example.com,NL,2024-12-14
9739,Paul,Dyer,tadkins@example.com,ES,2023-09-25
9740,Gina,Kirby,yatkins@example.com,FR,2023-02-04
9741,Scott,Murphy,christy07@example.com,BE,2025-01-12
9742,Janet,Gutierrez,wwelch@example.com,DE,2024-08-23
9743,Jessica,Ray,rodneyjohnson@example.com,NL,2025-11-23
9744,Whitney,Nguyen,jonathan64@example.net,DE,2026-01-04
9745,Robert,Logan,margaretfoster@example.com,BE,2024-10-30
9746,Lisa,Drake,oneillrobin@example.net,FR,2024-12-22
9747,Teresa,Garcia,ygilmore@example.com,NL,2025-03-29
9748,William,Martinez,daniellemorales@example.com,DE,2023-03-16
9749,Michelle,Thompson,vaguilar@example.net,ES,2023-10-20
9750,Jasmine,Edwards,msavage@example.org,BE,2024-06-27
9751,Thomas,English,melanie19@example.com,ES,2023-04-02
9752,Ronald,Moore,smithmichael@example.net,BE,2025-03-19
9753,Melissa,Alvarado,ashley37@example.net,NL,2024-03-17
9754,Crystal,Reynolds,kanderson@example.org,BE,2023-06-08
9755,Amanda,Ross,jennifer88@example.net,DE,2023-11-16
9756,Louis,Larsen,rogerssara@example.org,FR,2023-11-10
9757,Elizabeth,Snyder,llewis@example.com,DE,2023-05-29
9758,Gregory,Cunningham,emilyhill@example.com,DE,2024-07-29
9759,Elizabeth,Christensen,erin18@example.net,FR,2023-04-05
9760,Lori,Pearson,justinbriggs@example.org,DE,2023-08-23
9761,Michael,Davenport,jenniferholmes@example.net,BE,2023-12-26
9762,Bobby,Hartman,candacemorales@example.net,NL,2023-08-05
9763,Jason,Garcia,felicialindsey@example.net,DE,2023-02-06
9764,Joanne,Gould,betty62@example.net,DE,2025-04-15
9765,Jake,Olson,hammondjudy@example.com,FR,2025-08-04
9766,Nicholas,Lowe,tiffany91@example.net,DE,2025-01-18
9767,Robin,Lyons,daniellematthews@example.org,NL,2023-08-23
9768,Jennifer,Harris,maxwelljohnson@example.net,NL,2024-07-11
9769,Ariana,Duke,allendanielle@example.net,ES,2025-01-23
9770,Daniel,Hunter,bsnyder@example.net,NL,2025-11-18
9771,Sandra,Palmer,rebecca68@example.org,DE,2024-12-08
9772,Michael,Freeman,tina05@example.org,ES,2026-01-02
9773,Amanda,Phillips,kendranelson@example.com,NL,2024-10-21
9774,Jeremy,Jackson,morgan70@example.net,FR,2025-04-18
9775,Anthony,Morales,maurice70@example.com,BE,2025-09-21
9776,Kenneth,Gomez,gomezcarol@example.org,FR,2023-05-08
9777,Cassandra,Marsh,joshua05@example.net,ES,2025-08-15
9778,Stanley,Washington,harpercody@example.org,FR,2023-06-08
9779,Michelle,Snyder,tim03@example.com,NL,2026-01-28
9780,Melissa,Lawson,jennifer30@example.org,ES,2023-12-19
9781,Marcus,Perez,sethjones@example.net,NL,2023-12-05
9782,Stephen,Rosario,rachelwilson@example.net,DE,2024-01-22
9783,Whitney,Johnson,marcusfuentes@example.org,BE,2024-06-16
9784,Scott,Allen,amandabell@example.org,ES,2023-10-11
9785,Sarah,Mckinney,nicolestephens@example.org,ES,2025-01-06
9786,Zachary,Navarro,smithrebecca@example.net,ES,2024-02-07
9787,Gabrielle,Smith,ashleylewis@example.org,BE,2025-06-01
9788,Denise,Willis,brittany36@example.org,FR,2023-09-10
9789,George,Wilson,glenn14@example.org,DE,2024-04-26
9790,Susan,Robinson,bbyrd@example.com,ES,2025-05-15
9791,Jay,Irwin,rachel99@example.net,BE,2023-10-29
9792,Steven,Byrd,danadavis@example.org,DE,2023-10-18
9793,John,Young,williamsondouglas@example.net,NL,2024-03-03
9794,Amy,Phelps,joshua12@example.net,NL,2023-05-03
9795,Brandi,Ramirez,creyes@example.net,ES,2025-06-22
9796,Thomas,Sanchez,sydneymartin@example.com,FR,2023-07-04
9797,Debbie,Graham,garzadominic@example.org,FR,2025-10-09
9798,Teresa,Schmitt,damon85@example.org,FR,2023-11-12
9799,Joshua,Gonzales,garciaheather@example.com,FR,2023-04-29
9800,Seth,Crawford,donald44@example.org,DE,2025-10-01
9801,Maria,Adkins,tina96@example.com,ES,2025-10-15
9802,Brittney,Barrett,moorejason@example.com,ES,2023-12-16
9803,Suzanne,Williams,melaniesmith@example.org,DE,2023-09-18
9804,Jennifer,Acosta,canderson@example.net,FR,2024-01-17
9805,Kim,Ponce,elliottaaron@example.net,NL,2024-05-11
9806,Brittany,Landry,michelle44@example.com,FR,2024-09-03
9807,Amber,Bailey,wgallagher@example.org,DE,2024-03-09
9808,John,Austin,bryantmarie@example.net,NL,2024-03-16
9809,Christine,Kennedy,stacey60@example.org,NL,2023-12-16
9810,Debbie,Smith,upham@example.com,BE,2025-03-22
9811,Angela,Holmes,shannon23@example.com,BE,2023-11-30
9812,Nancy,Collins,lmoran@example.com,BE,2024-08-25
9813,Christina,Jones,brownmarcia@example.net,FR,2024-09-12
9814,Sean,Rodgers,schultzrobert@example.com,NL,2025-04-09
9815,Megan,Nichols,zlewis@example.net,FR,2024-08-05
9816,Brandon,Watson,morrisbryan@example.com,NL,2024-04-13
9817,Erin,Wilson,meganburgess@example.com,BE,2025-09-21
9818,Richard,Collier,brittany81@example.org,BE,2023-05-09
9819,Javier,Reyes,zpatel@example.org,ES,2025-10-26
9820,Janice,Murray,mitchellamanda@example.org,ES,2023-11-26
9821,Allison,Henson,marcusroach@example.org,FR,2025-02-16
9822,Kyle,Anderson,carriesimpson@example.org,ES,2024-05-27
9823,Tracy,Snyder,higginscolton@example.com,BE,2025-05-02
9824,Colleen,Johnson,cwalter@example.org,BE,2024-11-16
9825,David,Richardson,ianyoung@example.net,FR,2023-10-28
9826,Cindy,George,hobbsryan@example.com,FR,2024-02-20
9827,Danielle,Smith,epeck@example.org,BE,2023-09-12
9828,Justin,Miller,rachel18@example.org,ES,2023-04-23
9829,Paige,Collins,thompsonrichard@example.org,BE,2025-08-24
9830,Alicia,Owens,hclay@example.org,FR,2025-01-10
9831,Jon,Bullock,frances58@example.net,NL,2024-10-24
9832,Susan,Davis,felicia54@example.net,FR,2023-03-29
9833,Wayne,Graham,codygill@example.net,BE,2023-08-12
9834,Gene,Ball,paul62@example.org,BE,2023-06-26
9835,Rick,Ross,alicemartinez@example.org,ES,2025-10-15
9836,Holly,Oneal,christopher28@example.net,BE,2025-01-28
9837,Lee,Powell,jeanne54@example.net,NL,2025-11-10
9838,Valerie,Powers,lmontgomery@example.net,BE,2024-10-29
9839,Susan,Williams,humphreyteresa@example.org,DE,2025-03-16
9840,Cynthia,Gates,cohenjoshua@example.com,NL,2023-05-02
9841,Richard,Rojas,zbarnett@example.net,FR,2024-04-04
9842,Heather,Garcia,sanchezronald@example.net,FR,2024-10-27
9843,Meghan,Russell,gonzalezpatricia@example.org,BE,2025-01-04
9844,Cheryl,Brown,cynthia31@example.net,DE,2024-08-01
9845,Abigail,Long,kimberly56@example.net,FR,2023-04-14
9846,Eric,Wilkinson,erica38@example.com,ES,2025-03-21
9847,Christina,Nguyen,mmorgan@example.net,FR,2023-11-02
9848,Eric,Montgomery,ikane@example.com,DE,2024-07-21
9849,Carla,Turner,xbond@example.com,DE,2024-11-04
9850,Heather,Reed,andrea51@example.com,BE,2025-09-18
9851,Allison,Martin,crose@example.net,NL,2023-04-18
9852,Jeremy,Mcdaniel,gilbertmatthew@example.net,NL,2025-06-22
9853,Yvette,Turner,denise89@example.com,BE,2024-03-27
9854,Amy,Dennis,michaelgarcia@example.com,FR,2023-12-10
9855,Kim,Pham,kennethkelley@example.com,NL,2023-11-22
9856,Jonathan,Sanders,sdavis@example.org,FR,2025-09-25
9857,Mary,White,davenportlee@example.org,BE,2023-06-26
9858,Joshua,Evans,navarroteresa@example.net,DE,2026-01-10
9859,Mason,Patterson,jillshaw@example.net,DE,2025-06-04
9860,Joshua,Cowan,matthewcannon@example.com,ES,2023-04-14
9861,Kenneth,Mcclain,michaelthomas@example.com,ES,2024-12-20
9862,Nathan,Bennett,brian39@example.org,NL,2025-04-17
9863,Chelsey,Carter,curtismccall@example.net,DE,2024-08-22
9864,Timothy,Mcclain,valerieyoung@example.com,FR,2025-09-05
9865,Julie,Davenport,hcervantes@example.net,FR,2025-11-29
9866,William,Barber,sandra71@example.com,BE,2024-05-29
9867,Benjamin,Bradley,tnunez@example.org,ES,2026-01-19
9868,Karen,Prince,doylesabrina@example.org,DE,2024-06-19
9869,Kimberly,Jones,allisonjohnson@example.net,ES,2024-03-12
9870,Daniel,Glass,gweaver@example.net,DE,2025-06-17
9871,Angela,Manning,deanjamie@example.net,BE,2024-07-22
9872,Daniel,Gates,erica99@example.org,FR,2024-12-16
9873,Karen,Murray,allen02@example.net,DE,2026-01-29
9874,Cheyenne,Norman,jordanbrenda@example.com,DE,2024-03-06
9875,John,Lara,nortonkatherine@example.org,DE,2024-09-04
9876,Lindsey,Joseph,rwebb@example.org,NL,2025-05-10
9877,Scott,Hughes,eddie91@example.net,FR,2023-11-02
9878,Dawn,Taylor,hwang@example.com,ES,2024-04-09
9879,Stephanie,Mcguire,jrandolph@example.org,DE,2025-10-09
9880,Rachel,Davis,lisa14@example.org,DE,2024-11-01
9881,Christopher,Manning,austinrobles@example.net,BE,2024-01-07
9882,Yolanda,Ward,michael74@example.com,ES,2023-07-03
9883,Kylie,Adkins,danielmora@example.org,NL,2023-05-20
9884,Jim,Park,jill71@example.net,DE,2024-10-01
9885,Crystal,Howard,englishlaura@example.net,ES,2024-04-11
9886,Carolyn,Holmes,julie39@example.org,ES,2024-07-16
9887,Raymond,Nguyen,ngilmore@example.org,DE,2025-06-22
9888,Andrew,Rodriguez,elarsen@example.net,FR,2024-09-24
9889,Angel,Patton,meredithmills@example.org,BE,2025-10-01
9890,Gail,Perkins,taylorpaul@example.org,NL,2023-07-26
9891,Suzanne,Odonnell,perezfrances@example.org,ES,2025-11-29
9892,Alexis,Cisneros,spencerkristina@example.com,FR,2024-07-14
9893,James,Cook,denise53@example.com,FR,2023-10-05
9894,Michael,George,lisaparks@example.com,ES,2023-02-14
9895,Christine,Reese,davidscott@example.net,NL,2024-12-29
9896,Emily,Williamson,katrina20@example.net,BE,2023-03-12
9897,Mariah,Mendez,theresa24@example.org,BE,2024-12-14
9898,David,Mclean,summerstone@example.org,NL,2023-07-24
9899,John,Cross,blake78@example.com,BE,2024-03-27
9900,Jerry,Paul,thomaskenneth@example.com,FR,2025-07-19
9901,Karen,Salinas,ramirezstephanie@example.org,BE,2024-03-16
9902,Mikayla,Brown,tanyaburton@example.com,DE,2024-04-25
9903,Mark,Young,stephen76@example.org,FR,2024-11-13
9904,Gary,Osborne,carlsondaniel@example.org,ES,2023-09-20
9905,Scott,Taylor,jamesmeyer@example.org,BE,2023-08-24
9906,Hannah,Vazquez,jonesjulie@example.com,BE,2024-12-29
9907,Daniel,Burton,tara70@example.org,DE,2024-08-20
9908,Angela,Stone,nicoleschroeder@example.org,BE,2025-10-23
9909,Diana,Martinez,davisthomas@example.net,NL,2023-07-22
9910,Bridget,Craig,brianstrong@example.net,NL,2024-02-08
9911,Katherine,Thomas,nelsondeanna@example.com,ES,2024-02-02
9912,Katelyn,Burch,michaelvega@example.net,BE,2025-09-08
9913,Monica,Williamson,summer61@example.org,BE,2024-06-14
9914,Christina,Scott,nataliematthews@example.net,DE,2025-04-16
9915,Susan,Sanders,cruzjim@example.net,BE,2025-03-04
9916,Elizabeth,Velez,michele39@example.org,DE,2024-08-30
9917,Rebecca,Jimenez,tstone@example.com,BE,2025-08-18
9918,Maria,Adams,rogerslaura@example.com,NL,2025-11-27
9919,Ellen,Hahn,kkrause@example.org,NL,2023-05-24
9920,Laura,Li,erin51@example.org,DE,2024-12-28
9921,Judy,Sutton,nathan73@example.net,NL,2023-09-19
9922,William,Garcia,jhart@example.org,BE,2024-12-02
9923,Antonio,Gill,barnescaitlin@example.com,FR,2024-10-02
9924,Brittney,Best,sullivanjamie@example.org,ES,2025-10-04
9925,Angela,Martinez,hhayes@example.com,FR,2023-10-09
9926,Xavier,Payne,rosaleskevin@example.org,DE,2025-11-09
9927,Mary,Johnson,stacey91@example.net,ES,2023-08-02
9928,Cristian,Graham,kherman@example.com,ES,2026-01-21
9929,Hayley,Carroll,eday@example.org,DE,2024-01-20
9930,Pamela,Gill,pughlisa@example.org,NL,2024-11-10
9931,Anthony,Yang,hernandezcandace@example.com,FR,2025-08-19
9932,April,Ruiz,sayala@example.com,NL,2023-10-30
9933,Kimberly,Curry,scotthowell@example.com,NL,2023-04-28
9934,Susan,Larson,tammypatterson@example.org,NL,2024-09-20
9935,Terri,Edwards,tanyamitchell@example.com,NL,2024-05-25
9936,Amanda,Stein,martinezstephanie@example.org,BE,2025-09-22
9937,Mary,Johnson,lunalori@example.com,FR,2024-08-23
9938,Robert,Wilson,ijohns@example.org,ES,2023-03-25
9939,Kevin,Moran,alexisshea@example.net,NL,2024-07-11
9940,Toni,Garrett,tammy42@example.net,DE,2023-12-23
9941,Shelly,Herring,bruce90@example.com,DE,2023-12-05
9942,Amanda,Lucas,brittney48@example.org,NL,2025-10-16
9943,Antonio,Cook,rachel19@example.com,BE,2023-09-16
9944,Devin,Casey,awebb@example.com,BE,2023-08-19
9945,Katherine,Vasquez,morsejustin@example.net,ES,2024-10-22
9946,Melissa,Thomas,collinsdon@example.org,BE,2023-10-11
9947,Judy,Li,robertortega@example.net,NL,2024-07-02
9948,Julie,Robinson,mosesrachel@example.org,BE,2024-08-17
9949,Steven,Johnson,alfred98@example.com,ES,2025-01-29
9950,Scott,Daugherty,penasarah@example.net,DE,2024-10-23
9951,Sarah,Valentine,michael19@example.com,DE,2024-09-15
9952,Brian,Greene,michael74@example.org,DE,2025-08-09
9953,Wayne,Phillips,desiree16@example.com,DE,2025-01-03
9954,Steven,Guzman,laurenlee@example.org,BE,2023-07-03
9955,Emily,Dixon,ohardy@example.net,ES,2025-12-09
9956,Katherine,Clark,vmcintosh@example.com,DE,2025-08-04
9957,Corey,Reeves,gallegosjacob@example.org,ES,2024-06-30
9958,Michael,Williams,greenvictoria@example.org,FR,2023-06-25
9959,Raymond,Gibbs,jonathan89@example.org,NL,2024-12-20
9960,Kenneth,Gibson,fleminglisa@example.net,ES,2024-04-06
9961,Jennifer,Barrera,morganmichelle@example.net,DE,2024-08-15
9962,Timothy,Rivera,carlaochoa@example.com,DE,2025-02-27
9963,Francis,Weeks,anthony34@example.net,DE,2024-03-13
9964,Craig,Hopkins,panderson@example.com,FR,2024-07-31
9965,Jacob,Martinez,dawn38@example.org,DE,2024-11-30
9966,Amy,Lewis,shelley01@example.com,ES,2024-04-29
9967,Jared,Turner,beverlyrivera@example.com,FR,2025-06-28
9968,Jake,Chen,xmason@example.org,FR,2025-09-11
9969,Marilyn,Tucker,nwilson@example.org,NL,2023-10-27
9970,Jose,Arellano,robertrobinson@example.org,FR,2025-11-14
9971,Justin,Nelson,obrewer@example.net,NL,2024-04-03
9972,Annette,Robinson,marybailey@example.org,ES,2026-01-18
9973,Logan,Soto,susan33@example.org,NL,2025-03-04
9974,Jesse,Aguilar,john94@example.com,FR,2025-11-21
9975,James,Lewis,billycuevas@example.com,NL,2025-01-17
9976,Kimberly,Collins,dylan45@example.net,BE,2024-02-10
9977,Katherine,Ford,kellylopez@example.com,DE,2023-04-19
9978,Crystal,Ramsey,willie97@example.com,NL,2023-10-13
9979,Parker,Garcia,dennishall@example.com,DE,2023-02-07
9980,James,Vance,mitchell81@example.org,DE,2025-01-20
9981,George,Wade,pharris@example.org,FR,2024-11-02
9982,Steven,Hayden,tyler15@example.org,NL,2024-03-09
9983,Melinda,Richardson,schneiderheather@example.com,BE,2026-01-28
9984,Nicolas,Scott,kgarcia@example.net,DE,2023-06-03
9985,Lucas,Williamson,amber11@example.com,FR,2025-02-11
9986,Aaron,Watkins,prestondanielle@example.net,NL,2023-10-11
9987,Anthony,Calderon,shepardbrian@example.com,BE,2023-06-17
9988,Christopher,Brown,kwilson@example.org,ES,2023-12-28
9989,Sarah,Lynch,xcurry@example.net,BE,2023-07-09
9990,Michael,Jackson,eddie48@example.net,BE,2023-10-20
9991,Donald,Mcmillan,danielleschmitt@example.com,NL,2024-02-14
9992,Brandon,Sanchez,melissamitchell@example.com,BE,2025-03-15
9993,Thomas,Hill,valdezcory@example.org,DE,2023-10-13
9994,Robert,Curry,rebeccaflores@example.net,NL,2025-02-03
9995,Cynthia,Miller,sean33@example.org,DE,2024-07-14
9996,Dave,Clark,davidtucker@example.net,BE,2023-10-23
9997,Bianca,Schmidt,hmatthews@example.org,BE,2025-12-19
9998,Katherine,Weeks,mstewart@example.org,ES,2023-03-31
9999,Katherine,Allen,michaeljackson@example.net,FR,2024-05-29
10000,Kenneth,Jenkins,wgordon@example.net,FR,2023-11-20
